image_id,card,mask_path
aug_00000,b_3,project/training_data/training_masks/augmented_cards/aug_00000.png
aug_00001,b_2,project/training_data/training_masks/augmented_cards/aug_00001.png
aug_00002,g_3,project/training_data/training_masks/augmented_cards/aug_00002.png
aug_00003,r_3,project/training_data/training_masks/augmented_cards/aug_00003.png
aug_00004,g_2,project/training_data/training_masks/augmented_cards/aug_00004.png
aug_00005,g_1,project/training_data/training_masks/augmented_cards/aug_00005.png
aug_00006,b_1,project/training_data/training_masks/augmented_cards/aug_00006.png
aug_00007,r_2,project/training_data/training_masks/augmented_cards/aug_00007.png
aug_00008,y_3,project/training_data/training_masks/augmented_cards/aug_00008.png
aug_00009,r_1,project/training_data/training_masks/augmented_cards/aug_00009.png
aug_00010,y_2,project/training_data/training_masks/augmented_cards/aug_00010.png
aug_00011,y_1,project/training_data/training_masks/augmented_cards/aug_00011.png
aug_00012,g_6,project/training_data/training_masks/augmented_cards/aug_00012.png
aug_00013,g_5,project/training_data/training_masks/augmented_cards/aug_00013.png
aug_00014,b_5,project/training_data/training_masks/augmented_cards/aug_00014.png
aug_00015,b_6,project/training_data/training_masks/augmented_cards/aug_00015.png
aug_00016,r_6,project/training_data/training_masks/augmented_cards/aug_00016.png
aug_00017,b_4,project/training_data/training_masks/augmented_cards/aug_00017.png
aug_00018,g_4,project/training_data/training_masks/augmented_cards/aug_00018.png
aug_00019,r_5,project/training_data/training_masks/augmented_cards/aug_00019.png
aug_00020,r_4,project/training_data/training_masks/augmented_cards/aug_00020.png
aug_00021,y_6,project/training_data/training_masks/augmented_cards/aug_00021.png
aug_00022,y_4,project/training_data/training_masks/augmented_cards/aug_00022.png
aug_00023,y_5,project/training_data/training_masks/augmented_cards/aug_00023.png
aug_00024,b_9,project/training_data/training_masks/augmented_cards/aug_00024.png
aug_00025,g_7,project/training_data/training_masks/augmented_cards/aug_00025.png
aug_00026,r_9,project/training_data/training_masks/augmented_cards/aug_00026.png
aug_00027,r_8,project/training_data/training_masks/augmented_cards/aug_00027.png
aug_00028,b_7,project/training_data/training_masks/augmented_cards/aug_00028.png
aug_00029,wild,project/training_data/training_masks/augmented_cards/aug_00029.png
aug_00030,g_9,project/training_data/training_masks/augmented_cards/aug_00030.png
aug_00031,g_8,project/training_data/training_masks/augmented_cards/aug_00031.png
aug_00032,b_8,project/training_data/training_masks/augmented_cards/aug_00032.png
aug_00033,draw_4,project/training_data/training_masks/augmented_cards/aug_00033.png
aug_00034,r_7,project/training_data/training_masks/augmented_cards/aug_00034.png
aug_00035,y_9,project/training_data/training_masks/augmented_cards/aug_00035.png
aug_00036,y_7,project/training_data/training_masks/augmented_cards/aug_00036.png
aug_00037,y_8,project/training_data/training_masks/augmented_cards/aug_00037.png
aug_00038,g_skip,project/training_data/training_masks/augmented_cards/aug_00038.png
aug_00039,g_reverse,project/training_data/training_masks/augmented_cards/aug_00039.png
aug_00040,b_reverse,project/training_data/training_masks/augmented_cards/aug_00040.png
aug_00041,b_0,project/training_data/training_masks/augmented_cards/aug_00041.png
aug_00042,b_skip,project/training_data/training_masks/augmented_cards/aug_00042.png
aug_00043,r_skip,project/training_data/training_masks/augmented_cards/aug_00043.png
aug_00044,g_0,project/training_data/training_masks/augmented_cards/aug_00044.png
aug_00045,r_reverse,project/training_data/training_masks/augmented_cards/aug_00045.png
aug_00046,r_0,project/training_data/training_masks/augmented_cards/aug_00046.png
aug_00047,b_draw_2,project/training_data/training_masks/augmented_cards/aug_00047.png
aug_00048,r_draw_2,project/training_data/training_masks/augmented_cards/aug_00048.png
aug_00049,y_skip,project/training_data/training_masks/augmented_cards/aug_00049.png
aug_00050,y_reverse,project/training_data/training_masks/augmented_cards/aug_00050.png
aug_00051,y_0,project/training_data/training_masks/augmented_cards/aug_00051.png
aug_00052,g_draw_2,project/training_data/training_masks/augmented_cards/aug_00052.png
aug_00053,y_draw_2,project/training_data/training_masks/augmented_cards/aug_00053.png
aug_00054,b_3,project/training_data/training_masks/augmented_cards/aug_00054.png
aug_00055,b_2,project/training_data/training_masks/augmented_cards/aug_00055.png
aug_00056,g_3,project/training_data/training_masks/augmented_cards/aug_00056.png
aug_00057,r_3,project/training_data/training_masks/augmented_cards/aug_00057.png
aug_00058,g_2,project/training_data/training_masks/augmented_cards/aug_00058.png
aug_00059,g_1,project/training_data/training_masks/augmented_cards/aug_00059.png
aug_00060,b_1,project/training_data/training_masks/augmented_cards/aug_00060.png
aug_00061,r_2,project/training_data/training_masks/augmented_cards/aug_00061.png
aug_00062,y_3,project/training_data/training_masks/augmented_cards/aug_00062.png
aug_00063,r_1,project/training_data/training_masks/augmented_cards/aug_00063.png
aug_00064,y_2,project/training_data/training_masks/augmented_cards/aug_00064.png
aug_00065,y_1,project/training_data/training_masks/augmented_cards/aug_00065.png
aug_00066,g_6,project/training_data/training_masks/augmented_cards/aug_00066.png
aug_00067,g_5,project/training_data/training_masks/augmented_cards/aug_00067.png
aug_00068,b_5,project/training_data/training_masks/augmented_cards/aug_00068.png
aug_00069,b_6,project/training_data/training_masks/augmented_cards/aug_00069.png
aug_00070,r_6,project/training_data/training_masks/augmented_cards/aug_00070.png
aug_00071,b_4,project/training_data/training_masks/augmented_cards/aug_00071.png
aug_00072,g_4,project/training_data/training_masks/augmented_cards/aug_00072.png
aug_00073,r_5,project/training_data/training_masks/augmented_cards/aug_00073.png
aug_00074,r_4,project/training_data/training_masks/augmented_cards/aug_00074.png
aug_00075,y_6,project/training_data/training_masks/augmented_cards/aug_00075.png
aug_00076,y_4,project/training_data/training_masks/augmented_cards/aug_00076.png
aug_00077,y_5,project/training_data/training_masks/augmented_cards/aug_00077.png
aug_00078,b_9,project/training_data/training_masks/augmented_cards/aug_00078.png
aug_00079,g_7,project/training_data/training_masks/augmented_cards/aug_00079.png
aug_00080,r_9,project/training_data/training_masks/augmented_cards/aug_00080.png
aug_00081,r_8,project/training_data/training_masks/augmented_cards/aug_00081.png
aug_00082,b_7,project/training_data/training_masks/augmented_cards/aug_00082.png
aug_00083,wild,project/training_data/training_masks/augmented_cards/aug_00083.png
aug_00084,g_9,project/training_data/training_masks/augmented_cards/aug_00084.png
aug_00085,g_8,project/training_data/training_masks/augmented_cards/aug_00085.png
aug_00086,b_8,project/training_data/training_masks/augmented_cards/aug_00086.png
aug_00087,draw_4,project/training_data/training_masks/augmented_cards/aug_00087.png
aug_00088,r_7,project/training_data/training_masks/augmented_cards/aug_00088.png
aug_00089,y_9,project/training_data/training_masks/augmented_cards/aug_00089.png
aug_00090,y_7,project/training_data/training_masks/augmented_cards/aug_00090.png
aug_00091,y_8,project/training_data/training_masks/augmented_cards/aug_00091.png
aug_00092,g_skip,project/training_data/training_masks/augmented_cards/aug_00092.png
aug_00093,g_reverse,project/training_data/training_masks/augmented_cards/aug_00093.png
aug_00094,b_reverse,project/training_data/training_masks/augmented_cards/aug_00094.png
aug_00095,b_0,project/training_data/training_masks/augmented_cards/aug_00095.png
aug_00096,b_skip,project/training_data/training_masks/augmented_cards/aug_00096.png
aug_00097,r_skip,project/training_data/training_masks/augmented_cards/aug_00097.png
aug_00098,g_0,project/training_data/training_masks/augmented_cards/aug_00098.png
aug_00099,r_reverse,project/training_data/training_masks/augmented_cards/aug_00099.png
aug_00100,r_0,project/training_data/training_masks/augmented_cards/aug_00100.png
aug_00101,b_draw_2,project/training_data/training_masks/augmented_cards/aug_00101.png
aug_00102,r_draw_2,project/training_data/training_masks/augmented_cards/aug_00102.png
aug_00103,y_skip,project/training_data/training_masks/augmented_cards/aug_00103.png
aug_00104,y_reverse,project/training_data/training_masks/augmented_cards/aug_00104.png
aug_00105,y_0,project/training_data/training_masks/augmented_cards/aug_00105.png
aug_00106,g_draw_2,project/training_data/training_masks/augmented_cards/aug_00106.png
aug_00107,y_draw_2,project/training_data/training_masks/augmented_cards/aug_00107.png
aug_00108,b_3,project/training_data/training_masks/augmented_cards/aug_00108.png
aug_00109,b_2,project/training_data/training_masks/augmented_cards/aug_00109.png
aug_00110,g_3,project/training_data/training_masks/augmented_cards/aug_00110.png
aug_00111,r_3,project/training_data/training_masks/augmented_cards/aug_00111.png
aug_00112,g_2,project/training_data/training_masks/augmented_cards/aug_00112.png
aug_00113,g_1,project/training_data/training_masks/augmented_cards/aug_00113.png
aug_00114,b_1,project/training_data/training_masks/augmented_cards/aug_00114.png
aug_00115,r_2,project/training_data/training_masks/augmented_cards/aug_00115.png
aug_00116,y_3,project/training_data/training_masks/augmented_cards/aug_00116.png
aug_00117,r_1,project/training_data/training_masks/augmented_cards/aug_00117.png
aug_00118,y_2,project/training_data/training_masks/augmented_cards/aug_00118.png
aug_00119,y_1,project/training_data/training_masks/augmented_cards/aug_00119.png
aug_00120,g_6,project/training_data/training_masks/augmented_cards/aug_00120.png
aug_00121,g_5,project/training_data/training_masks/augmented_cards/aug_00121.png
aug_00122,b_5,project/training_data/training_masks/augmented_cards/aug_00122.png
aug_00123,b_6,project/training_data/training_masks/augmented_cards/aug_00123.png
aug_00124,r_6,project/training_data/training_masks/augmented_cards/aug_00124.png
aug_00125,b_4,project/training_data/training_masks/augmented_cards/aug_00125.png
aug_00126,g_4,project/training_data/training_masks/augmented_cards/aug_00126.png
aug_00127,r_5,project/training_data/training_masks/augmented_cards/aug_00127.png
aug_00128,r_4,project/training_data/training_masks/augmented_cards/aug_00128.png
aug_00129,y_6,project/training_data/training_masks/augmented_cards/aug_00129.png
aug_00130,y_4,project/training_data/training_masks/augmented_cards/aug_00130.png
aug_00131,y_5,project/training_data/training_masks/augmented_cards/aug_00131.png
aug_00132,b_9,project/training_data/training_masks/augmented_cards/aug_00132.png
aug_00133,g_7,project/training_data/training_masks/augmented_cards/aug_00133.png
aug_00134,r_9,project/training_data/training_masks/augmented_cards/aug_00134.png
aug_00135,r_8,project/training_data/training_masks/augmented_cards/aug_00135.png
aug_00136,b_7,project/training_data/training_masks/augmented_cards/aug_00136.png
aug_00137,wild,project/training_data/training_masks/augmented_cards/aug_00137.png
aug_00138,g_9,project/training_data/training_masks/augmented_cards/aug_00138.png
aug_00139,g_8,project/training_data/training_masks/augmented_cards/aug_00139.png
aug_00140,b_8,project/training_data/training_masks/augmented_cards/aug_00140.png
aug_00141,draw_4,project/training_data/training_masks/augmented_cards/aug_00141.png
aug_00142,r_7,project/training_data/training_masks/augmented_cards/aug_00142.png
aug_00143,y_9,project/training_data/training_masks/augmented_cards/aug_00143.png
aug_00144,y_7,project/training_data/training_masks/augmented_cards/aug_00144.png
aug_00145,y_8,project/training_data/training_masks/augmented_cards/aug_00145.png
aug_00146,g_skip,project/training_data/training_masks/augmented_cards/aug_00146.png
aug_00147,g_reverse,project/training_data/training_masks/augmented_cards/aug_00147.png
aug_00148,b_reverse,project/training_data/training_masks/augmented_cards/aug_00148.png
aug_00149,b_0,project/training_data/training_masks/augmented_cards/aug_00149.png
aug_00150,b_skip,project/training_data/training_masks/augmented_cards/aug_00150.png
aug_00151,r_skip,project/training_data/training_masks/augmented_cards/aug_00151.png
aug_00152,g_0,project/training_data/training_masks/augmented_cards/aug_00152.png
aug_00153,r_reverse,project/training_data/training_masks/augmented_cards/aug_00153.png
aug_00154,r_0,project/training_data/training_masks/augmented_cards/aug_00154.png
aug_00155,b_draw_2,project/training_data/training_masks/augmented_cards/aug_00155.png
aug_00156,r_draw_2,project/training_data/training_masks/augmented_cards/aug_00156.png
aug_00157,y_skip,project/training_data/training_masks/augmented_cards/aug_00157.png
aug_00158,y_reverse,project/training_data/training_masks/augmented_cards/aug_00158.png
aug_00159,y_0,project/training_data/training_masks/augmented_cards/aug_00159.png
aug_00160,g_draw_2,project/training_data/training_masks/augmented_cards/aug_00160.png
aug_00161,y_draw_2,project/training_data/training_masks/augmented_cards/aug_00161.png
aug_00162,b_3,project/training_data/training_masks/augmented_cards/aug_00162.png
aug_00163,b_2,project/training_data/training_masks/augmented_cards/aug_00163.png
aug_00164,g_3,project/training_data/training_masks/augmented_cards/aug_00164.png
aug_00165,r_3,project/training_data/training_masks/augmented_cards/aug_00165.png
aug_00166,g_2,project/training_data/training_masks/augmented_cards/aug_00166.png
aug_00167,g_1,project/training_data/training_masks/augmented_cards/aug_00167.png
aug_00168,b_1,project/training_data/training_masks/augmented_cards/aug_00168.png
aug_00169,r_2,project/training_data/training_masks/augmented_cards/aug_00169.png
aug_00170,y_3,project/training_data/training_masks/augmented_cards/aug_00170.png
aug_00171,r_1,project/training_data/training_masks/augmented_cards/aug_00171.png
aug_00172,y_2,project/training_data/training_masks/augmented_cards/aug_00172.png
aug_00173,y_1,project/training_data/training_masks/augmented_cards/aug_00173.png
aug_00174,g_6,project/training_data/training_masks/augmented_cards/aug_00174.png
aug_00175,g_5,project/training_data/training_masks/augmented_cards/aug_00175.png
aug_00176,b_5,project/training_data/training_masks/augmented_cards/aug_00176.png
aug_00177,b_6,project/training_data/training_masks/augmented_cards/aug_00177.png
aug_00178,r_6,project/training_data/training_masks/augmented_cards/aug_00178.png
aug_00179,b_4,project/training_data/training_masks/augmented_cards/aug_00179.png
aug_00180,g_4,project/training_data/training_masks/augmented_cards/aug_00180.png
aug_00181,r_5,project/training_data/training_masks/augmented_cards/aug_00181.png
aug_00182,r_4,project/training_data/training_masks/augmented_cards/aug_00182.png
aug_00183,y_6,project/training_data/training_masks/augmented_cards/aug_00183.png
aug_00184,y_4,project/training_data/training_masks/augmented_cards/aug_00184.png
aug_00185,y_5,project/training_data/training_masks/augmented_cards/aug_00185.png
aug_00186,b_9,project/training_data/training_masks/augmented_cards/aug_00186.png
aug_00187,g_7,project/training_data/training_masks/augmented_cards/aug_00187.png
aug_00188,r_9,project/training_data/training_masks/augmented_cards/aug_00188.png
aug_00189,r_8,project/training_data/training_masks/augmented_cards/aug_00189.png
aug_00190,b_7,project/training_data/training_masks/augmented_cards/aug_00190.png
aug_00191,wild,project/training_data/training_masks/augmented_cards/aug_00191.png
aug_00192,g_9,project/training_data/training_masks/augmented_cards/aug_00192.png
aug_00193,g_8,project/training_data/training_masks/augmented_cards/aug_00193.png
aug_00194,b_8,project/training_data/training_masks/augmented_cards/aug_00194.png
aug_00195,draw_4,project/training_data/training_masks/augmented_cards/aug_00195.png
aug_00196,r_7,project/training_data/training_masks/augmented_cards/aug_00196.png
aug_00197,y_9,project/training_data/training_masks/augmented_cards/aug_00197.png
aug_00198,y_7,project/training_data/training_masks/augmented_cards/aug_00198.png
aug_00199,y_8,project/training_data/training_masks/augmented_cards/aug_00199.png
aug_00200,g_skip,project/training_data/training_masks/augmented_cards/aug_00200.png
aug_00201,g_reverse,project/training_data/training_masks/augmented_cards/aug_00201.png
aug_00202,b_reverse,project/training_data/training_masks/augmented_cards/aug_00202.png
aug_00203,b_0,project/training_data/training_masks/augmented_cards/aug_00203.png
aug_00204,b_skip,project/training_data/training_masks/augmented_cards/aug_00204.png
aug_00205,r_skip,project/training_data/training_masks/augmented_cards/aug_00205.png
aug_00206,g_0,project/training_data/training_masks/augmented_cards/aug_00206.png
aug_00207,r_reverse,project/training_data/training_masks/augmented_cards/aug_00207.png
aug_00208,r_0,project/training_data/training_masks/augmented_cards/aug_00208.png
aug_00209,b_draw_2,project/training_data/training_masks/augmented_cards/aug_00209.png
aug_00210,r_draw_2,project/training_data/training_masks/augmented_cards/aug_00210.png
aug_00211,y_skip,project/training_data/training_masks/augmented_cards/aug_00211.png
aug_00212,y_reverse,project/training_data/training_masks/augmented_cards/aug_00212.png
aug_00213,y_0,project/training_data/training_masks/augmented_cards/aug_00213.png
aug_00214,g_draw_2,project/training_data/training_masks/augmented_cards/aug_00214.png
aug_00215,y_draw_2,project/training_data/training_masks/augmented_cards/aug_00215.png
aug_00216,b_3,project/training_data/training_masks/augmented_cards/aug_00216.png
aug_00217,b_2,project/training_data/training_masks/augmented_cards/aug_00217.png
aug_00218,g_3,project/training_data/training_masks/augmented_cards/aug_00218.png
aug_00219,r_3,project/training_data/training_masks/augmented_cards/aug_00219.png
aug_00220,g_2,project/training_data/training_masks/augmented_cards/aug_00220.png
aug_00221,g_1,project/training_data/training_masks/augmented_cards/aug_00221.png
aug_00222,b_1,project/training_data/training_masks/augmented_cards/aug_00222.png
aug_00223,r_2,project/training_data/training_masks/augmented_cards/aug_00223.png
aug_00224,y_3,project/training_data/training_masks/augmented_cards/aug_00224.png
aug_00225,r_1,project/training_data/training_masks/augmented_cards/aug_00225.png
aug_00226,y_2,project/training_data/training_masks/augmented_cards/aug_00226.png
aug_00227,y_1,project/training_data/training_masks/augmented_cards/aug_00227.png
aug_00228,g_6,project/training_data/training_masks/augmented_cards/aug_00228.png
aug_00229,g_5,project/training_data/training_masks/augmented_cards/aug_00229.png
aug_00230,b_5,project/training_data/training_masks/augmented_cards/aug_00230.png
aug_00231,b_6,project/training_data/training_masks/augmented_cards/aug_00231.png
aug_00232,r_6,project/training_data/training_masks/augmented_cards/aug_00232.png
aug_00233,b_4,project/training_data/training_masks/augmented_cards/aug_00233.png
aug_00234,g_4,project/training_data/training_masks/augmented_cards/aug_00234.png
aug_00235,r_5,project/training_data/training_masks/augmented_cards/aug_00235.png
aug_00236,r_4,project/training_data/training_masks/augmented_cards/aug_00236.png
aug_00237,y_6,project/training_data/training_masks/augmented_cards/aug_00237.png
aug_00238,y_4,project/training_data/training_masks/augmented_cards/aug_00238.png
aug_00239,y_5,project/training_data/training_masks/augmented_cards/aug_00239.png
aug_00240,b_9,project/training_data/training_masks/augmented_cards/aug_00240.png
aug_00241,g_7,project/training_data/training_masks/augmented_cards/aug_00241.png
aug_00242,r_9,project/training_data/training_masks/augmented_cards/aug_00242.png
aug_00243,r_8,project/training_data/training_masks/augmented_cards/aug_00243.png
aug_00244,b_7,project/training_data/training_masks/augmented_cards/aug_00244.png
aug_00245,wild,project/training_data/training_masks/augmented_cards/aug_00245.png
aug_00246,g_9,project/training_data/training_masks/augmented_cards/aug_00246.png
aug_00247,g_8,project/training_data/training_masks/augmented_cards/aug_00247.png
aug_00248,b_8,project/training_data/training_masks/augmented_cards/aug_00248.png
aug_00249,draw_4,project/training_data/training_masks/augmented_cards/aug_00249.png
aug_00250,r_7,project/training_data/training_masks/augmented_cards/aug_00250.png
aug_00251,y_9,project/training_data/training_masks/augmented_cards/aug_00251.png
aug_00252,y_7,project/training_data/training_masks/augmented_cards/aug_00252.png
aug_00253,y_8,project/training_data/training_masks/augmented_cards/aug_00253.png
aug_00254,g_skip,project/training_data/training_masks/augmented_cards/aug_00254.png
aug_00255,g_reverse,project/training_data/training_masks/augmented_cards/aug_00255.png
aug_00256,b_reverse,project/training_data/training_masks/augmented_cards/aug_00256.png
aug_00257,b_0,project/training_data/training_masks/augmented_cards/aug_00257.png
aug_00258,b_skip,project/training_data/training_masks/augmented_cards/aug_00258.png
aug_00259,r_skip,project/training_data/training_masks/augmented_cards/aug_00259.png
aug_00260,g_0,project/training_data/training_masks/augmented_cards/aug_00260.png
aug_00261,r_reverse,project/training_data/training_masks/augmented_cards/aug_00261.png
aug_00262,r_0,project/training_data/training_masks/augmented_cards/aug_00262.png
aug_00263,b_draw_2,project/training_data/training_masks/augmented_cards/aug_00263.png
aug_00264,r_draw_2,project/training_data/training_masks/augmented_cards/aug_00264.png
aug_00265,y_skip,project/training_data/training_masks/augmented_cards/aug_00265.png
aug_00266,y_reverse,project/training_data/training_masks/augmented_cards/aug_00266.png
aug_00267,y_0,project/training_data/training_masks/augmented_cards/aug_00267.png
aug_00268,g_draw_2,project/training_data/training_masks/augmented_cards/aug_00268.png
aug_00269,y_draw_2,project/training_data/training_masks/augmented_cards/aug_00269.png
aug_00270,b_3,project/training_data/training_masks/augmented_cards/aug_00270.png
aug_00271,b_2,project/training_data/training_masks/augmented_cards/aug_00271.png
aug_00272,g_3,project/training_data/training_masks/augmented_cards/aug_00272.png
aug_00273,r_3,project/training_data/training_masks/augmented_cards/aug_00273.png
aug_00274,g_2,project/training_data/training_masks/augmented_cards/aug_00274.png
aug_00275,g_1,project/training_data/training_masks/augmented_cards/aug_00275.png
aug_00276,b_1,project/training_data/training_masks/augmented_cards/aug_00276.png
aug_00277,r_2,project/training_data/training_masks/augmented_cards/aug_00277.png
aug_00278,y_3,project/training_data/training_masks/augmented_cards/aug_00278.png
aug_00279,r_1,project/training_data/training_masks/augmented_cards/aug_00279.png
aug_00280,y_2,project/training_data/training_masks/augmented_cards/aug_00280.png
aug_00281,y_1,project/training_data/training_masks/augmented_cards/aug_00281.png
aug_00282,g_6,project/training_data/training_masks/augmented_cards/aug_00282.png
aug_00283,g_5,project/training_data/training_masks/augmented_cards/aug_00283.png
aug_00284,b_5,project/training_data/training_masks/augmented_cards/aug_00284.png
aug_00285,b_6,project/training_data/training_masks/augmented_cards/aug_00285.png
aug_00286,r_6,project/training_data/training_masks/augmented_cards/aug_00286.png
aug_00287,b_4,project/training_data/training_masks/augmented_cards/aug_00287.png
aug_00288,g_4,project/training_data/training_masks/augmented_cards/aug_00288.png
aug_00289,r_5,project/training_data/training_masks/augmented_cards/aug_00289.png
aug_00290,r_4,project/training_data/training_masks/augmented_cards/aug_00290.png
aug_00291,y_6,project/training_data/training_masks/augmented_cards/aug_00291.png
aug_00292,y_4,project/training_data/training_masks/augmented_cards/aug_00292.png
aug_00293,y_5,project/training_data/training_masks/augmented_cards/aug_00293.png
aug_00294,b_9,project/training_data/training_masks/augmented_cards/aug_00294.png
aug_00295,g_7,project/training_data/training_masks/augmented_cards/aug_00295.png
aug_00296,r_9,project/training_data/training_masks/augmented_cards/aug_00296.png
aug_00297,r_8,project/training_data/training_masks/augmented_cards/aug_00297.png
aug_00298,b_7,project/training_data/training_masks/augmented_cards/aug_00298.png
aug_00299,wild,project/training_data/training_masks/augmented_cards/aug_00299.png
aug_00300,g_9,project/training_data/training_masks/augmented_cards/aug_00300.png
aug_00301,g_8,project/training_data/training_masks/augmented_cards/aug_00301.png
aug_00302,b_8,project/training_data/training_masks/augmented_cards/aug_00302.png
aug_00303,draw_4,project/training_data/training_masks/augmented_cards/aug_00303.png
aug_00304,r_7,project/training_data/training_masks/augmented_cards/aug_00304.png
aug_00305,y_9,project/training_data/training_masks/augmented_cards/aug_00305.png
aug_00306,y_7,project/training_data/training_masks/augmented_cards/aug_00306.png
aug_00307,y_8,project/training_data/training_masks/augmented_cards/aug_00307.png
aug_00308,g_skip,project/training_data/training_masks/augmented_cards/aug_00308.png
aug_00309,g_reverse,project/training_data/training_masks/augmented_cards/aug_00309.png
aug_00310,b_reverse,project/training_data/training_masks/augmented_cards/aug_00310.png
aug_00311,b_0,project/training_data/training_masks/augmented_cards/aug_00311.png
aug_00312,b_skip,project/training_data/training_masks/augmented_cards/aug_00312.png
aug_00313,r_skip,project/training_data/training_masks/augmented_cards/aug_00313.png
aug_00314,g_0,project/training_data/training_masks/augmented_cards/aug_00314.png
aug_00315,r_reverse,project/training_data/training_masks/augmented_cards/aug_00315.png
aug_00316,r_0,project/training_data/training_masks/augmented_cards/aug_00316.png
aug_00317,b_draw_2,project/training_data/training_masks/augmented_cards/aug_00317.png
aug_00318,r_draw_2,project/training_data/training_masks/augmented_cards/aug_00318.png
aug_00319,y_skip,project/training_data/training_masks/augmented_cards/aug_00319.png
aug_00320,y_reverse,project/training_data/training_masks/augmented_cards/aug_00320.png
aug_00321,y_0,project/training_data/training_masks/augmented_cards/aug_00321.png
aug_00322,g_draw_2,project/training_data/training_masks/augmented_cards/aug_00322.png
aug_00323,y_draw_2,project/training_data/training_masks/augmented_cards/aug_00323.png
aug_00324,b_3,project/training_data/training_masks/augmented_cards/aug_00324.png
aug_00325,b_2,project/training_data/training_masks/augmented_cards/aug_00325.png
aug_00326,g_3,project/training_data/training_masks/augmented_cards/aug_00326.png
aug_00327,r_3,project/training_data/training_masks/augmented_cards/aug_00327.png
aug_00328,g_2,project/training_data/training_masks/augmented_cards/aug_00328.png
aug_00329,g_1,project/training_data/training_masks/augmented_cards/aug_00329.png
aug_00330,b_1,project/training_data/training_masks/augmented_cards/aug_00330.png
aug_00331,r_2,project/training_data/training_masks/augmented_cards/aug_00331.png
aug_00332,y_3,project/training_data/training_masks/augmented_cards/aug_00332.png
aug_00333,r_1,project/training_data/training_masks/augmented_cards/aug_00333.png
aug_00334,y_2,project/training_data/training_masks/augmented_cards/aug_00334.png
aug_00335,y_1,project/training_data/training_masks/augmented_cards/aug_00335.png
aug_00336,g_6,project/training_data/training_masks/augmented_cards/aug_00336.png
aug_00337,g_5,project/training_data/training_masks/augmented_cards/aug_00337.png
aug_00338,b_5,project/training_data/training_masks/augmented_cards/aug_00338.png
aug_00339,b_6,project/training_data/training_masks/augmented_cards/aug_00339.png
aug_00340,r_6,project/training_data/training_masks/augmented_cards/aug_00340.png
aug_00341,b_4,project/training_data/training_masks/augmented_cards/aug_00341.png
aug_00342,g_4,project/training_data/training_masks/augmented_cards/aug_00342.png
aug_00343,r_5,project/training_data/training_masks/augmented_cards/aug_00343.png
aug_00344,r_4,project/training_data/training_masks/augmented_cards/aug_00344.png
aug_00345,y_6,project/training_data/training_masks/augmented_cards/aug_00345.png
aug_00346,y_4,project/training_data/training_masks/augmented_cards/aug_00346.png
aug_00347,y_5,project/training_data/training_masks/augmented_cards/aug_00347.png
aug_00348,b_9,project/training_data/training_masks/augmented_cards/aug_00348.png
aug_00349,g_7,project/training_data/training_masks/augmented_cards/aug_00349.png
aug_00350,r_9,project/training_data/training_masks/augmented_cards/aug_00350.png
aug_00351,r_8,project/training_data/training_masks/augmented_cards/aug_00351.png
aug_00352,b_7,project/training_data/training_masks/augmented_cards/aug_00352.png
aug_00353,wild,project/training_data/training_masks/augmented_cards/aug_00353.png
aug_00354,g_9,project/training_data/training_masks/augmented_cards/aug_00354.png
aug_00355,g_8,project/training_data/training_masks/augmented_cards/aug_00355.png
aug_00356,b_8,project/training_data/training_masks/augmented_cards/aug_00356.png
aug_00357,draw_4,project/training_data/training_masks/augmented_cards/aug_00357.png
aug_00358,r_7,project/training_data/training_masks/augmented_cards/aug_00358.png
aug_00359,y_9,project/training_data/training_masks/augmented_cards/aug_00359.png
aug_00360,y_7,project/training_data/training_masks/augmented_cards/aug_00360.png
aug_00361,y_8,project/training_data/training_masks/augmented_cards/aug_00361.png
aug_00362,g_skip,project/training_data/training_masks/augmented_cards/aug_00362.png
aug_00363,g_reverse,project/training_data/training_masks/augmented_cards/aug_00363.png
aug_00364,b_reverse,project/training_data/training_masks/augmented_cards/aug_00364.png
aug_00365,b_0,project/training_data/training_masks/augmented_cards/aug_00365.png
aug_00366,b_skip,project/training_data/training_masks/augmented_cards/aug_00366.png
aug_00367,r_skip,project/training_data/training_masks/augmented_cards/aug_00367.png
aug_00368,g_0,project/training_data/training_masks/augmented_cards/aug_00368.png
aug_00369,r_reverse,project/training_data/training_masks/augmented_cards/aug_00369.png
aug_00370,r_0,project/training_data/training_masks/augmented_cards/aug_00370.png
aug_00371,b_draw_2,project/training_data/training_masks/augmented_cards/aug_00371.png
aug_00372,r_draw_2,project/training_data/training_masks/augmented_cards/aug_00372.png
aug_00373,y_skip,project/training_data/training_masks/augmented_cards/aug_00373.png
aug_00374,y_reverse,project/training_data/training_masks/augmented_cards/aug_00374.png
aug_00375,y_0,project/training_data/training_masks/augmented_cards/aug_00375.png
aug_00376,g_draw_2,project/training_data/training_masks/augmented_cards/aug_00376.png
aug_00377,y_draw_2,project/training_data/training_masks/augmented_cards/aug_00377.png
aug_00378,b_3,project/training_data/training_masks/augmented_cards/aug_00378.png
aug_00379,b_2,project/training_data/training_masks/augmented_cards/aug_00379.png
aug_00380,g_3,project/training_data/training_masks/augmented_cards/aug_00380.png
aug_00381,r_3,project/training_data/training_masks/augmented_cards/aug_00381.png
aug_00382,g_2,project/training_data/training_masks/augmented_cards/aug_00382.png
aug_00383,g_1,project/training_data/training_masks/augmented_cards/aug_00383.png
aug_00384,b_1,project/training_data/training_masks/augmented_cards/aug_00384.png
aug_00385,r_2,project/training_data/training_masks/augmented_cards/aug_00385.png
aug_00386,y_3,project/training_data/training_masks/augmented_cards/aug_00386.png
aug_00387,r_1,project/training_data/training_masks/augmented_cards/aug_00387.png
aug_00388,y_2,project/training_data/training_masks/augmented_cards/aug_00388.png
aug_00389,y_1,project/training_data/training_masks/augmented_cards/aug_00389.png
aug_00390,g_6,project/training_data/training_masks/augmented_cards/aug_00390.png
aug_00391,g_5,project/training_data/training_masks/augmented_cards/aug_00391.png
aug_00392,b_5,project/training_data/training_masks/augmented_cards/aug_00392.png
aug_00393,b_6,project/training_data/training_masks/augmented_cards/aug_00393.png
aug_00394,r_6,project/training_data/training_masks/augmented_cards/aug_00394.png
aug_00395,b_4,project/training_data/training_masks/augmented_cards/aug_00395.png
aug_00396,g_4,project/training_data/training_masks/augmented_cards/aug_00396.png
aug_00397,r_5,project/training_data/training_masks/augmented_cards/aug_00397.png
aug_00398,r_4,project/training_data/training_masks/augmented_cards/aug_00398.png
aug_00399,y_6,project/training_data/training_masks/augmented_cards/aug_00399.png
aug_00400,y_4,project/training_data/training_masks/augmented_cards/aug_00400.png
aug_00401,y_5,project/training_data/training_masks/augmented_cards/aug_00401.png
aug_00402,b_9,project/training_data/training_masks/augmented_cards/aug_00402.png
aug_00403,g_7,project/training_data/training_masks/augmented_cards/aug_00403.png
aug_00404,r_9,project/training_data/training_masks/augmented_cards/aug_00404.png
aug_00405,r_8,project/training_data/training_masks/augmented_cards/aug_00405.png
aug_00406,b_7,project/training_data/training_masks/augmented_cards/aug_00406.png
aug_00407,wild,project/training_data/training_masks/augmented_cards/aug_00407.png
aug_00408,g_9,project/training_data/training_masks/augmented_cards/aug_00408.png
aug_00409,g_8,project/training_data/training_masks/augmented_cards/aug_00409.png
aug_00410,b_8,project/training_data/training_masks/augmented_cards/aug_00410.png
aug_00411,draw_4,project/training_data/training_masks/augmented_cards/aug_00411.png
aug_00412,r_7,project/training_data/training_masks/augmented_cards/aug_00412.png
aug_00413,y_9,project/training_data/training_masks/augmented_cards/aug_00413.png
aug_00414,y_7,project/training_data/training_masks/augmented_cards/aug_00414.png
aug_00415,y_8,project/training_data/training_masks/augmented_cards/aug_00415.png
aug_00416,g_skip,project/training_data/training_masks/augmented_cards/aug_00416.png
aug_00417,g_reverse,project/training_data/training_masks/augmented_cards/aug_00417.png
aug_00418,b_reverse,project/training_data/training_masks/augmented_cards/aug_00418.png
aug_00419,b_0,project/training_data/training_masks/augmented_cards/aug_00419.png
aug_00420,b_skip,project/training_data/training_masks/augmented_cards/aug_00420.png
aug_00421,r_skip,project/training_data/training_masks/augmented_cards/aug_00421.png
aug_00422,g_0,project/training_data/training_masks/augmented_cards/aug_00422.png
aug_00423,r_reverse,project/training_data/training_masks/augmented_cards/aug_00423.png
aug_00424,r_0,project/training_data/training_masks/augmented_cards/aug_00424.png
aug_00425,b_draw_2,project/training_data/training_masks/augmented_cards/aug_00425.png
aug_00426,r_draw_2,project/training_data/training_masks/augmented_cards/aug_00426.png
aug_00427,y_skip,project/training_data/training_masks/augmented_cards/aug_00427.png
aug_00428,y_reverse,project/training_data/training_masks/augmented_cards/aug_00428.png
aug_00429,y_0,project/training_data/training_masks/augmented_cards/aug_00429.png
aug_00430,g_draw_2,project/training_data/training_masks/augmented_cards/aug_00430.png
aug_00431,y_draw_2,project/training_data/training_masks/augmented_cards/aug_00431.png
aug_00432,b_3,project/training_data/training_masks/augmented_cards/aug_00432.png
aug_00433,b_2,project/training_data/training_masks/augmented_cards/aug_00433.png
aug_00434,g_3,project/training_data/training_masks/augmented_cards/aug_00434.png
aug_00435,r_3,project/training_data/training_masks/augmented_cards/aug_00435.png
aug_00436,g_2,project/training_data/training_masks/augmented_cards/aug_00436.png
aug_00437,g_1,project/training_data/training_masks/augmented_cards/aug_00437.png
aug_00438,b_1,project/training_data/training_masks/augmented_cards/aug_00438.png
aug_00439,r_2,project/training_data/training_masks/augmented_cards/aug_00439.png
aug_00440,y_3,project/training_data/training_masks/augmented_cards/aug_00440.png
aug_00441,r_1,project/training_data/training_masks/augmented_cards/aug_00441.png
aug_00442,y_2,project/training_data/training_masks/augmented_cards/aug_00442.png
aug_00443,y_1,project/training_data/training_masks/augmented_cards/aug_00443.png
aug_00444,g_6,project/training_data/training_masks/augmented_cards/aug_00444.png
aug_00445,g_5,project/training_data/training_masks/augmented_cards/aug_00445.png
aug_00446,b_5,project/training_data/training_masks/augmented_cards/aug_00446.png
aug_00447,b_6,project/training_data/training_masks/augmented_cards/aug_00447.png
aug_00448,r_6,project/training_data/training_masks/augmented_cards/aug_00448.png
aug_00449,b_4,project/training_data/training_masks/augmented_cards/aug_00449.png
aug_00450,g_4,project/training_data/training_masks/augmented_cards/aug_00450.png
aug_00451,r_5,project/training_data/training_masks/augmented_cards/aug_00451.png
aug_00452,r_4,project/training_data/training_masks/augmented_cards/aug_00452.png
aug_00453,y_6,project/training_data/training_masks/augmented_cards/aug_00453.png
aug_00454,y_4,project/training_data/training_masks/augmented_cards/aug_00454.png
aug_00455,y_5,project/training_data/training_masks/augmented_cards/aug_00455.png
aug_00456,b_9,project/training_data/training_masks/augmented_cards/aug_00456.png
aug_00457,g_7,project/training_data/training_masks/augmented_cards/aug_00457.png
aug_00458,r_9,project/training_data/training_masks/augmented_cards/aug_00458.png
aug_00459,r_8,project/training_data/training_masks/augmented_cards/aug_00459.png
aug_00460,b_7,project/training_data/training_masks/augmented_cards/aug_00460.png
aug_00461,wild,project/training_data/training_masks/augmented_cards/aug_00461.png
aug_00462,g_9,project/training_data/training_masks/augmented_cards/aug_00462.png
aug_00463,g_8,project/training_data/training_masks/augmented_cards/aug_00463.png
aug_00464,b_8,project/training_data/training_masks/augmented_cards/aug_00464.png
aug_00465,draw_4,project/training_data/training_masks/augmented_cards/aug_00465.png
aug_00466,r_7,project/training_data/training_masks/augmented_cards/aug_00466.png
aug_00467,y_9,project/training_data/training_masks/augmented_cards/aug_00467.png
aug_00468,y_7,project/training_data/training_masks/augmented_cards/aug_00468.png
aug_00469,y_8,project/training_data/training_masks/augmented_cards/aug_00469.png
aug_00470,g_skip,project/training_data/training_masks/augmented_cards/aug_00470.png
aug_00471,g_reverse,project/training_data/training_masks/augmented_cards/aug_00471.png
aug_00472,b_reverse,project/training_data/training_masks/augmented_cards/aug_00472.png
aug_00473,b_0,project/training_data/training_masks/augmented_cards/aug_00473.png
aug_00474,b_skip,project/training_data/training_masks/augmented_cards/aug_00474.png
aug_00475,r_skip,project/training_data/training_masks/augmented_cards/aug_00475.png
aug_00476,g_0,project/training_data/training_masks/augmented_cards/aug_00476.png
aug_00477,r_reverse,project/training_data/training_masks/augmented_cards/aug_00477.png
aug_00478,r_0,project/training_data/training_masks/augmented_cards/aug_00478.png
aug_00479,b_draw_2,project/training_data/training_masks/augmented_cards/aug_00479.png
aug_00480,r_draw_2,project/training_data/training_masks/augmented_cards/aug_00480.png
aug_00481,y_skip,project/training_data/training_masks/augmented_cards/aug_00481.png
aug_00482,y_reverse,project/training_data/training_masks/augmented_cards/aug_00482.png
aug_00483,y_0,project/training_data/training_masks/augmented_cards/aug_00483.png
aug_00484,g_draw_2,project/training_data/training_masks/augmented_cards/aug_00484.png
aug_00485,y_draw_2,project/training_data/training_masks/augmented_cards/aug_00485.png
aug_00486,b_3,project/training_data/training_masks/augmented_cards/aug_00486.png
aug_00487,b_2,project/training_data/training_masks/augmented_cards/aug_00487.png
aug_00488,g_3,project/training_data/training_masks/augmented_cards/aug_00488.png
aug_00489,r_3,project/training_data/training_masks/augmented_cards/aug_00489.png
aug_00490,g_2,project/training_data/training_masks/augmented_cards/aug_00490.png
aug_00491,g_1,project/training_data/training_masks/augmented_cards/aug_00491.png
aug_00492,b_1,project/training_data/training_masks/augmented_cards/aug_00492.png
aug_00493,r_2,project/training_data/training_masks/augmented_cards/aug_00493.png
aug_00494,y_3,project/training_data/training_masks/augmented_cards/aug_00494.png
aug_00495,r_1,project/training_data/training_masks/augmented_cards/aug_00495.png
aug_00496,y_2,project/training_data/training_masks/augmented_cards/aug_00496.png
aug_00497,y_1,project/training_data/training_masks/augmented_cards/aug_00497.png
aug_00498,g_6,project/training_data/training_masks/augmented_cards/aug_00498.png
aug_00499,g_5,project/training_data/training_masks/augmented_cards/aug_00499.png
aug_00500,b_5,project/training_data/training_masks/augmented_cards/aug_00500.png
aug_00501,b_6,project/training_data/training_masks/augmented_cards/aug_00501.png
aug_00502,r_6,project/training_data/training_masks/augmented_cards/aug_00502.png
aug_00503,b_4,project/training_data/training_masks/augmented_cards/aug_00503.png
aug_00504,g_4,project/training_data/training_masks/augmented_cards/aug_00504.png
aug_00505,r_5,project/training_data/training_masks/augmented_cards/aug_00505.png
aug_00506,r_4,project/training_data/training_masks/augmented_cards/aug_00506.png
aug_00507,y_6,project/training_data/training_masks/augmented_cards/aug_00507.png
aug_00508,y_4,project/training_data/training_masks/augmented_cards/aug_00508.png
aug_00509,y_5,project/training_data/training_masks/augmented_cards/aug_00509.png
aug_00510,b_9,project/training_data/training_masks/augmented_cards/aug_00510.png
aug_00511,g_7,project/training_data/training_masks/augmented_cards/aug_00511.png
aug_00512,r_9,project/training_data/training_masks/augmented_cards/aug_00512.png
aug_00513,r_8,project/training_data/training_masks/augmented_cards/aug_00513.png
aug_00514,b_7,project/training_data/training_masks/augmented_cards/aug_00514.png
aug_00515,wild,project/training_data/training_masks/augmented_cards/aug_00515.png
aug_00516,g_9,project/training_data/training_masks/augmented_cards/aug_00516.png
aug_00517,g_8,project/training_data/training_masks/augmented_cards/aug_00517.png
aug_00518,b_8,project/training_data/training_masks/augmented_cards/aug_00518.png
aug_00519,draw_4,project/training_data/training_masks/augmented_cards/aug_00519.png
aug_00520,r_7,project/training_data/training_masks/augmented_cards/aug_00520.png
aug_00521,y_9,project/training_data/training_masks/augmented_cards/aug_00521.png
aug_00522,y_7,project/training_data/training_masks/augmented_cards/aug_00522.png
aug_00523,y_8,project/training_data/training_masks/augmented_cards/aug_00523.png
aug_00524,g_skip,project/training_data/training_masks/augmented_cards/aug_00524.png
aug_00525,g_reverse,project/training_data/training_masks/augmented_cards/aug_00525.png
aug_00526,b_reverse,project/training_data/training_masks/augmented_cards/aug_00526.png
aug_00527,b_0,project/training_data/training_masks/augmented_cards/aug_00527.png
aug_00528,b_skip,project/training_data/training_masks/augmented_cards/aug_00528.png
aug_00529,r_skip,project/training_data/training_masks/augmented_cards/aug_00529.png
aug_00530,g_0,project/training_data/training_masks/augmented_cards/aug_00530.png
aug_00531,r_reverse,project/training_data/training_masks/augmented_cards/aug_00531.png
aug_00532,r_0,project/training_data/training_masks/augmented_cards/aug_00532.png
aug_00533,b_draw_2,project/training_data/training_masks/augmented_cards/aug_00533.png
aug_00534,r_draw_2,project/training_data/training_masks/augmented_cards/aug_00534.png
aug_00535,y_skip,project/training_data/training_masks/augmented_cards/aug_00535.png
aug_00536,y_reverse,project/training_data/training_masks/augmented_cards/aug_00536.png
aug_00537,y_0,project/training_data/training_masks/augmented_cards/aug_00537.png
aug_00538,g_draw_2,project/training_data/training_masks/augmented_cards/aug_00538.png
aug_00539,y_draw_2,project/training_data/training_masks/augmented_cards/aug_00539.png
aug_00540,b_3,project/training_data/training_masks/augmented_cards/aug_00540.png
aug_00541,b_2,project/training_data/training_masks/augmented_cards/aug_00541.png
aug_00542,g_3,project/training_data/training_masks/augmented_cards/aug_00542.png
aug_00543,r_3,project/training_data/training_masks/augmented_cards/aug_00543.png
aug_00544,g_2,project/training_data/training_masks/augmented_cards/aug_00544.png
aug_00545,g_1,project/training_data/training_masks/augmented_cards/aug_00545.png
aug_00546,b_1,project/training_data/training_masks/augmented_cards/aug_00546.png
aug_00547,r_2,project/training_data/training_masks/augmented_cards/aug_00547.png
aug_00548,y_3,project/training_data/training_masks/augmented_cards/aug_00548.png
aug_00549,r_1,project/training_data/training_masks/augmented_cards/aug_00549.png
aug_00550,y_2,project/training_data/training_masks/augmented_cards/aug_00550.png
aug_00551,y_1,project/training_data/training_masks/augmented_cards/aug_00551.png
aug_00552,g_6,project/training_data/training_masks/augmented_cards/aug_00552.png
aug_00553,g_5,project/training_data/training_masks/augmented_cards/aug_00553.png
aug_00554,b_5,project/training_data/training_masks/augmented_cards/aug_00554.png
aug_00555,b_6,project/training_data/training_masks/augmented_cards/aug_00555.png
aug_00556,r_6,project/training_data/training_masks/augmented_cards/aug_00556.png
aug_00557,b_4,project/training_data/training_masks/augmented_cards/aug_00557.png
aug_00558,g_4,project/training_data/training_masks/augmented_cards/aug_00558.png
aug_00559,r_5,project/training_data/training_masks/augmented_cards/aug_00559.png
aug_00560,r_4,project/training_data/training_masks/augmented_cards/aug_00560.png
aug_00561,y_6,project/training_data/training_masks/augmented_cards/aug_00561.png
aug_00562,y_4,project/training_data/training_masks/augmented_cards/aug_00562.png
aug_00563,y_5,project/training_data/training_masks/augmented_cards/aug_00563.png
aug_00564,b_9,project/training_data/training_masks/augmented_cards/aug_00564.png
aug_00565,g_7,project/training_data/training_masks/augmented_cards/aug_00565.png
aug_00566,r_9,project/training_data/training_masks/augmented_cards/aug_00566.png
aug_00567,r_8,project/training_data/training_masks/augmented_cards/aug_00567.png
aug_00568,b_7,project/training_data/training_masks/augmented_cards/aug_00568.png
aug_00569,wild,project/training_data/training_masks/augmented_cards/aug_00569.png
aug_00570,g_9,project/training_data/training_masks/augmented_cards/aug_00570.png
aug_00571,g_8,project/training_data/training_masks/augmented_cards/aug_00571.png
aug_00572,b_8,project/training_data/training_masks/augmented_cards/aug_00572.png
aug_00573,draw_4,project/training_data/training_masks/augmented_cards/aug_00573.png
aug_00574,r_7,project/training_data/training_masks/augmented_cards/aug_00574.png
aug_00575,y_9,project/training_data/training_masks/augmented_cards/aug_00575.png
aug_00576,y_7,project/training_data/training_masks/augmented_cards/aug_00576.png
aug_00577,y_8,project/training_data/training_masks/augmented_cards/aug_00577.png
aug_00578,g_skip,project/training_data/training_masks/augmented_cards/aug_00578.png
aug_00579,g_reverse,project/training_data/training_masks/augmented_cards/aug_00579.png
aug_00580,b_reverse,project/training_data/training_masks/augmented_cards/aug_00580.png
aug_00581,b_0,project/training_data/training_masks/augmented_cards/aug_00581.png
aug_00582,b_skip,project/training_data/training_masks/augmented_cards/aug_00582.png
aug_00583,r_skip,project/training_data/training_masks/augmented_cards/aug_00583.png
aug_00584,g_0,project/training_data/training_masks/augmented_cards/aug_00584.png
aug_00585,r_reverse,project/training_data/training_masks/augmented_cards/aug_00585.png
aug_00586,r_0,project/training_data/training_masks/augmented_cards/aug_00586.png
aug_00587,b_draw_2,project/training_data/training_masks/augmented_cards/aug_00587.png
aug_00588,r_draw_2,project/training_data/training_masks/augmented_cards/aug_00588.png
aug_00589,y_skip,project/training_data/training_masks/augmented_cards/aug_00589.png
aug_00590,y_reverse,project/training_data/training_masks/augmented_cards/aug_00590.png
aug_00591,y_0,project/training_data/training_masks/augmented_cards/aug_00591.png
aug_00592,g_draw_2,project/training_data/training_masks/augmented_cards/aug_00592.png
aug_00593,y_draw_2,project/training_data/training_masks/augmented_cards/aug_00593.png
aug_00594,b_3,project/training_data/training_masks/augmented_cards/aug_00594.png
aug_00595,b_2,project/training_data/training_masks/augmented_cards/aug_00595.png
aug_00596,g_3,project/training_data/training_masks/augmented_cards/aug_00596.png
aug_00597,r_3,project/training_data/training_masks/augmented_cards/aug_00597.png
aug_00598,g_2,project/training_data/training_masks/augmented_cards/aug_00598.png
aug_00599,g_1,project/training_data/training_masks/augmented_cards/aug_00599.png
aug_00600,b_1,project/training_data/training_masks/augmented_cards/aug_00600.png
aug_00601,r_2,project/training_data/training_masks/augmented_cards/aug_00601.png
aug_00602,y_3,project/training_data/training_masks/augmented_cards/aug_00602.png
aug_00603,r_1,project/training_data/training_masks/augmented_cards/aug_00603.png
aug_00604,y_2,project/training_data/training_masks/augmented_cards/aug_00604.png
aug_00605,y_1,project/training_data/training_masks/augmented_cards/aug_00605.png
aug_00606,g_6,project/training_data/training_masks/augmented_cards/aug_00606.png
aug_00607,g_5,project/training_data/training_masks/augmented_cards/aug_00607.png
aug_00608,b_5,project/training_data/training_masks/augmented_cards/aug_00608.png
aug_00609,b_6,project/training_data/training_masks/augmented_cards/aug_00609.png
aug_00610,r_6,project/training_data/training_masks/augmented_cards/aug_00610.png
aug_00611,b_4,project/training_data/training_masks/augmented_cards/aug_00611.png
aug_00612,g_4,project/training_data/training_masks/augmented_cards/aug_00612.png
aug_00613,r_5,project/training_data/training_masks/augmented_cards/aug_00613.png
aug_00614,r_4,project/training_data/training_masks/augmented_cards/aug_00614.png
aug_00615,y_6,project/training_data/training_masks/augmented_cards/aug_00615.png
aug_00616,y_4,project/training_data/training_masks/augmented_cards/aug_00616.png
aug_00617,y_5,project/training_data/training_masks/augmented_cards/aug_00617.png
aug_00618,b_9,project/training_data/training_masks/augmented_cards/aug_00618.png
aug_00619,g_7,project/training_data/training_masks/augmented_cards/aug_00619.png
aug_00620,r_9,project/training_data/training_masks/augmented_cards/aug_00620.png
aug_00621,r_8,project/training_data/training_masks/augmented_cards/aug_00621.png
aug_00622,b_7,project/training_data/training_masks/augmented_cards/aug_00622.png
aug_00623,wild,project/training_data/training_masks/augmented_cards/aug_00623.png
aug_00624,g_9,project/training_data/training_masks/augmented_cards/aug_00624.png
aug_00625,g_8,project/training_data/training_masks/augmented_cards/aug_00625.png
aug_00626,b_8,project/training_data/training_masks/augmented_cards/aug_00626.png
aug_00627,draw_4,project/training_data/training_masks/augmented_cards/aug_00627.png
aug_00628,r_7,project/training_data/training_masks/augmented_cards/aug_00628.png
aug_00629,y_9,project/training_data/training_masks/augmented_cards/aug_00629.png
aug_00630,y_7,project/training_data/training_masks/augmented_cards/aug_00630.png
aug_00631,y_8,project/training_data/training_masks/augmented_cards/aug_00631.png
aug_00632,g_skip,project/training_data/training_masks/augmented_cards/aug_00632.png
aug_00633,g_reverse,project/training_data/training_masks/augmented_cards/aug_00633.png
aug_00634,b_reverse,project/training_data/training_masks/augmented_cards/aug_00634.png
aug_00635,b_0,project/training_data/training_masks/augmented_cards/aug_00635.png
aug_00636,b_skip,project/training_data/training_masks/augmented_cards/aug_00636.png
aug_00637,r_skip,project/training_data/training_masks/augmented_cards/aug_00637.png
aug_00638,g_0,project/training_data/training_masks/augmented_cards/aug_00638.png
aug_00639,r_reverse,project/training_data/training_masks/augmented_cards/aug_00639.png
aug_00640,r_0,project/training_data/training_masks/augmented_cards/aug_00640.png
aug_00641,b_draw_2,project/training_data/training_masks/augmented_cards/aug_00641.png
aug_00642,r_draw_2,project/training_data/training_masks/augmented_cards/aug_00642.png
aug_00643,y_skip,project/training_data/training_masks/augmented_cards/aug_00643.png
aug_00644,y_reverse,project/training_data/training_masks/augmented_cards/aug_00644.png
aug_00645,y_0,project/training_data/training_masks/augmented_cards/aug_00645.png
aug_00646,g_draw_2,project/training_data/training_masks/augmented_cards/aug_00646.png
aug_00647,y_draw_2,project/training_data/training_masks/augmented_cards/aug_00647.png
aug_00648,b_3,project/training_data/training_masks/augmented_cards/aug_00648.png
aug_00649,b_2,project/training_data/training_masks/augmented_cards/aug_00649.png
aug_00650,g_3,project/training_data/training_masks/augmented_cards/aug_00650.png
aug_00651,r_3,project/training_data/training_masks/augmented_cards/aug_00651.png
aug_00652,g_2,project/training_data/training_masks/augmented_cards/aug_00652.png
aug_00653,g_1,project/training_data/training_masks/augmented_cards/aug_00653.png
aug_00654,b_1,project/training_data/training_masks/augmented_cards/aug_00654.png
aug_00655,r_2,project/training_data/training_masks/augmented_cards/aug_00655.png
aug_00656,y_3,project/training_data/training_masks/augmented_cards/aug_00656.png
aug_00657,r_1,project/training_data/training_masks/augmented_cards/aug_00657.png
aug_00658,y_2,project/training_data/training_masks/augmented_cards/aug_00658.png
aug_00659,y_1,project/training_data/training_masks/augmented_cards/aug_00659.png
aug_00660,g_6,project/training_data/training_masks/augmented_cards/aug_00660.png
aug_00661,g_5,project/training_data/training_masks/augmented_cards/aug_00661.png
aug_00662,b_5,project/training_data/training_masks/augmented_cards/aug_00662.png
aug_00663,b_6,project/training_data/training_masks/augmented_cards/aug_00663.png
aug_00664,r_6,project/training_data/training_masks/augmented_cards/aug_00664.png
aug_00665,b_4,project/training_data/training_masks/augmented_cards/aug_00665.png
aug_00666,g_4,project/training_data/training_masks/augmented_cards/aug_00666.png
aug_00667,r_5,project/training_data/training_masks/augmented_cards/aug_00667.png
aug_00668,r_4,project/training_data/training_masks/augmented_cards/aug_00668.png
aug_00669,y_6,project/training_data/training_masks/augmented_cards/aug_00669.png
aug_00670,y_4,project/training_data/training_masks/augmented_cards/aug_00670.png
aug_00671,y_5,project/training_data/training_masks/augmented_cards/aug_00671.png
aug_00672,b_9,project/training_data/training_masks/augmented_cards/aug_00672.png
aug_00673,g_7,project/training_data/training_masks/augmented_cards/aug_00673.png
aug_00674,r_9,project/training_data/training_masks/augmented_cards/aug_00674.png
aug_00675,r_8,project/training_data/training_masks/augmented_cards/aug_00675.png
aug_00676,b_7,project/training_data/training_masks/augmented_cards/aug_00676.png
aug_00677,wild,project/training_data/training_masks/augmented_cards/aug_00677.png
aug_00678,g_9,project/training_data/training_masks/augmented_cards/aug_00678.png
aug_00679,g_8,project/training_data/training_masks/augmented_cards/aug_00679.png
aug_00680,b_8,project/training_data/training_masks/augmented_cards/aug_00680.png
aug_00681,draw_4,project/training_data/training_masks/augmented_cards/aug_00681.png
aug_00682,r_7,project/training_data/training_masks/augmented_cards/aug_00682.png
aug_00683,y_9,project/training_data/training_masks/augmented_cards/aug_00683.png
aug_00684,y_7,project/training_data/training_masks/augmented_cards/aug_00684.png
aug_00685,y_8,project/training_data/training_masks/augmented_cards/aug_00685.png
aug_00686,g_skip,project/training_data/training_masks/augmented_cards/aug_00686.png
aug_00687,g_reverse,project/training_data/training_masks/augmented_cards/aug_00687.png
aug_00688,b_reverse,project/training_data/training_masks/augmented_cards/aug_00688.png
aug_00689,b_0,project/training_data/training_masks/augmented_cards/aug_00689.png
aug_00690,b_skip,project/training_data/training_masks/augmented_cards/aug_00690.png
aug_00691,r_skip,project/training_data/training_masks/augmented_cards/aug_00691.png
aug_00692,g_0,project/training_data/training_masks/augmented_cards/aug_00692.png
aug_00693,r_reverse,project/training_data/training_masks/augmented_cards/aug_00693.png
aug_00694,r_0,project/training_data/training_masks/augmented_cards/aug_00694.png
aug_00695,b_draw_2,project/training_data/training_masks/augmented_cards/aug_00695.png
aug_00696,r_draw_2,project/training_data/training_masks/augmented_cards/aug_00696.png
aug_00697,y_skip,project/training_data/training_masks/augmented_cards/aug_00697.png
aug_00698,y_reverse,project/training_data/training_masks/augmented_cards/aug_00698.png
aug_00699,y_0,project/training_data/training_masks/augmented_cards/aug_00699.png
aug_00700,g_draw_2,project/training_data/training_masks/augmented_cards/aug_00700.png
aug_00701,y_draw_2,project/training_data/training_masks/augmented_cards/aug_00701.png
aug_00702,b_3,project/training_data/training_masks/augmented_cards/aug_00702.png
aug_00703,b_2,project/training_data/training_masks/augmented_cards/aug_00703.png
aug_00704,g_3,project/training_data/training_masks/augmented_cards/aug_00704.png
aug_00705,r_3,project/training_data/training_masks/augmented_cards/aug_00705.png
aug_00706,g_2,project/training_data/training_masks/augmented_cards/aug_00706.png
aug_00707,g_1,project/training_data/training_masks/augmented_cards/aug_00707.png
aug_00708,b_1,project/training_data/training_masks/augmented_cards/aug_00708.png
aug_00709,r_2,project/training_data/training_masks/augmented_cards/aug_00709.png
aug_00710,y_3,project/training_data/training_masks/augmented_cards/aug_00710.png
aug_00711,r_1,project/training_data/training_masks/augmented_cards/aug_00711.png
aug_00712,y_2,project/training_data/training_masks/augmented_cards/aug_00712.png
aug_00713,y_1,project/training_data/training_masks/augmented_cards/aug_00713.png
aug_00714,g_6,project/training_data/training_masks/augmented_cards/aug_00714.png
aug_00715,g_5,project/training_data/training_masks/augmented_cards/aug_00715.png
aug_00716,b_5,project/training_data/training_masks/augmented_cards/aug_00716.png
aug_00717,b_6,project/training_data/training_masks/augmented_cards/aug_00717.png
aug_00718,r_6,project/training_data/training_masks/augmented_cards/aug_00718.png
aug_00719,b_4,project/training_data/training_masks/augmented_cards/aug_00719.png
aug_00720,g_4,project/training_data/training_masks/augmented_cards/aug_00720.png
aug_00721,r_5,project/training_data/training_masks/augmented_cards/aug_00721.png
aug_00722,r_4,project/training_data/training_masks/augmented_cards/aug_00722.png
aug_00723,y_6,project/training_data/training_masks/augmented_cards/aug_00723.png
aug_00724,y_4,project/training_data/training_masks/augmented_cards/aug_00724.png
aug_00725,y_5,project/training_data/training_masks/augmented_cards/aug_00725.png
aug_00726,b_9,project/training_data/training_masks/augmented_cards/aug_00726.png
aug_00727,g_7,project/training_data/training_masks/augmented_cards/aug_00727.png
aug_00728,r_9,project/training_data/training_masks/augmented_cards/aug_00728.png
aug_00729,r_8,project/training_data/training_masks/augmented_cards/aug_00729.png
aug_00730,b_7,project/training_data/training_masks/augmented_cards/aug_00730.png
aug_00731,wild,project/training_data/training_masks/augmented_cards/aug_00731.png
aug_00732,g_9,project/training_data/training_masks/augmented_cards/aug_00732.png
aug_00733,g_8,project/training_data/training_masks/augmented_cards/aug_00733.png
aug_00734,b_8,project/training_data/training_masks/augmented_cards/aug_00734.png
aug_00735,draw_4,project/training_data/training_masks/augmented_cards/aug_00735.png
aug_00736,r_7,project/training_data/training_masks/augmented_cards/aug_00736.png
aug_00737,y_9,project/training_data/training_masks/augmented_cards/aug_00737.png
aug_00738,y_7,project/training_data/training_masks/augmented_cards/aug_00738.png
aug_00739,y_8,project/training_data/training_masks/augmented_cards/aug_00739.png
aug_00740,g_skip,project/training_data/training_masks/augmented_cards/aug_00740.png
aug_00741,g_reverse,project/training_data/training_masks/augmented_cards/aug_00741.png
aug_00742,b_reverse,project/training_data/training_masks/augmented_cards/aug_00742.png
aug_00743,b_0,project/training_data/training_masks/augmented_cards/aug_00743.png
aug_00744,b_skip,project/training_data/training_masks/augmented_cards/aug_00744.png
aug_00745,r_skip,project/training_data/training_masks/augmented_cards/aug_00745.png
aug_00746,g_0,project/training_data/training_masks/augmented_cards/aug_00746.png
aug_00747,r_reverse,project/training_data/training_masks/augmented_cards/aug_00747.png
aug_00748,r_0,project/training_data/training_masks/augmented_cards/aug_00748.png
aug_00749,b_draw_2,project/training_data/training_masks/augmented_cards/aug_00749.png
aug_00750,r_draw_2,project/training_data/training_masks/augmented_cards/aug_00750.png
aug_00751,y_skip,project/training_data/training_masks/augmented_cards/aug_00751.png
aug_00752,y_reverse,project/training_data/training_masks/augmented_cards/aug_00752.png
aug_00753,y_0,project/training_data/training_masks/augmented_cards/aug_00753.png
aug_00754,g_draw_2,project/training_data/training_masks/augmented_cards/aug_00754.png
aug_00755,y_draw_2,project/training_data/training_masks/augmented_cards/aug_00755.png
aug_00756,b_3,project/training_data/training_masks/augmented_cards/aug_00756.png
aug_00757,b_2,project/training_data/training_masks/augmented_cards/aug_00757.png
aug_00758,g_3,project/training_data/training_masks/augmented_cards/aug_00758.png
aug_00759,r_3,project/training_data/training_masks/augmented_cards/aug_00759.png
aug_00760,g_2,project/training_data/training_masks/augmented_cards/aug_00760.png
aug_00761,g_1,project/training_data/training_masks/augmented_cards/aug_00761.png
aug_00762,b_1,project/training_data/training_masks/augmented_cards/aug_00762.png
aug_00763,r_2,project/training_data/training_masks/augmented_cards/aug_00763.png
aug_00764,y_3,project/training_data/training_masks/augmented_cards/aug_00764.png
aug_00765,r_1,project/training_data/training_masks/augmented_cards/aug_00765.png
aug_00766,y_2,project/training_data/training_masks/augmented_cards/aug_00766.png
aug_00767,y_1,project/training_data/training_masks/augmented_cards/aug_00767.png
aug_00768,g_6,project/training_data/training_masks/augmented_cards/aug_00768.png
aug_00769,g_5,project/training_data/training_masks/augmented_cards/aug_00769.png
aug_00770,b_5,project/training_data/training_masks/augmented_cards/aug_00770.png
aug_00771,b_6,project/training_data/training_masks/augmented_cards/aug_00771.png
aug_00772,r_6,project/training_data/training_masks/augmented_cards/aug_00772.png
aug_00773,b_4,project/training_data/training_masks/augmented_cards/aug_00773.png
aug_00774,g_4,project/training_data/training_masks/augmented_cards/aug_00774.png
aug_00775,r_5,project/training_data/training_masks/augmented_cards/aug_00775.png
aug_00776,r_4,project/training_data/training_masks/augmented_cards/aug_00776.png
aug_00777,y_6,project/training_data/training_masks/augmented_cards/aug_00777.png
aug_00778,y_4,project/training_data/training_masks/augmented_cards/aug_00778.png
aug_00779,y_5,project/training_data/training_masks/augmented_cards/aug_00779.png
aug_00780,b_9,project/training_data/training_masks/augmented_cards/aug_00780.png
aug_00781,g_7,project/training_data/training_masks/augmented_cards/aug_00781.png
aug_00782,r_9,project/training_data/training_masks/augmented_cards/aug_00782.png
aug_00783,r_8,project/training_data/training_masks/augmented_cards/aug_00783.png
aug_00784,b_7,project/training_data/training_masks/augmented_cards/aug_00784.png
aug_00785,wild,project/training_data/training_masks/augmented_cards/aug_00785.png
aug_00786,g_9,project/training_data/training_masks/augmented_cards/aug_00786.png
aug_00787,g_8,project/training_data/training_masks/augmented_cards/aug_00787.png
aug_00788,b_8,project/training_data/training_masks/augmented_cards/aug_00788.png
aug_00789,draw_4,project/training_data/training_masks/augmented_cards/aug_00789.png
aug_00790,r_7,project/training_data/training_masks/augmented_cards/aug_00790.png
aug_00791,y_9,project/training_data/training_masks/augmented_cards/aug_00791.png
aug_00792,y_7,project/training_data/training_masks/augmented_cards/aug_00792.png
aug_00793,y_8,project/training_data/training_masks/augmented_cards/aug_00793.png
aug_00794,g_skip,project/training_data/training_masks/augmented_cards/aug_00794.png
aug_00795,g_reverse,project/training_data/training_masks/augmented_cards/aug_00795.png
aug_00796,b_reverse,project/training_data/training_masks/augmented_cards/aug_00796.png
aug_00797,b_0,project/training_data/training_masks/augmented_cards/aug_00797.png
aug_00798,b_skip,project/training_data/training_masks/augmented_cards/aug_00798.png
aug_00799,r_skip,project/training_data/training_masks/augmented_cards/aug_00799.png
aug_00800,g_0,project/training_data/training_masks/augmented_cards/aug_00800.png
aug_00801,r_reverse,project/training_data/training_masks/augmented_cards/aug_00801.png
aug_00802,r_0,project/training_data/training_masks/augmented_cards/aug_00802.png
aug_00803,b_draw_2,project/training_data/training_masks/augmented_cards/aug_00803.png
aug_00804,r_draw_2,project/training_data/training_masks/augmented_cards/aug_00804.png
aug_00805,y_skip,project/training_data/training_masks/augmented_cards/aug_00805.png
aug_00806,y_reverse,project/training_data/training_masks/augmented_cards/aug_00806.png
aug_00807,y_0,project/training_data/training_masks/augmented_cards/aug_00807.png
aug_00808,g_draw_2,project/training_data/training_masks/augmented_cards/aug_00808.png
aug_00809,y_draw_2,project/training_data/training_masks/augmented_cards/aug_00809.png
aug_00810,b_3,project/training_data/training_masks/augmented_cards/aug_00810.png
aug_00811,b_2,project/training_data/training_masks/augmented_cards/aug_00811.png
aug_00812,g_3,project/training_data/training_masks/augmented_cards/aug_00812.png
aug_00813,r_3,project/training_data/training_masks/augmented_cards/aug_00813.png
aug_00814,g_2,project/training_data/training_masks/augmented_cards/aug_00814.png
aug_00815,g_1,project/training_data/training_masks/augmented_cards/aug_00815.png
aug_00816,b_1,project/training_data/training_masks/augmented_cards/aug_00816.png
aug_00817,r_2,project/training_data/training_masks/augmented_cards/aug_00817.png
aug_00818,y_3,project/training_data/training_masks/augmented_cards/aug_00818.png
aug_00819,r_1,project/training_data/training_masks/augmented_cards/aug_00819.png
aug_00820,y_2,project/training_data/training_masks/augmented_cards/aug_00820.png
aug_00821,y_1,project/training_data/training_masks/augmented_cards/aug_00821.png
aug_00822,g_6,project/training_data/training_masks/augmented_cards/aug_00822.png
aug_00823,g_5,project/training_data/training_masks/augmented_cards/aug_00823.png
aug_00824,b_5,project/training_data/training_masks/augmented_cards/aug_00824.png
aug_00825,b_6,project/training_data/training_masks/augmented_cards/aug_00825.png
aug_00826,r_6,project/training_data/training_masks/augmented_cards/aug_00826.png
aug_00827,b_4,project/training_data/training_masks/augmented_cards/aug_00827.png
aug_00828,g_4,project/training_data/training_masks/augmented_cards/aug_00828.png
aug_00829,r_5,project/training_data/training_masks/augmented_cards/aug_00829.png
aug_00830,r_4,project/training_data/training_masks/augmented_cards/aug_00830.png
aug_00831,y_6,project/training_data/training_masks/augmented_cards/aug_00831.png
aug_00832,y_4,project/training_data/training_masks/augmented_cards/aug_00832.png
aug_00833,y_5,project/training_data/training_masks/augmented_cards/aug_00833.png
aug_00834,b_9,project/training_data/training_masks/augmented_cards/aug_00834.png
aug_00835,g_7,project/training_data/training_masks/augmented_cards/aug_00835.png
aug_00836,r_9,project/training_data/training_masks/augmented_cards/aug_00836.png
aug_00837,r_8,project/training_data/training_masks/augmented_cards/aug_00837.png
aug_00838,b_7,project/training_data/training_masks/augmented_cards/aug_00838.png
aug_00839,wild,project/training_data/training_masks/augmented_cards/aug_00839.png
aug_00840,g_9,project/training_data/training_masks/augmented_cards/aug_00840.png
aug_00841,g_8,project/training_data/training_masks/augmented_cards/aug_00841.png
aug_00842,b_8,project/training_data/training_masks/augmented_cards/aug_00842.png
aug_00843,draw_4,project/training_data/training_masks/augmented_cards/aug_00843.png
aug_00844,r_7,project/training_data/training_masks/augmented_cards/aug_00844.png
aug_00845,y_9,project/training_data/training_masks/augmented_cards/aug_00845.png
aug_00846,y_7,project/training_data/training_masks/augmented_cards/aug_00846.png
aug_00847,y_8,project/training_data/training_masks/augmented_cards/aug_00847.png
aug_00848,g_skip,project/training_data/training_masks/augmented_cards/aug_00848.png
aug_00849,g_reverse,project/training_data/training_masks/augmented_cards/aug_00849.png
aug_00850,b_reverse,project/training_data/training_masks/augmented_cards/aug_00850.png
aug_00851,b_0,project/training_data/training_masks/augmented_cards/aug_00851.png
aug_00852,b_skip,project/training_data/training_masks/augmented_cards/aug_00852.png
aug_00853,r_skip,project/training_data/training_masks/augmented_cards/aug_00853.png
aug_00854,g_0,project/training_data/training_masks/augmented_cards/aug_00854.png
aug_00855,r_reverse,project/training_data/training_masks/augmented_cards/aug_00855.png
aug_00856,r_0,project/training_data/training_masks/augmented_cards/aug_00856.png
aug_00857,b_draw_2,project/training_data/training_masks/augmented_cards/aug_00857.png
aug_00858,r_draw_2,project/training_data/training_masks/augmented_cards/aug_00858.png
aug_00859,y_skip,project/training_data/training_masks/augmented_cards/aug_00859.png
aug_00860,y_reverse,project/training_data/training_masks/augmented_cards/aug_00860.png
aug_00861,y_0,project/training_data/training_masks/augmented_cards/aug_00861.png
aug_00862,g_draw_2,project/training_data/training_masks/augmented_cards/aug_00862.png
aug_00863,y_draw_2,project/training_data/training_masks/augmented_cards/aug_00863.png
aug_00864,b_3,project/training_data/training_masks/augmented_cards/aug_00864.png
aug_00865,b_2,project/training_data/training_masks/augmented_cards/aug_00865.png
aug_00866,g_3,project/training_data/training_masks/augmented_cards/aug_00866.png
aug_00867,r_3,project/training_data/training_masks/augmented_cards/aug_00867.png
aug_00868,g_2,project/training_data/training_masks/augmented_cards/aug_00868.png
aug_00869,g_1,project/training_data/training_masks/augmented_cards/aug_00869.png
aug_00870,b_1,project/training_data/training_masks/augmented_cards/aug_00870.png
aug_00871,r_2,project/training_data/training_masks/augmented_cards/aug_00871.png
aug_00872,y_3,project/training_data/training_masks/augmented_cards/aug_00872.png
aug_00873,r_1,project/training_data/training_masks/augmented_cards/aug_00873.png
aug_00874,y_2,project/training_data/training_masks/augmented_cards/aug_00874.png
aug_00875,y_1,project/training_data/training_masks/augmented_cards/aug_00875.png
aug_00876,g_6,project/training_data/training_masks/augmented_cards/aug_00876.png
aug_00877,g_5,project/training_data/training_masks/augmented_cards/aug_00877.png
aug_00878,b_5,project/training_data/training_masks/augmented_cards/aug_00878.png
aug_00879,b_6,project/training_data/training_masks/augmented_cards/aug_00879.png
aug_00880,r_6,project/training_data/training_masks/augmented_cards/aug_00880.png
aug_00881,b_4,project/training_data/training_masks/augmented_cards/aug_00881.png
aug_00882,g_4,project/training_data/training_masks/augmented_cards/aug_00882.png
aug_00883,r_5,project/training_data/training_masks/augmented_cards/aug_00883.png
aug_00884,r_4,project/training_data/training_masks/augmented_cards/aug_00884.png
aug_00885,y_6,project/training_data/training_masks/augmented_cards/aug_00885.png
aug_00886,y_4,project/training_data/training_masks/augmented_cards/aug_00886.png
aug_00887,y_5,project/training_data/training_masks/augmented_cards/aug_00887.png
aug_00888,b_9,project/training_data/training_masks/augmented_cards/aug_00888.png
aug_00889,g_7,project/training_data/training_masks/augmented_cards/aug_00889.png
aug_00890,r_9,project/training_data/training_masks/augmented_cards/aug_00890.png
aug_00891,r_8,project/training_data/training_masks/augmented_cards/aug_00891.png
aug_00892,b_7,project/training_data/training_masks/augmented_cards/aug_00892.png
aug_00893,wild,project/training_data/training_masks/augmented_cards/aug_00893.png
aug_00894,g_9,project/training_data/training_masks/augmented_cards/aug_00894.png
aug_00895,g_8,project/training_data/training_masks/augmented_cards/aug_00895.png
aug_00896,b_8,project/training_data/training_masks/augmented_cards/aug_00896.png
aug_00897,draw_4,project/training_data/training_masks/augmented_cards/aug_00897.png
aug_00898,r_7,project/training_data/training_masks/augmented_cards/aug_00898.png
aug_00899,y_9,project/training_data/training_masks/augmented_cards/aug_00899.png
aug_00900,y_7,project/training_data/training_masks/augmented_cards/aug_00900.png
aug_00901,y_8,project/training_data/training_masks/augmented_cards/aug_00901.png
aug_00902,g_skip,project/training_data/training_masks/augmented_cards/aug_00902.png
aug_00903,g_reverse,project/training_data/training_masks/augmented_cards/aug_00903.png
aug_00904,b_reverse,project/training_data/training_masks/augmented_cards/aug_00904.png
aug_00905,b_0,project/training_data/training_masks/augmented_cards/aug_00905.png
aug_00906,b_skip,project/training_data/training_masks/augmented_cards/aug_00906.png
aug_00907,r_skip,project/training_data/training_masks/augmented_cards/aug_00907.png
aug_00908,g_0,project/training_data/training_masks/augmented_cards/aug_00908.png
aug_00909,r_reverse,project/training_data/training_masks/augmented_cards/aug_00909.png
aug_00910,r_0,project/training_data/training_masks/augmented_cards/aug_00910.png
aug_00911,b_draw_2,project/training_data/training_masks/augmented_cards/aug_00911.png
aug_00912,r_draw_2,project/training_data/training_masks/augmented_cards/aug_00912.png
aug_00913,y_skip,project/training_data/training_masks/augmented_cards/aug_00913.png
aug_00914,y_reverse,project/training_data/training_masks/augmented_cards/aug_00914.png
aug_00915,y_0,project/training_data/training_masks/augmented_cards/aug_00915.png
aug_00916,g_draw_2,project/training_data/training_masks/augmented_cards/aug_00916.png
aug_00917,y_draw_2,project/training_data/training_masks/augmented_cards/aug_00917.png
aug_00918,b_3,project/training_data/training_masks/augmented_cards/aug_00918.png
aug_00919,b_2,project/training_data/training_masks/augmented_cards/aug_00919.png
aug_00920,g_3,project/training_data/training_masks/augmented_cards/aug_00920.png
aug_00921,r_3,project/training_data/training_masks/augmented_cards/aug_00921.png
aug_00922,g_2,project/training_data/training_masks/augmented_cards/aug_00922.png
aug_00923,g_1,project/training_data/training_masks/augmented_cards/aug_00923.png
aug_00924,b_1,project/training_data/training_masks/augmented_cards/aug_00924.png
aug_00925,r_2,project/training_data/training_masks/augmented_cards/aug_00925.png
aug_00926,y_3,project/training_data/training_masks/augmented_cards/aug_00926.png
aug_00927,r_1,project/training_data/training_masks/augmented_cards/aug_00927.png
aug_00928,y_2,project/training_data/training_masks/augmented_cards/aug_00928.png
aug_00929,y_1,project/training_data/training_masks/augmented_cards/aug_00929.png
aug_00930,g_6,project/training_data/training_masks/augmented_cards/aug_00930.png
aug_00931,g_5,project/training_data/training_masks/augmented_cards/aug_00931.png
aug_00932,b_5,project/training_data/training_masks/augmented_cards/aug_00932.png
aug_00933,b_6,project/training_data/training_masks/augmented_cards/aug_00933.png
aug_00934,r_6,project/training_data/training_masks/augmented_cards/aug_00934.png
aug_00935,b_4,project/training_data/training_masks/augmented_cards/aug_00935.png
aug_00936,g_4,project/training_data/training_masks/augmented_cards/aug_00936.png
aug_00937,r_5,project/training_data/training_masks/augmented_cards/aug_00937.png
aug_00938,r_4,project/training_data/training_masks/augmented_cards/aug_00938.png
aug_00939,y_6,project/training_data/training_masks/augmented_cards/aug_00939.png
aug_00940,y_4,project/training_data/training_masks/augmented_cards/aug_00940.png
aug_00941,y_5,project/training_data/training_masks/augmented_cards/aug_00941.png
aug_00942,b_9,project/training_data/training_masks/augmented_cards/aug_00942.png
aug_00943,g_7,project/training_data/training_masks/augmented_cards/aug_00943.png
aug_00944,r_9,project/training_data/training_masks/augmented_cards/aug_00944.png
aug_00945,r_8,project/training_data/training_masks/augmented_cards/aug_00945.png
aug_00946,b_7,project/training_data/training_masks/augmented_cards/aug_00946.png
aug_00947,wild,project/training_data/training_masks/augmented_cards/aug_00947.png
aug_00948,g_9,project/training_data/training_masks/augmented_cards/aug_00948.png
aug_00949,g_8,project/training_data/training_masks/augmented_cards/aug_00949.png
aug_00950,b_8,project/training_data/training_masks/augmented_cards/aug_00950.png
aug_00951,draw_4,project/training_data/training_masks/augmented_cards/aug_00951.png
aug_00952,r_7,project/training_data/training_masks/augmented_cards/aug_00952.png
aug_00953,y_9,project/training_data/training_masks/augmented_cards/aug_00953.png
aug_00954,y_7,project/training_data/training_masks/augmented_cards/aug_00954.png
aug_00955,y_8,project/training_data/training_masks/augmented_cards/aug_00955.png
aug_00956,g_skip,project/training_data/training_masks/augmented_cards/aug_00956.png
aug_00957,g_reverse,project/training_data/training_masks/augmented_cards/aug_00957.png
aug_00958,b_reverse,project/training_data/training_masks/augmented_cards/aug_00958.png
aug_00959,b_0,project/training_data/training_masks/augmented_cards/aug_00959.png
aug_00960,b_skip,project/training_data/training_masks/augmented_cards/aug_00960.png
aug_00961,r_skip,project/training_data/training_masks/augmented_cards/aug_00961.png
aug_00962,g_0,project/training_data/training_masks/augmented_cards/aug_00962.png
aug_00963,r_reverse,project/training_data/training_masks/augmented_cards/aug_00963.png
aug_00964,r_0,project/training_data/training_masks/augmented_cards/aug_00964.png
aug_00965,b_draw_2,project/training_data/training_masks/augmented_cards/aug_00965.png
aug_00966,r_draw_2,project/training_data/training_masks/augmented_cards/aug_00966.png
aug_00967,y_skip,project/training_data/training_masks/augmented_cards/aug_00967.png
aug_00968,y_reverse,project/training_data/training_masks/augmented_cards/aug_00968.png
aug_00969,y_0,project/training_data/training_masks/augmented_cards/aug_00969.png
aug_00970,g_draw_2,project/training_data/training_masks/augmented_cards/aug_00970.png
aug_00971,y_draw_2,project/training_data/training_masks/augmented_cards/aug_00971.png
aug_00972,b_3,project/training_data/training_masks/augmented_cards/aug_00972.png
aug_00973,b_2,project/training_data/training_masks/augmented_cards/aug_00973.png
aug_00974,g_3,project/training_data/training_masks/augmented_cards/aug_00974.png
aug_00975,r_3,project/training_data/training_masks/augmented_cards/aug_00975.png
aug_00976,g_2,project/training_data/training_masks/augmented_cards/aug_00976.png
aug_00977,g_1,project/training_data/training_masks/augmented_cards/aug_00977.png
aug_00978,b_1,project/training_data/training_masks/augmented_cards/aug_00978.png
aug_00979,r_2,project/training_data/training_masks/augmented_cards/aug_00979.png
aug_00980,y_3,project/training_data/training_masks/augmented_cards/aug_00980.png
aug_00981,r_1,project/training_data/training_masks/augmented_cards/aug_00981.png
aug_00982,y_2,project/training_data/training_masks/augmented_cards/aug_00982.png
aug_00983,y_1,project/training_data/training_masks/augmented_cards/aug_00983.png
aug_00984,g_6,project/training_data/training_masks/augmented_cards/aug_00984.png
aug_00985,g_5,project/training_data/training_masks/augmented_cards/aug_00985.png
aug_00986,b_5,project/training_data/training_masks/augmented_cards/aug_00986.png
aug_00987,b_6,project/training_data/training_masks/augmented_cards/aug_00987.png
aug_00988,r_6,project/training_data/training_masks/augmented_cards/aug_00988.png
aug_00989,b_4,project/training_data/training_masks/augmented_cards/aug_00989.png
aug_00990,g_4,project/training_data/training_masks/augmented_cards/aug_00990.png
aug_00991,r_5,project/training_data/training_masks/augmented_cards/aug_00991.png
aug_00992,r_4,project/training_data/training_masks/augmented_cards/aug_00992.png
aug_00993,y_6,project/training_data/training_masks/augmented_cards/aug_00993.png
aug_00994,y_4,project/training_data/training_masks/augmented_cards/aug_00994.png
aug_00995,y_5,project/training_data/training_masks/augmented_cards/aug_00995.png
aug_00996,b_9,project/training_data/training_masks/augmented_cards/aug_00996.png
aug_00997,g_7,project/training_data/training_masks/augmented_cards/aug_00997.png
aug_00998,r_9,project/training_data/training_masks/augmented_cards/aug_00998.png
aug_00999,r_8,project/training_data/training_masks/augmented_cards/aug_00999.png
aug_01000,b_7,project/training_data/training_masks/augmented_cards/aug_01000.png
aug_01001,wild,project/training_data/training_masks/augmented_cards/aug_01001.png
aug_01002,g_9,project/training_data/training_masks/augmented_cards/aug_01002.png
aug_01003,g_8,project/training_data/training_masks/augmented_cards/aug_01003.png
aug_01004,b_8,project/training_data/training_masks/augmented_cards/aug_01004.png
aug_01005,draw_4,project/training_data/training_masks/augmented_cards/aug_01005.png
aug_01006,r_7,project/training_data/training_masks/augmented_cards/aug_01006.png
aug_01007,y_9,project/training_data/training_masks/augmented_cards/aug_01007.png
aug_01008,y_7,project/training_data/training_masks/augmented_cards/aug_01008.png
aug_01009,y_8,project/training_data/training_masks/augmented_cards/aug_01009.png
aug_01010,g_skip,project/training_data/training_masks/augmented_cards/aug_01010.png
aug_01011,g_reverse,project/training_data/training_masks/augmented_cards/aug_01011.png
aug_01012,b_reverse,project/training_data/training_masks/augmented_cards/aug_01012.png
aug_01013,b_0,project/training_data/training_masks/augmented_cards/aug_01013.png
aug_01014,b_skip,project/training_data/training_masks/augmented_cards/aug_01014.png
aug_01015,r_skip,project/training_data/training_masks/augmented_cards/aug_01015.png
aug_01016,g_0,project/training_data/training_masks/augmented_cards/aug_01016.png
aug_01017,r_reverse,project/training_data/training_masks/augmented_cards/aug_01017.png
aug_01018,r_0,project/training_data/training_masks/augmented_cards/aug_01018.png
aug_01019,b_draw_2,project/training_data/training_masks/augmented_cards/aug_01019.png
aug_01020,r_draw_2,project/training_data/training_masks/augmented_cards/aug_01020.png
aug_01021,y_skip,project/training_data/training_masks/augmented_cards/aug_01021.png
aug_01022,y_reverse,project/training_data/training_masks/augmented_cards/aug_01022.png
aug_01023,y_0,project/training_data/training_masks/augmented_cards/aug_01023.png
aug_01024,g_draw_2,project/training_data/training_masks/augmented_cards/aug_01024.png
aug_01025,y_draw_2,project/training_data/training_masks/augmented_cards/aug_01025.png
aug_01026,b_3,project/training_data/training_masks/augmented_cards/aug_01026.png
aug_01027,b_2,project/training_data/training_masks/augmented_cards/aug_01027.png
aug_01028,g_3,project/training_data/training_masks/augmented_cards/aug_01028.png
aug_01029,r_3,project/training_data/training_masks/augmented_cards/aug_01029.png
aug_01030,g_2,project/training_data/training_masks/augmented_cards/aug_01030.png
aug_01031,g_1,project/training_data/training_masks/augmented_cards/aug_01031.png
aug_01032,b_1,project/training_data/training_masks/augmented_cards/aug_01032.png
aug_01033,r_2,project/training_data/training_masks/augmented_cards/aug_01033.png
aug_01034,y_3,project/training_data/training_masks/augmented_cards/aug_01034.png
aug_01035,r_1,project/training_data/training_masks/augmented_cards/aug_01035.png
aug_01036,y_2,project/training_data/training_masks/augmented_cards/aug_01036.png
aug_01037,y_1,project/training_data/training_masks/augmented_cards/aug_01037.png
aug_01038,g_6,project/training_data/training_masks/augmented_cards/aug_01038.png
aug_01039,g_5,project/training_data/training_masks/augmented_cards/aug_01039.png
aug_01040,b_5,project/training_data/training_masks/augmented_cards/aug_01040.png
aug_01041,b_6,project/training_data/training_masks/augmented_cards/aug_01041.png
aug_01042,r_6,project/training_data/training_masks/augmented_cards/aug_01042.png
aug_01043,b_4,project/training_data/training_masks/augmented_cards/aug_01043.png
aug_01044,g_4,project/training_data/training_masks/augmented_cards/aug_01044.png
aug_01045,r_5,project/training_data/training_masks/augmented_cards/aug_01045.png
aug_01046,r_4,project/training_data/training_masks/augmented_cards/aug_01046.png
aug_01047,y_6,project/training_data/training_masks/augmented_cards/aug_01047.png
aug_01048,y_4,project/training_data/training_masks/augmented_cards/aug_01048.png
aug_01049,y_5,project/training_data/training_masks/augmented_cards/aug_01049.png
aug_01050,b_9,project/training_data/training_masks/augmented_cards/aug_01050.png
aug_01051,g_7,project/training_data/training_masks/augmented_cards/aug_01051.png
aug_01052,r_9,project/training_data/training_masks/augmented_cards/aug_01052.png
aug_01053,r_8,project/training_data/training_masks/augmented_cards/aug_01053.png
aug_01054,b_7,project/training_data/training_masks/augmented_cards/aug_01054.png
aug_01055,wild,project/training_data/training_masks/augmented_cards/aug_01055.png
aug_01056,g_9,project/training_data/training_masks/augmented_cards/aug_01056.png
aug_01057,g_8,project/training_data/training_masks/augmented_cards/aug_01057.png
aug_01058,b_8,project/training_data/training_masks/augmented_cards/aug_01058.png
aug_01059,draw_4,project/training_data/training_masks/augmented_cards/aug_01059.png
aug_01060,r_7,project/training_data/training_masks/augmented_cards/aug_01060.png
aug_01061,y_9,project/training_data/training_masks/augmented_cards/aug_01061.png
aug_01062,y_7,project/training_data/training_masks/augmented_cards/aug_01062.png
aug_01063,y_8,project/training_data/training_masks/augmented_cards/aug_01063.png
aug_01064,g_skip,project/training_data/training_masks/augmented_cards/aug_01064.png
aug_01065,g_reverse,project/training_data/training_masks/augmented_cards/aug_01065.png
aug_01066,b_reverse,project/training_data/training_masks/augmented_cards/aug_01066.png
aug_01067,b_0,project/training_data/training_masks/augmented_cards/aug_01067.png
aug_01068,b_skip,project/training_data/training_masks/augmented_cards/aug_01068.png
aug_01069,r_skip,project/training_data/training_masks/augmented_cards/aug_01069.png
aug_01070,g_0,project/training_data/training_masks/augmented_cards/aug_01070.png
aug_01071,r_reverse,project/training_data/training_masks/augmented_cards/aug_01071.png
aug_01072,r_0,project/training_data/training_masks/augmented_cards/aug_01072.png
aug_01073,b_draw_2,project/training_data/training_masks/augmented_cards/aug_01073.png
aug_01074,r_draw_2,project/training_data/training_masks/augmented_cards/aug_01074.png
aug_01075,y_skip,project/training_data/training_masks/augmented_cards/aug_01075.png
aug_01076,y_reverse,project/training_data/training_masks/augmented_cards/aug_01076.png
aug_01077,y_0,project/training_data/training_masks/augmented_cards/aug_01077.png
aug_01078,g_draw_2,project/training_data/training_masks/augmented_cards/aug_01078.png
aug_01079,y_draw_2,project/training_data/training_masks/augmented_cards/aug_01079.png
aug_01080,b_3,project/training_data/training_masks/augmented_cards/aug_01080.png
aug_01081,b_2,project/training_data/training_masks/augmented_cards/aug_01081.png
aug_01082,g_3,project/training_data/training_masks/augmented_cards/aug_01082.png
aug_01083,r_3,project/training_data/training_masks/augmented_cards/aug_01083.png
aug_01084,g_2,project/training_data/training_masks/augmented_cards/aug_01084.png
aug_01085,g_1,project/training_data/training_masks/augmented_cards/aug_01085.png
aug_01086,b_1,project/training_data/training_masks/augmented_cards/aug_01086.png
aug_01087,r_2,project/training_data/training_masks/augmented_cards/aug_01087.png
aug_01088,y_3,project/training_data/training_masks/augmented_cards/aug_01088.png
aug_01089,r_1,project/training_data/training_masks/augmented_cards/aug_01089.png
aug_01090,y_2,project/training_data/training_masks/augmented_cards/aug_01090.png
aug_01091,y_1,project/training_data/training_masks/augmented_cards/aug_01091.png
aug_01092,g_6,project/training_data/training_masks/augmented_cards/aug_01092.png
aug_01093,g_5,project/training_data/training_masks/augmented_cards/aug_01093.png
aug_01094,b_5,project/training_data/training_masks/augmented_cards/aug_01094.png
aug_01095,b_6,project/training_data/training_masks/augmented_cards/aug_01095.png
aug_01096,r_6,project/training_data/training_masks/augmented_cards/aug_01096.png
aug_01097,b_4,project/training_data/training_masks/augmented_cards/aug_01097.png
aug_01098,g_4,project/training_data/training_masks/augmented_cards/aug_01098.png
aug_01099,r_5,project/training_data/training_masks/augmented_cards/aug_01099.png
aug_01100,r_4,project/training_data/training_masks/augmented_cards/aug_01100.png
aug_01101,y_6,project/training_data/training_masks/augmented_cards/aug_01101.png
aug_01102,y_4,project/training_data/training_masks/augmented_cards/aug_01102.png
aug_01103,y_5,project/training_data/training_masks/augmented_cards/aug_01103.png
aug_01104,b_9,project/training_data/training_masks/augmented_cards/aug_01104.png
aug_01105,g_7,project/training_data/training_masks/augmented_cards/aug_01105.png
aug_01106,r_9,project/training_data/training_masks/augmented_cards/aug_01106.png
aug_01107,r_8,project/training_data/training_masks/augmented_cards/aug_01107.png
aug_01108,b_7,project/training_data/training_masks/augmented_cards/aug_01108.png
aug_01109,wild,project/training_data/training_masks/augmented_cards/aug_01109.png
aug_01110,g_9,project/training_data/training_masks/augmented_cards/aug_01110.png
aug_01111,g_8,project/training_data/training_masks/augmented_cards/aug_01111.png
aug_01112,b_8,project/training_data/training_masks/augmented_cards/aug_01112.png
aug_01113,draw_4,project/training_data/training_masks/augmented_cards/aug_01113.png
aug_01114,r_7,project/training_data/training_masks/augmented_cards/aug_01114.png
aug_01115,y_9,project/training_data/training_masks/augmented_cards/aug_01115.png
aug_01116,y_7,project/training_data/training_masks/augmented_cards/aug_01116.png
aug_01117,y_8,project/training_data/training_masks/augmented_cards/aug_01117.png
aug_01118,g_skip,project/training_data/training_masks/augmented_cards/aug_01118.png
aug_01119,g_reverse,project/training_data/training_masks/augmented_cards/aug_01119.png
aug_01120,b_reverse,project/training_data/training_masks/augmented_cards/aug_01120.png
aug_01121,b_0,project/training_data/training_masks/augmented_cards/aug_01121.png
aug_01122,b_skip,project/training_data/training_masks/augmented_cards/aug_01122.png
aug_01123,r_skip,project/training_data/training_masks/augmented_cards/aug_01123.png
aug_01124,g_0,project/training_data/training_masks/augmented_cards/aug_01124.png
aug_01125,r_reverse,project/training_data/training_masks/augmented_cards/aug_01125.png
aug_01126,r_0,project/training_data/training_masks/augmented_cards/aug_01126.png
aug_01127,b_draw_2,project/training_data/training_masks/augmented_cards/aug_01127.png
aug_01128,r_draw_2,project/training_data/training_masks/augmented_cards/aug_01128.png
aug_01129,y_skip,project/training_data/training_masks/augmented_cards/aug_01129.png
aug_01130,y_reverse,project/training_data/training_masks/augmented_cards/aug_01130.png
aug_01131,y_0,project/training_data/training_masks/augmented_cards/aug_01131.png
aug_01132,g_draw_2,project/training_data/training_masks/augmented_cards/aug_01132.png
aug_01133,y_draw_2,project/training_data/training_masks/augmented_cards/aug_01133.png
aug_01134,b_3,project/training_data/training_masks/augmented_cards/aug_01134.png
aug_01135,b_2,project/training_data/training_masks/augmented_cards/aug_01135.png
aug_01136,g_3,project/training_data/training_masks/augmented_cards/aug_01136.png
aug_01137,r_3,project/training_data/training_masks/augmented_cards/aug_01137.png
aug_01138,g_2,project/training_data/training_masks/augmented_cards/aug_01138.png
aug_01139,g_1,project/training_data/training_masks/augmented_cards/aug_01139.png
aug_01140,b_1,project/training_data/training_masks/augmented_cards/aug_01140.png
aug_01141,r_2,project/training_data/training_masks/augmented_cards/aug_01141.png
aug_01142,y_3,project/training_data/training_masks/augmented_cards/aug_01142.png
aug_01143,r_1,project/training_data/training_masks/augmented_cards/aug_01143.png
aug_01144,y_2,project/training_data/training_masks/augmented_cards/aug_01144.png
aug_01145,y_1,project/training_data/training_masks/augmented_cards/aug_01145.png
aug_01146,g_6,project/training_data/training_masks/augmented_cards/aug_01146.png
aug_01147,g_5,project/training_data/training_masks/augmented_cards/aug_01147.png
aug_01148,b_5,project/training_data/training_masks/augmented_cards/aug_01148.png
aug_01149,b_6,project/training_data/training_masks/augmented_cards/aug_01149.png
aug_01150,r_6,project/training_data/training_masks/augmented_cards/aug_01150.png
aug_01151,b_4,project/training_data/training_masks/augmented_cards/aug_01151.png
aug_01152,g_4,project/training_data/training_masks/augmented_cards/aug_01152.png
aug_01153,r_5,project/training_data/training_masks/augmented_cards/aug_01153.png
aug_01154,r_4,project/training_data/training_masks/augmented_cards/aug_01154.png
aug_01155,y_6,project/training_data/training_masks/augmented_cards/aug_01155.png
aug_01156,y_4,project/training_data/training_masks/augmented_cards/aug_01156.png
aug_01157,y_5,project/training_data/training_masks/augmented_cards/aug_01157.png
aug_01158,b_9,project/training_data/training_masks/augmented_cards/aug_01158.png
aug_01159,g_7,project/training_data/training_masks/augmented_cards/aug_01159.png
aug_01160,r_9,project/training_data/training_masks/augmented_cards/aug_01160.png
aug_01161,r_8,project/training_data/training_masks/augmented_cards/aug_01161.png
aug_01162,b_7,project/training_data/training_masks/augmented_cards/aug_01162.png
aug_01163,wild,project/training_data/training_masks/augmented_cards/aug_01163.png
aug_01164,g_9,project/training_data/training_masks/augmented_cards/aug_01164.png
aug_01165,g_8,project/training_data/training_masks/augmented_cards/aug_01165.png
aug_01166,b_8,project/training_data/training_masks/augmented_cards/aug_01166.png
aug_01167,draw_4,project/training_data/training_masks/augmented_cards/aug_01167.png
aug_01168,r_7,project/training_data/training_masks/augmented_cards/aug_01168.png
aug_01169,y_9,project/training_data/training_masks/augmented_cards/aug_01169.png
aug_01170,y_7,project/training_data/training_masks/augmented_cards/aug_01170.png
aug_01171,y_8,project/training_data/training_masks/augmented_cards/aug_01171.png
aug_01172,g_skip,project/training_data/training_masks/augmented_cards/aug_01172.png
aug_01173,g_reverse,project/training_data/training_masks/augmented_cards/aug_01173.png
aug_01174,b_reverse,project/training_data/training_masks/augmented_cards/aug_01174.png
aug_01175,b_0,project/training_data/training_masks/augmented_cards/aug_01175.png
aug_01176,b_skip,project/training_data/training_masks/augmented_cards/aug_01176.png
aug_01177,r_skip,project/training_data/training_masks/augmented_cards/aug_01177.png
aug_01178,g_0,project/training_data/training_masks/augmented_cards/aug_01178.png
aug_01179,r_reverse,project/training_data/training_masks/augmented_cards/aug_01179.png
aug_01180,r_0,project/training_data/training_masks/augmented_cards/aug_01180.png
aug_01181,b_draw_2,project/training_data/training_masks/augmented_cards/aug_01181.png
aug_01182,r_draw_2,project/training_data/training_masks/augmented_cards/aug_01182.png
aug_01183,y_skip,project/training_data/training_masks/augmented_cards/aug_01183.png
aug_01184,y_reverse,project/training_data/training_masks/augmented_cards/aug_01184.png
aug_01185,y_0,project/training_data/training_masks/augmented_cards/aug_01185.png
aug_01186,g_draw_2,project/training_data/training_masks/augmented_cards/aug_01186.png
aug_01187,y_draw_2,project/training_data/training_masks/augmented_cards/aug_01187.png
aug_01188,b_3,project/training_data/training_masks/augmented_cards/aug_01188.png
aug_01189,b_2,project/training_data/training_masks/augmented_cards/aug_01189.png
aug_01190,g_3,project/training_data/training_masks/augmented_cards/aug_01190.png
aug_01191,r_3,project/training_data/training_masks/augmented_cards/aug_01191.png
aug_01192,g_2,project/training_data/training_masks/augmented_cards/aug_01192.png
aug_01193,g_1,project/training_data/training_masks/augmented_cards/aug_01193.png
aug_01194,b_1,project/training_data/training_masks/augmented_cards/aug_01194.png
aug_01195,r_2,project/training_data/training_masks/augmented_cards/aug_01195.png
aug_01196,y_3,project/training_data/training_masks/augmented_cards/aug_01196.png
aug_01197,r_1,project/training_data/training_masks/augmented_cards/aug_01197.png
aug_01198,y_2,project/training_data/training_masks/augmented_cards/aug_01198.png
aug_01199,y_1,project/training_data/training_masks/augmented_cards/aug_01199.png
aug_01200,g_6,project/training_data/training_masks/augmented_cards/aug_01200.png
aug_01201,g_5,project/training_data/training_masks/augmented_cards/aug_01201.png
aug_01202,b_5,project/training_data/training_masks/augmented_cards/aug_01202.png
aug_01203,b_6,project/training_data/training_masks/augmented_cards/aug_01203.png
aug_01204,r_6,project/training_data/training_masks/augmented_cards/aug_01204.png
aug_01205,b_4,project/training_data/training_masks/augmented_cards/aug_01205.png
aug_01206,g_4,project/training_data/training_masks/augmented_cards/aug_01206.png
aug_01207,r_5,project/training_data/training_masks/augmented_cards/aug_01207.png
aug_01208,r_4,project/training_data/training_masks/augmented_cards/aug_01208.png
aug_01209,y_6,project/training_data/training_masks/augmented_cards/aug_01209.png
aug_01210,y_4,project/training_data/training_masks/augmented_cards/aug_01210.png
aug_01211,y_5,project/training_data/training_masks/augmented_cards/aug_01211.png
aug_01212,b_9,project/training_data/training_masks/augmented_cards/aug_01212.png
aug_01213,g_7,project/training_data/training_masks/augmented_cards/aug_01213.png
aug_01214,r_9,project/training_data/training_masks/augmented_cards/aug_01214.png
aug_01215,r_8,project/training_data/training_masks/augmented_cards/aug_01215.png
aug_01216,b_7,project/training_data/training_masks/augmented_cards/aug_01216.png
aug_01217,wild,project/training_data/training_masks/augmented_cards/aug_01217.png
aug_01218,g_9,project/training_data/training_masks/augmented_cards/aug_01218.png
aug_01219,g_8,project/training_data/training_masks/augmented_cards/aug_01219.png
aug_01220,b_8,project/training_data/training_masks/augmented_cards/aug_01220.png
aug_01221,draw_4,project/training_data/training_masks/augmented_cards/aug_01221.png
aug_01222,r_7,project/training_data/training_masks/augmented_cards/aug_01222.png
aug_01223,y_9,project/training_data/training_masks/augmented_cards/aug_01223.png
aug_01224,y_7,project/training_data/training_masks/augmented_cards/aug_01224.png
aug_01225,y_8,project/training_data/training_masks/augmented_cards/aug_01225.png
aug_01226,g_skip,project/training_data/training_masks/augmented_cards/aug_01226.png
aug_01227,g_reverse,project/training_data/training_masks/augmented_cards/aug_01227.png
aug_01228,b_reverse,project/training_data/training_masks/augmented_cards/aug_01228.png
aug_01229,b_0,project/training_data/training_masks/augmented_cards/aug_01229.png
aug_01230,b_skip,project/training_data/training_masks/augmented_cards/aug_01230.png
aug_01231,r_skip,project/training_data/training_masks/augmented_cards/aug_01231.png
aug_01232,g_0,project/training_data/training_masks/augmented_cards/aug_01232.png
aug_01233,r_reverse,project/training_data/training_masks/augmented_cards/aug_01233.png
aug_01234,r_0,project/training_data/training_masks/augmented_cards/aug_01234.png
aug_01235,b_draw_2,project/training_data/training_masks/augmented_cards/aug_01235.png
aug_01236,r_draw_2,project/training_data/training_masks/augmented_cards/aug_01236.png
aug_01237,y_skip,project/training_data/training_masks/augmented_cards/aug_01237.png
aug_01238,y_reverse,project/training_data/training_masks/augmented_cards/aug_01238.png
aug_01239,y_0,project/training_data/training_masks/augmented_cards/aug_01239.png
aug_01240,g_draw_2,project/training_data/training_masks/augmented_cards/aug_01240.png
aug_01241,y_draw_2,project/training_data/training_masks/augmented_cards/aug_01241.png
aug_01242,b_3,project/training_data/training_masks/augmented_cards/aug_01242.png
aug_01243,b_2,project/training_data/training_masks/augmented_cards/aug_01243.png
aug_01244,g_3,project/training_data/training_masks/augmented_cards/aug_01244.png
aug_01245,r_3,project/training_data/training_masks/augmented_cards/aug_01245.png
aug_01246,g_2,project/training_data/training_masks/augmented_cards/aug_01246.png
aug_01247,g_1,project/training_data/training_masks/augmented_cards/aug_01247.png
aug_01248,b_1,project/training_data/training_masks/augmented_cards/aug_01248.png
aug_01249,r_2,project/training_data/training_masks/augmented_cards/aug_01249.png
aug_01250,y_3,project/training_data/training_masks/augmented_cards/aug_01250.png
aug_01251,r_1,project/training_data/training_masks/augmented_cards/aug_01251.png
aug_01252,y_2,project/training_data/training_masks/augmented_cards/aug_01252.png
aug_01253,y_1,project/training_data/training_masks/augmented_cards/aug_01253.png
aug_01254,g_6,project/training_data/training_masks/augmented_cards/aug_01254.png
aug_01255,g_5,project/training_data/training_masks/augmented_cards/aug_01255.png
aug_01256,b_5,project/training_data/training_masks/augmented_cards/aug_01256.png
aug_01257,b_6,project/training_data/training_masks/augmented_cards/aug_01257.png
aug_01258,r_6,project/training_data/training_masks/augmented_cards/aug_01258.png
aug_01259,b_4,project/training_data/training_masks/augmented_cards/aug_01259.png
aug_01260,g_4,project/training_data/training_masks/augmented_cards/aug_01260.png
aug_01261,r_5,project/training_data/training_masks/augmented_cards/aug_01261.png
aug_01262,r_4,project/training_data/training_masks/augmented_cards/aug_01262.png
aug_01263,y_6,project/training_data/training_masks/augmented_cards/aug_01263.png
aug_01264,y_4,project/training_data/training_masks/augmented_cards/aug_01264.png
aug_01265,y_5,project/training_data/training_masks/augmented_cards/aug_01265.png
aug_01266,b_9,project/training_data/training_masks/augmented_cards/aug_01266.png
aug_01267,g_7,project/training_data/training_masks/augmented_cards/aug_01267.png
aug_01268,r_9,project/training_data/training_masks/augmented_cards/aug_01268.png
aug_01269,r_8,project/training_data/training_masks/augmented_cards/aug_01269.png
aug_01270,b_7,project/training_data/training_masks/augmented_cards/aug_01270.png
aug_01271,wild,project/training_data/training_masks/augmented_cards/aug_01271.png
aug_01272,g_9,project/training_data/training_masks/augmented_cards/aug_01272.png
aug_01273,g_8,project/training_data/training_masks/augmented_cards/aug_01273.png
aug_01274,b_8,project/training_data/training_masks/augmented_cards/aug_01274.png
aug_01275,draw_4,project/training_data/training_masks/augmented_cards/aug_01275.png
aug_01276,r_7,project/training_data/training_masks/augmented_cards/aug_01276.png
aug_01277,y_9,project/training_data/training_masks/augmented_cards/aug_01277.png
aug_01278,y_7,project/training_data/training_masks/augmented_cards/aug_01278.png
aug_01279,y_8,project/training_data/training_masks/augmented_cards/aug_01279.png
aug_01280,g_skip,project/training_data/training_masks/augmented_cards/aug_01280.png
aug_01281,g_reverse,project/training_data/training_masks/augmented_cards/aug_01281.png
aug_01282,b_reverse,project/training_data/training_masks/augmented_cards/aug_01282.png
aug_01283,b_0,project/training_data/training_masks/augmented_cards/aug_01283.png
aug_01284,b_skip,project/training_data/training_masks/augmented_cards/aug_01284.png
aug_01285,r_skip,project/training_data/training_masks/augmented_cards/aug_01285.png
aug_01286,g_0,project/training_data/training_masks/augmented_cards/aug_01286.png
aug_01287,r_reverse,project/training_data/training_masks/augmented_cards/aug_01287.png
aug_01288,r_0,project/training_data/training_masks/augmented_cards/aug_01288.png
aug_01289,b_draw_2,project/training_data/training_masks/augmented_cards/aug_01289.png
aug_01290,r_draw_2,project/training_data/training_masks/augmented_cards/aug_01290.png
aug_01291,y_skip,project/training_data/training_masks/augmented_cards/aug_01291.png
aug_01292,y_reverse,project/training_data/training_masks/augmented_cards/aug_01292.png
aug_01293,y_0,project/training_data/training_masks/augmented_cards/aug_01293.png
aug_01294,g_draw_2,project/training_data/training_masks/augmented_cards/aug_01294.png
aug_01295,y_draw_2,project/training_data/training_masks/augmented_cards/aug_01295.png
aug_01296,b_3,project/training_data/training_masks/augmented_cards/aug_01296.png
aug_01297,b_2,project/training_data/training_masks/augmented_cards/aug_01297.png
aug_01298,g_3,project/training_data/training_masks/augmented_cards/aug_01298.png
aug_01299,r_3,project/training_data/training_masks/augmented_cards/aug_01299.png
aug_01300,g_2,project/training_data/training_masks/augmented_cards/aug_01300.png
aug_01301,g_1,project/training_data/training_masks/augmented_cards/aug_01301.png
aug_01302,b_1,project/training_data/training_masks/augmented_cards/aug_01302.png
aug_01303,r_2,project/training_data/training_masks/augmented_cards/aug_01303.png
aug_01304,y_3,project/training_data/training_masks/augmented_cards/aug_01304.png
aug_01305,r_1,project/training_data/training_masks/augmented_cards/aug_01305.png
aug_01306,y_2,project/training_data/training_masks/augmented_cards/aug_01306.png
aug_01307,y_1,project/training_data/training_masks/augmented_cards/aug_01307.png
aug_01308,g_6,project/training_data/training_masks/augmented_cards/aug_01308.png
aug_01309,g_5,project/training_data/training_masks/augmented_cards/aug_01309.png
aug_01310,b_5,project/training_data/training_masks/augmented_cards/aug_01310.png
aug_01311,b_6,project/training_data/training_masks/augmented_cards/aug_01311.png
aug_01312,r_6,project/training_data/training_masks/augmented_cards/aug_01312.png
aug_01313,b_4,project/training_data/training_masks/augmented_cards/aug_01313.png
aug_01314,g_4,project/training_data/training_masks/augmented_cards/aug_01314.png
aug_01315,r_5,project/training_data/training_masks/augmented_cards/aug_01315.png
aug_01316,r_4,project/training_data/training_masks/augmented_cards/aug_01316.png
aug_01317,y_6,project/training_data/training_masks/augmented_cards/aug_01317.png
aug_01318,y_4,project/training_data/training_masks/augmented_cards/aug_01318.png
aug_01319,y_5,project/training_data/training_masks/augmented_cards/aug_01319.png
aug_01320,b_9,project/training_data/training_masks/augmented_cards/aug_01320.png
aug_01321,g_7,project/training_data/training_masks/augmented_cards/aug_01321.png
aug_01322,r_9,project/training_data/training_masks/augmented_cards/aug_01322.png
aug_01323,r_8,project/training_data/training_masks/augmented_cards/aug_01323.png
aug_01324,b_7,project/training_data/training_masks/augmented_cards/aug_01324.png
aug_01325,wild,project/training_data/training_masks/augmented_cards/aug_01325.png
aug_01326,g_9,project/training_data/training_masks/augmented_cards/aug_01326.png
aug_01327,g_8,project/training_data/training_masks/augmented_cards/aug_01327.png
aug_01328,b_8,project/training_data/training_masks/augmented_cards/aug_01328.png
aug_01329,draw_4,project/training_data/training_masks/augmented_cards/aug_01329.png
aug_01330,r_7,project/training_data/training_masks/augmented_cards/aug_01330.png
aug_01331,y_9,project/training_data/training_masks/augmented_cards/aug_01331.png
aug_01332,y_7,project/training_data/training_masks/augmented_cards/aug_01332.png
aug_01333,y_8,project/training_data/training_masks/augmented_cards/aug_01333.png
aug_01334,g_skip,project/training_data/training_masks/augmented_cards/aug_01334.png
aug_01335,g_reverse,project/training_data/training_masks/augmented_cards/aug_01335.png
aug_01336,b_reverse,project/training_data/training_masks/augmented_cards/aug_01336.png
aug_01337,b_0,project/training_data/training_masks/augmented_cards/aug_01337.png
aug_01338,b_skip,project/training_data/training_masks/augmented_cards/aug_01338.png
aug_01339,r_skip,project/training_data/training_masks/augmented_cards/aug_01339.png
aug_01340,g_0,project/training_data/training_masks/augmented_cards/aug_01340.png
aug_01341,r_reverse,project/training_data/training_masks/augmented_cards/aug_01341.png
aug_01342,r_0,project/training_data/training_masks/augmented_cards/aug_01342.png
aug_01343,b_draw_2,project/training_data/training_masks/augmented_cards/aug_01343.png
aug_01344,r_draw_2,project/training_data/training_masks/augmented_cards/aug_01344.png
aug_01345,y_skip,project/training_data/training_masks/augmented_cards/aug_01345.png
aug_01346,y_reverse,project/training_data/training_masks/augmented_cards/aug_01346.png
aug_01347,y_0,project/training_data/training_masks/augmented_cards/aug_01347.png
aug_01348,g_draw_2,project/training_data/training_masks/augmented_cards/aug_01348.png
aug_01349,y_draw_2,project/training_data/training_masks/augmented_cards/aug_01349.png
aug_01350,b_3,project/training_data/training_masks/augmented_cards/aug_01350.png
aug_01351,b_2,project/training_data/training_masks/augmented_cards/aug_01351.png
aug_01352,g_3,project/training_data/training_masks/augmented_cards/aug_01352.png
aug_01353,r_3,project/training_data/training_masks/augmented_cards/aug_01353.png
aug_01354,g_2,project/training_data/training_masks/augmented_cards/aug_01354.png
aug_01355,g_1,project/training_data/training_masks/augmented_cards/aug_01355.png
aug_01356,b_1,project/training_data/training_masks/augmented_cards/aug_01356.png
aug_01357,r_2,project/training_data/training_masks/augmented_cards/aug_01357.png
aug_01358,y_3,project/training_data/training_masks/augmented_cards/aug_01358.png
aug_01359,r_1,project/training_data/training_masks/augmented_cards/aug_01359.png
aug_01360,y_2,project/training_data/training_masks/augmented_cards/aug_01360.png
aug_01361,y_1,project/training_data/training_masks/augmented_cards/aug_01361.png
aug_01362,g_6,project/training_data/training_masks/augmented_cards/aug_01362.png
aug_01363,g_5,project/training_data/training_masks/augmented_cards/aug_01363.png
aug_01364,b_5,project/training_data/training_masks/augmented_cards/aug_01364.png
aug_01365,b_6,project/training_data/training_masks/augmented_cards/aug_01365.png
aug_01366,r_6,project/training_data/training_masks/augmented_cards/aug_01366.png
aug_01367,b_4,project/training_data/training_masks/augmented_cards/aug_01367.png
aug_01368,g_4,project/training_data/training_masks/augmented_cards/aug_01368.png
aug_01369,r_5,project/training_data/training_masks/augmented_cards/aug_01369.png
aug_01370,r_4,project/training_data/training_masks/augmented_cards/aug_01370.png
aug_01371,y_6,project/training_data/training_masks/augmented_cards/aug_01371.png
aug_01372,y_4,project/training_data/training_masks/augmented_cards/aug_01372.png
aug_01373,y_5,project/training_data/training_masks/augmented_cards/aug_01373.png
aug_01374,b_9,project/training_data/training_masks/augmented_cards/aug_01374.png
aug_01375,g_7,project/training_data/training_masks/augmented_cards/aug_01375.png
aug_01376,r_9,project/training_data/training_masks/augmented_cards/aug_01376.png
aug_01377,r_8,project/training_data/training_masks/augmented_cards/aug_01377.png
aug_01378,b_7,project/training_data/training_masks/augmented_cards/aug_01378.png
aug_01379,wild,project/training_data/training_masks/augmented_cards/aug_01379.png
aug_01380,g_9,project/training_data/training_masks/augmented_cards/aug_01380.png
aug_01381,g_8,project/training_data/training_masks/augmented_cards/aug_01381.png
aug_01382,b_8,project/training_data/training_masks/augmented_cards/aug_01382.png
aug_01383,draw_4,project/training_data/training_masks/augmented_cards/aug_01383.png
aug_01384,r_7,project/training_data/training_masks/augmented_cards/aug_01384.png
aug_01385,y_9,project/training_data/training_masks/augmented_cards/aug_01385.png
aug_01386,y_7,project/training_data/training_masks/augmented_cards/aug_01386.png
aug_01387,y_8,project/training_data/training_masks/augmented_cards/aug_01387.png
aug_01388,g_skip,project/training_data/training_masks/augmented_cards/aug_01388.png
aug_01389,g_reverse,project/training_data/training_masks/augmented_cards/aug_01389.png
aug_01390,b_reverse,project/training_data/training_masks/augmented_cards/aug_01390.png
aug_01391,b_0,project/training_data/training_masks/augmented_cards/aug_01391.png
aug_01392,b_skip,project/training_data/training_masks/augmented_cards/aug_01392.png
aug_01393,r_skip,project/training_data/training_masks/augmented_cards/aug_01393.png
aug_01394,g_0,project/training_data/training_masks/augmented_cards/aug_01394.png
aug_01395,r_reverse,project/training_data/training_masks/augmented_cards/aug_01395.png
aug_01396,r_0,project/training_data/training_masks/augmented_cards/aug_01396.png
aug_01397,b_draw_2,project/training_data/training_masks/augmented_cards/aug_01397.png
aug_01398,r_draw_2,project/training_data/training_masks/augmented_cards/aug_01398.png
aug_01399,y_skip,project/training_data/training_masks/augmented_cards/aug_01399.png
aug_01400,y_reverse,project/training_data/training_masks/augmented_cards/aug_01400.png
aug_01401,y_0,project/training_data/training_masks/augmented_cards/aug_01401.png
aug_01402,g_draw_2,project/training_data/training_masks/augmented_cards/aug_01402.png
aug_01403,y_draw_2,project/training_data/training_masks/augmented_cards/aug_01403.png
aug_01404,b_3,project/training_data/training_masks/augmented_cards/aug_01404.png
aug_01405,b_2,project/training_data/training_masks/augmented_cards/aug_01405.png
aug_01406,g_3,project/training_data/training_masks/augmented_cards/aug_01406.png
aug_01407,r_3,project/training_data/training_masks/augmented_cards/aug_01407.png
aug_01408,g_2,project/training_data/training_masks/augmented_cards/aug_01408.png
aug_01409,g_1,project/training_data/training_masks/augmented_cards/aug_01409.png
aug_01410,b_1,project/training_data/training_masks/augmented_cards/aug_01410.png
aug_01411,r_2,project/training_data/training_masks/augmented_cards/aug_01411.png
aug_01412,y_3,project/training_data/training_masks/augmented_cards/aug_01412.png
aug_01413,r_1,project/training_data/training_masks/augmented_cards/aug_01413.png
aug_01414,y_2,project/training_data/training_masks/augmented_cards/aug_01414.png
aug_01415,y_1,project/training_data/training_masks/augmented_cards/aug_01415.png
aug_01416,g_6,project/training_data/training_masks/augmented_cards/aug_01416.png
aug_01417,g_5,project/training_data/training_masks/augmented_cards/aug_01417.png
aug_01418,b_5,project/training_data/training_masks/augmented_cards/aug_01418.png
aug_01419,b_6,project/training_data/training_masks/augmented_cards/aug_01419.png
aug_01420,r_6,project/training_data/training_masks/augmented_cards/aug_01420.png
aug_01421,b_4,project/training_data/training_masks/augmented_cards/aug_01421.png
aug_01422,g_4,project/training_data/training_masks/augmented_cards/aug_01422.png
aug_01423,r_5,project/training_data/training_masks/augmented_cards/aug_01423.png
aug_01424,r_4,project/training_data/training_masks/augmented_cards/aug_01424.png
aug_01425,y_6,project/training_data/training_masks/augmented_cards/aug_01425.png
aug_01426,y_4,project/training_data/training_masks/augmented_cards/aug_01426.png
aug_01427,y_5,project/training_data/training_masks/augmented_cards/aug_01427.png
aug_01428,b_9,project/training_data/training_masks/augmented_cards/aug_01428.png
aug_01429,g_7,project/training_data/training_masks/augmented_cards/aug_01429.png
aug_01430,r_9,project/training_data/training_masks/augmented_cards/aug_01430.png
aug_01431,r_8,project/training_data/training_masks/augmented_cards/aug_01431.png
aug_01432,b_7,project/training_data/training_masks/augmented_cards/aug_01432.png
aug_01433,wild,project/training_data/training_masks/augmented_cards/aug_01433.png
aug_01434,g_9,project/training_data/training_masks/augmented_cards/aug_01434.png
aug_01435,g_8,project/training_data/training_masks/augmented_cards/aug_01435.png
aug_01436,b_8,project/training_data/training_masks/augmented_cards/aug_01436.png
aug_01437,draw_4,project/training_data/training_masks/augmented_cards/aug_01437.png
aug_01438,r_7,project/training_data/training_masks/augmented_cards/aug_01438.png
aug_01439,y_9,project/training_data/training_masks/augmented_cards/aug_01439.png
aug_01440,y_7,project/training_data/training_masks/augmented_cards/aug_01440.png
aug_01441,y_8,project/training_data/training_masks/augmented_cards/aug_01441.png
aug_01442,g_skip,project/training_data/training_masks/augmented_cards/aug_01442.png
aug_01443,g_reverse,project/training_data/training_masks/augmented_cards/aug_01443.png
aug_01444,b_reverse,project/training_data/training_masks/augmented_cards/aug_01444.png
aug_01445,b_0,project/training_data/training_masks/augmented_cards/aug_01445.png
aug_01446,b_skip,project/training_data/training_masks/augmented_cards/aug_01446.png
aug_01447,r_skip,project/training_data/training_masks/augmented_cards/aug_01447.png
aug_01448,g_0,project/training_data/training_masks/augmented_cards/aug_01448.png
aug_01449,r_reverse,project/training_data/training_masks/augmented_cards/aug_01449.png
aug_01450,r_0,project/training_data/training_masks/augmented_cards/aug_01450.png
aug_01451,b_draw_2,project/training_data/training_masks/augmented_cards/aug_01451.png
aug_01452,r_draw_2,project/training_data/training_masks/augmented_cards/aug_01452.png
aug_01453,y_skip,project/training_data/training_masks/augmented_cards/aug_01453.png
aug_01454,y_reverse,project/training_data/training_masks/augmented_cards/aug_01454.png
aug_01455,y_0,project/training_data/training_masks/augmented_cards/aug_01455.png
aug_01456,g_draw_2,project/training_data/training_masks/augmented_cards/aug_01456.png
aug_01457,y_draw_2,project/training_data/training_masks/augmented_cards/aug_01457.png
aug_01458,b_3,project/training_data/training_masks/augmented_cards/aug_01458.png
aug_01459,b_2,project/training_data/training_masks/augmented_cards/aug_01459.png
aug_01460,g_3,project/training_data/training_masks/augmented_cards/aug_01460.png
aug_01461,r_3,project/training_data/training_masks/augmented_cards/aug_01461.png
aug_01462,g_2,project/training_data/training_masks/augmented_cards/aug_01462.png
aug_01463,g_1,project/training_data/training_masks/augmented_cards/aug_01463.png
aug_01464,b_1,project/training_data/training_masks/augmented_cards/aug_01464.png
aug_01465,r_2,project/training_data/training_masks/augmented_cards/aug_01465.png
aug_01466,y_3,project/training_data/training_masks/augmented_cards/aug_01466.png
aug_01467,r_1,project/training_data/training_masks/augmented_cards/aug_01467.png
aug_01468,y_2,project/training_data/training_masks/augmented_cards/aug_01468.png
aug_01469,y_1,project/training_data/training_masks/augmented_cards/aug_01469.png
aug_01470,g_6,project/training_data/training_masks/augmented_cards/aug_01470.png
aug_01471,g_5,project/training_data/training_masks/augmented_cards/aug_01471.png
aug_01472,b_5,project/training_data/training_masks/augmented_cards/aug_01472.png
aug_01473,b_6,project/training_data/training_masks/augmented_cards/aug_01473.png
aug_01474,r_6,project/training_data/training_masks/augmented_cards/aug_01474.png
aug_01475,b_4,project/training_data/training_masks/augmented_cards/aug_01475.png
aug_01476,g_4,project/training_data/training_masks/augmented_cards/aug_01476.png
aug_01477,r_5,project/training_data/training_masks/augmented_cards/aug_01477.png
aug_01478,r_4,project/training_data/training_masks/augmented_cards/aug_01478.png
aug_01479,y_6,project/training_data/training_masks/augmented_cards/aug_01479.png
aug_01480,y_4,project/training_data/training_masks/augmented_cards/aug_01480.png
aug_01481,y_5,project/training_data/training_masks/augmented_cards/aug_01481.png
aug_01482,b_9,project/training_data/training_masks/augmented_cards/aug_01482.png
aug_01483,g_7,project/training_data/training_masks/augmented_cards/aug_01483.png
aug_01484,r_9,project/training_data/training_masks/augmented_cards/aug_01484.png
aug_01485,r_8,project/training_data/training_masks/augmented_cards/aug_01485.png
aug_01486,b_7,project/training_data/training_masks/augmented_cards/aug_01486.png
aug_01487,wild,project/training_data/training_masks/augmented_cards/aug_01487.png
aug_01488,g_9,project/training_data/training_masks/augmented_cards/aug_01488.png
aug_01489,g_8,project/training_data/training_masks/augmented_cards/aug_01489.png
aug_01490,b_8,project/training_data/training_masks/augmented_cards/aug_01490.png
aug_01491,draw_4,project/training_data/training_masks/augmented_cards/aug_01491.png
aug_01492,r_7,project/training_data/training_masks/augmented_cards/aug_01492.png
aug_01493,y_9,project/training_data/training_masks/augmented_cards/aug_01493.png
aug_01494,y_7,project/training_data/training_masks/augmented_cards/aug_01494.png
aug_01495,y_8,project/training_data/training_masks/augmented_cards/aug_01495.png
aug_01496,g_skip,project/training_data/training_masks/augmented_cards/aug_01496.png
aug_01497,g_reverse,project/training_data/training_masks/augmented_cards/aug_01497.png
aug_01498,b_reverse,project/training_data/training_masks/augmented_cards/aug_01498.png
aug_01499,b_0,project/training_data/training_masks/augmented_cards/aug_01499.png
aug_01500,b_skip,project/training_data/training_masks/augmented_cards/aug_01500.png
aug_01501,r_skip,project/training_data/training_masks/augmented_cards/aug_01501.png
aug_01502,g_0,project/training_data/training_masks/augmented_cards/aug_01502.png
aug_01503,r_reverse,project/training_data/training_masks/augmented_cards/aug_01503.png
aug_01504,r_0,project/training_data/training_masks/augmented_cards/aug_01504.png
aug_01505,b_draw_2,project/training_data/training_masks/augmented_cards/aug_01505.png
aug_01506,r_draw_2,project/training_data/training_masks/augmented_cards/aug_01506.png
aug_01507,y_skip,project/training_data/training_masks/augmented_cards/aug_01507.png
aug_01508,y_reverse,project/training_data/training_masks/augmented_cards/aug_01508.png
aug_01509,y_0,project/training_data/training_masks/augmented_cards/aug_01509.png
aug_01510,g_draw_2,project/training_data/training_masks/augmented_cards/aug_01510.png
aug_01511,y_draw_2,project/training_data/training_masks/augmented_cards/aug_01511.png
aug_01512,b_3,project/training_data/training_masks/augmented_cards/aug_01512.png
aug_01513,b_2,project/training_data/training_masks/augmented_cards/aug_01513.png
aug_01514,g_3,project/training_data/training_masks/augmented_cards/aug_01514.png
aug_01515,r_3,project/training_data/training_masks/augmented_cards/aug_01515.png
aug_01516,g_2,project/training_data/training_masks/augmented_cards/aug_01516.png
aug_01517,g_1,project/training_data/training_masks/augmented_cards/aug_01517.png
aug_01518,b_1,project/training_data/training_masks/augmented_cards/aug_01518.png
aug_01519,r_2,project/training_data/training_masks/augmented_cards/aug_01519.png
aug_01520,y_3,project/training_data/training_masks/augmented_cards/aug_01520.png
aug_01521,r_1,project/training_data/training_masks/augmented_cards/aug_01521.png
aug_01522,y_2,project/training_data/training_masks/augmented_cards/aug_01522.png
aug_01523,y_1,project/training_data/training_masks/augmented_cards/aug_01523.png
aug_01524,g_6,project/training_data/training_masks/augmented_cards/aug_01524.png
aug_01525,g_5,project/training_data/training_masks/augmented_cards/aug_01525.png
aug_01526,b_5,project/training_data/training_masks/augmented_cards/aug_01526.png
aug_01527,b_6,project/training_data/training_masks/augmented_cards/aug_01527.png
aug_01528,r_6,project/training_data/training_masks/augmented_cards/aug_01528.png
aug_01529,b_4,project/training_data/training_masks/augmented_cards/aug_01529.png
aug_01530,g_4,project/training_data/training_masks/augmented_cards/aug_01530.png
aug_01531,r_5,project/training_data/training_masks/augmented_cards/aug_01531.png
aug_01532,r_4,project/training_data/training_masks/augmented_cards/aug_01532.png
aug_01533,y_6,project/training_data/training_masks/augmented_cards/aug_01533.png
aug_01534,y_4,project/training_data/training_masks/augmented_cards/aug_01534.png
aug_01535,y_5,project/training_data/training_masks/augmented_cards/aug_01535.png
aug_01536,b_9,project/training_data/training_masks/augmented_cards/aug_01536.png
aug_01537,g_7,project/training_data/training_masks/augmented_cards/aug_01537.png
aug_01538,r_9,project/training_data/training_masks/augmented_cards/aug_01538.png
aug_01539,r_8,project/training_data/training_masks/augmented_cards/aug_01539.png
aug_01540,b_7,project/training_data/training_masks/augmented_cards/aug_01540.png
aug_01541,wild,project/training_data/training_masks/augmented_cards/aug_01541.png
aug_01542,g_9,project/training_data/training_masks/augmented_cards/aug_01542.png
aug_01543,g_8,project/training_data/training_masks/augmented_cards/aug_01543.png
aug_01544,b_8,project/training_data/training_masks/augmented_cards/aug_01544.png
aug_01545,draw_4,project/training_data/training_masks/augmented_cards/aug_01545.png
aug_01546,r_7,project/training_data/training_masks/augmented_cards/aug_01546.png
aug_01547,y_9,project/training_data/training_masks/augmented_cards/aug_01547.png
aug_01548,y_7,project/training_data/training_masks/augmented_cards/aug_01548.png
aug_01549,y_8,project/training_data/training_masks/augmented_cards/aug_01549.png
aug_01550,g_skip,project/training_data/training_masks/augmented_cards/aug_01550.png
aug_01551,g_reverse,project/training_data/training_masks/augmented_cards/aug_01551.png
aug_01552,b_reverse,project/training_data/training_masks/augmented_cards/aug_01552.png
aug_01553,b_0,project/training_data/training_masks/augmented_cards/aug_01553.png
aug_01554,b_skip,project/training_data/training_masks/augmented_cards/aug_01554.png
aug_01555,r_skip,project/training_data/training_masks/augmented_cards/aug_01555.png
aug_01556,g_0,project/training_data/training_masks/augmented_cards/aug_01556.png
aug_01557,r_reverse,project/training_data/training_masks/augmented_cards/aug_01557.png
aug_01558,r_0,project/training_data/training_masks/augmented_cards/aug_01558.png
aug_01559,b_draw_2,project/training_data/training_masks/augmented_cards/aug_01559.png
aug_01560,r_draw_2,project/training_data/training_masks/augmented_cards/aug_01560.png
aug_01561,y_skip,project/training_data/training_masks/augmented_cards/aug_01561.png
aug_01562,y_reverse,project/training_data/training_masks/augmented_cards/aug_01562.png
aug_01563,y_0,project/training_data/training_masks/augmented_cards/aug_01563.png
aug_01564,g_draw_2,project/training_data/training_masks/augmented_cards/aug_01564.png
aug_01565,y_draw_2,project/training_data/training_masks/augmented_cards/aug_01565.png
aug_01566,b_3,project/training_data/training_masks/augmented_cards/aug_01566.png
aug_01567,b_2,project/training_data/training_masks/augmented_cards/aug_01567.png
aug_01568,g_3,project/training_data/training_masks/augmented_cards/aug_01568.png
aug_01569,r_3,project/training_data/training_masks/augmented_cards/aug_01569.png
aug_01570,g_2,project/training_data/training_masks/augmented_cards/aug_01570.png
aug_01571,g_1,project/training_data/training_masks/augmented_cards/aug_01571.png
aug_01572,b_1,project/training_data/training_masks/augmented_cards/aug_01572.png
aug_01573,r_2,project/training_data/training_masks/augmented_cards/aug_01573.png
aug_01574,y_3,project/training_data/training_masks/augmented_cards/aug_01574.png
aug_01575,r_1,project/training_data/training_masks/augmented_cards/aug_01575.png
aug_01576,y_2,project/training_data/training_masks/augmented_cards/aug_01576.png
aug_01577,y_1,project/training_data/training_masks/augmented_cards/aug_01577.png
aug_01578,g_6,project/training_data/training_masks/augmented_cards/aug_01578.png
aug_01579,g_5,project/training_data/training_masks/augmented_cards/aug_01579.png
aug_01580,b_5,project/training_data/training_masks/augmented_cards/aug_01580.png
aug_01581,b_6,project/training_data/training_masks/augmented_cards/aug_01581.png
aug_01582,r_6,project/training_data/training_masks/augmented_cards/aug_01582.png
aug_01583,b_4,project/training_data/training_masks/augmented_cards/aug_01583.png
aug_01584,g_4,project/training_data/training_masks/augmented_cards/aug_01584.png
aug_01585,r_5,project/training_data/training_masks/augmented_cards/aug_01585.png
aug_01586,r_4,project/training_data/training_masks/augmented_cards/aug_01586.png
aug_01587,y_6,project/training_data/training_masks/augmented_cards/aug_01587.png
aug_01588,y_4,project/training_data/training_masks/augmented_cards/aug_01588.png
aug_01589,y_5,project/training_data/training_masks/augmented_cards/aug_01589.png
aug_01590,b_9,project/training_data/training_masks/augmented_cards/aug_01590.png
aug_01591,g_7,project/training_data/training_masks/augmented_cards/aug_01591.png
aug_01592,r_9,project/training_data/training_masks/augmented_cards/aug_01592.png
aug_01593,r_8,project/training_data/training_masks/augmented_cards/aug_01593.png
aug_01594,b_7,project/training_data/training_masks/augmented_cards/aug_01594.png
aug_01595,wild,project/training_data/training_masks/augmented_cards/aug_01595.png
aug_01596,g_9,project/training_data/training_masks/augmented_cards/aug_01596.png
aug_01597,g_8,project/training_data/training_masks/augmented_cards/aug_01597.png
aug_01598,b_8,project/training_data/training_masks/augmented_cards/aug_01598.png
aug_01599,draw_4,project/training_data/training_masks/augmented_cards/aug_01599.png
aug_01600,r_7,project/training_data/training_masks/augmented_cards/aug_01600.png
aug_01601,y_9,project/training_data/training_masks/augmented_cards/aug_01601.png
aug_01602,y_7,project/training_data/training_masks/augmented_cards/aug_01602.png
aug_01603,y_8,project/training_data/training_masks/augmented_cards/aug_01603.png
aug_01604,g_skip,project/training_data/training_masks/augmented_cards/aug_01604.png
aug_01605,g_reverse,project/training_data/training_masks/augmented_cards/aug_01605.png
aug_01606,b_reverse,project/training_data/training_masks/augmented_cards/aug_01606.png
aug_01607,b_0,project/training_data/training_masks/augmented_cards/aug_01607.png
aug_01608,b_skip,project/training_data/training_masks/augmented_cards/aug_01608.png
aug_01609,r_skip,project/training_data/training_masks/augmented_cards/aug_01609.png
aug_01610,g_0,project/training_data/training_masks/augmented_cards/aug_01610.png
aug_01611,r_reverse,project/training_data/training_masks/augmented_cards/aug_01611.png
aug_01612,r_0,project/training_data/training_masks/augmented_cards/aug_01612.png
aug_01613,b_draw_2,project/training_data/training_masks/augmented_cards/aug_01613.png
aug_01614,r_draw_2,project/training_data/training_masks/augmented_cards/aug_01614.png
aug_01615,y_skip,project/training_data/training_masks/augmented_cards/aug_01615.png
aug_01616,y_reverse,project/training_data/training_masks/augmented_cards/aug_01616.png
aug_01617,y_0,project/training_data/training_masks/augmented_cards/aug_01617.png
aug_01618,g_draw_2,project/training_data/training_masks/augmented_cards/aug_01618.png
aug_01619,y_draw_2,project/training_data/training_masks/augmented_cards/aug_01619.png
aug_01620,b_3,project/training_data/training_masks/augmented_cards/aug_01620.png
aug_01621,b_2,project/training_data/training_masks/augmented_cards/aug_01621.png
aug_01622,g_3,project/training_data/training_masks/augmented_cards/aug_01622.png
aug_01623,r_3,project/training_data/training_masks/augmented_cards/aug_01623.png
aug_01624,g_2,project/training_data/training_masks/augmented_cards/aug_01624.png
aug_01625,g_1,project/training_data/training_masks/augmented_cards/aug_01625.png
aug_01626,b_1,project/training_data/training_masks/augmented_cards/aug_01626.png
aug_01627,r_2,project/training_data/training_masks/augmented_cards/aug_01627.png
aug_01628,y_3,project/training_data/training_masks/augmented_cards/aug_01628.png
aug_01629,r_1,project/training_data/training_masks/augmented_cards/aug_01629.png
aug_01630,y_2,project/training_data/training_masks/augmented_cards/aug_01630.png
aug_01631,y_1,project/training_data/training_masks/augmented_cards/aug_01631.png
aug_01632,g_6,project/training_data/training_masks/augmented_cards/aug_01632.png
aug_01633,g_5,project/training_data/training_masks/augmented_cards/aug_01633.png
aug_01634,b_5,project/training_data/training_masks/augmented_cards/aug_01634.png
aug_01635,b_6,project/training_data/training_masks/augmented_cards/aug_01635.png
aug_01636,r_6,project/training_data/training_masks/augmented_cards/aug_01636.png
aug_01637,b_4,project/training_data/training_masks/augmented_cards/aug_01637.png
aug_01638,g_4,project/training_data/training_masks/augmented_cards/aug_01638.png
aug_01639,r_5,project/training_data/training_masks/augmented_cards/aug_01639.png
aug_01640,r_4,project/training_data/training_masks/augmented_cards/aug_01640.png
aug_01641,y_6,project/training_data/training_masks/augmented_cards/aug_01641.png
aug_01642,y_4,project/training_data/training_masks/augmented_cards/aug_01642.png
aug_01643,y_5,project/training_data/training_masks/augmented_cards/aug_01643.png
aug_01644,b_9,project/training_data/training_masks/augmented_cards/aug_01644.png
aug_01645,g_7,project/training_data/training_masks/augmented_cards/aug_01645.png
aug_01646,r_9,project/training_data/training_masks/augmented_cards/aug_01646.png
aug_01647,r_8,project/training_data/training_masks/augmented_cards/aug_01647.png
aug_01648,b_7,project/training_data/training_masks/augmented_cards/aug_01648.png
aug_01649,wild,project/training_data/training_masks/augmented_cards/aug_01649.png
aug_01650,g_9,project/training_data/training_masks/augmented_cards/aug_01650.png
aug_01651,g_8,project/training_data/training_masks/augmented_cards/aug_01651.png
aug_01652,b_8,project/training_data/training_masks/augmented_cards/aug_01652.png
aug_01653,draw_4,project/training_data/training_masks/augmented_cards/aug_01653.png
aug_01654,r_7,project/training_data/training_masks/augmented_cards/aug_01654.png
aug_01655,y_9,project/training_data/training_masks/augmented_cards/aug_01655.png
aug_01656,y_7,project/training_data/training_masks/augmented_cards/aug_01656.png
aug_01657,y_8,project/training_data/training_masks/augmented_cards/aug_01657.png
aug_01658,g_skip,project/training_data/training_masks/augmented_cards/aug_01658.png
aug_01659,g_reverse,project/training_data/training_masks/augmented_cards/aug_01659.png
aug_01660,b_reverse,project/training_data/training_masks/augmented_cards/aug_01660.png
aug_01661,b_0,project/training_data/training_masks/augmented_cards/aug_01661.png
aug_01662,b_skip,project/training_data/training_masks/augmented_cards/aug_01662.png
aug_01663,r_skip,project/training_data/training_masks/augmented_cards/aug_01663.png
aug_01664,g_0,project/training_data/training_masks/augmented_cards/aug_01664.png
aug_01665,r_reverse,project/training_data/training_masks/augmented_cards/aug_01665.png
aug_01666,r_0,project/training_data/training_masks/augmented_cards/aug_01666.png
aug_01667,b_draw_2,project/training_data/training_masks/augmented_cards/aug_01667.png
aug_01668,r_draw_2,project/training_data/training_masks/augmented_cards/aug_01668.png
aug_01669,y_skip,project/training_data/training_masks/augmented_cards/aug_01669.png
aug_01670,y_reverse,project/training_data/training_masks/augmented_cards/aug_01670.png
aug_01671,y_0,project/training_data/training_masks/augmented_cards/aug_01671.png
aug_01672,g_draw_2,project/training_data/training_masks/augmented_cards/aug_01672.png
aug_01673,y_draw_2,project/training_data/training_masks/augmented_cards/aug_01673.png
aug_01674,b_3,project/training_data/training_masks/augmented_cards/aug_01674.png
aug_01675,b_2,project/training_data/training_masks/augmented_cards/aug_01675.png
aug_01676,g_3,project/training_data/training_masks/augmented_cards/aug_01676.png
aug_01677,r_3,project/training_data/training_masks/augmented_cards/aug_01677.png
aug_01678,g_2,project/training_data/training_masks/augmented_cards/aug_01678.png
aug_01679,g_1,project/training_data/training_masks/augmented_cards/aug_01679.png
aug_01680,b_1,project/training_data/training_masks/augmented_cards/aug_01680.png
aug_01681,r_2,project/training_data/training_masks/augmented_cards/aug_01681.png
aug_01682,y_3,project/training_data/training_masks/augmented_cards/aug_01682.png
aug_01683,r_1,project/training_data/training_masks/augmented_cards/aug_01683.png
aug_01684,y_2,project/training_data/training_masks/augmented_cards/aug_01684.png
aug_01685,y_1,project/training_data/training_masks/augmented_cards/aug_01685.png
aug_01686,g_6,project/training_data/training_masks/augmented_cards/aug_01686.png
aug_01687,g_5,project/training_data/training_masks/augmented_cards/aug_01687.png
aug_01688,b_5,project/training_data/training_masks/augmented_cards/aug_01688.png
aug_01689,b_6,project/training_data/training_masks/augmented_cards/aug_01689.png
aug_01690,r_6,project/training_data/training_masks/augmented_cards/aug_01690.png
aug_01691,b_4,project/training_data/training_masks/augmented_cards/aug_01691.png
aug_01692,g_4,project/training_data/training_masks/augmented_cards/aug_01692.png
aug_01693,r_5,project/training_data/training_masks/augmented_cards/aug_01693.png
aug_01694,r_4,project/training_data/training_masks/augmented_cards/aug_01694.png
aug_01695,y_6,project/training_data/training_masks/augmented_cards/aug_01695.png
aug_01696,y_4,project/training_data/training_masks/augmented_cards/aug_01696.png
aug_01697,y_5,project/training_data/training_masks/augmented_cards/aug_01697.png
aug_01698,b_9,project/training_data/training_masks/augmented_cards/aug_01698.png
aug_01699,g_7,project/training_data/training_masks/augmented_cards/aug_01699.png
aug_01700,r_9,project/training_data/training_masks/augmented_cards/aug_01700.png
aug_01701,r_8,project/training_data/training_masks/augmented_cards/aug_01701.png
aug_01702,b_7,project/training_data/training_masks/augmented_cards/aug_01702.png
aug_01703,wild,project/training_data/training_masks/augmented_cards/aug_01703.png
aug_01704,g_9,project/training_data/training_masks/augmented_cards/aug_01704.png
aug_01705,g_8,project/training_data/training_masks/augmented_cards/aug_01705.png
aug_01706,b_8,project/training_data/training_masks/augmented_cards/aug_01706.png
aug_01707,draw_4,project/training_data/training_masks/augmented_cards/aug_01707.png
aug_01708,r_7,project/training_data/training_masks/augmented_cards/aug_01708.png
aug_01709,y_9,project/training_data/training_masks/augmented_cards/aug_01709.png
aug_01710,y_7,project/training_data/training_masks/augmented_cards/aug_01710.png
aug_01711,y_8,project/training_data/training_masks/augmented_cards/aug_01711.png
aug_01712,g_skip,project/training_data/training_masks/augmented_cards/aug_01712.png
aug_01713,g_reverse,project/training_data/training_masks/augmented_cards/aug_01713.png
aug_01714,b_reverse,project/training_data/training_masks/augmented_cards/aug_01714.png
aug_01715,b_0,project/training_data/training_masks/augmented_cards/aug_01715.png
aug_01716,b_skip,project/training_data/training_masks/augmented_cards/aug_01716.png
aug_01717,r_skip,project/training_data/training_masks/augmented_cards/aug_01717.png
aug_01718,g_0,project/training_data/training_masks/augmented_cards/aug_01718.png
aug_01719,r_reverse,project/training_data/training_masks/augmented_cards/aug_01719.png
aug_01720,r_0,project/training_data/training_masks/augmented_cards/aug_01720.png
aug_01721,b_draw_2,project/training_data/training_masks/augmented_cards/aug_01721.png
aug_01722,r_draw_2,project/training_data/training_masks/augmented_cards/aug_01722.png
aug_01723,y_skip,project/training_data/training_masks/augmented_cards/aug_01723.png
aug_01724,y_reverse,project/training_data/training_masks/augmented_cards/aug_01724.png
aug_01725,y_0,project/training_data/training_masks/augmented_cards/aug_01725.png
aug_01726,g_draw_2,project/training_data/training_masks/augmented_cards/aug_01726.png
aug_01727,y_draw_2,project/training_data/training_masks/augmented_cards/aug_01727.png
aug_01728,b_3,project/training_data/training_masks/augmented_cards/aug_01728.png
aug_01729,b_2,project/training_data/training_masks/augmented_cards/aug_01729.png
aug_01730,g_3,project/training_data/training_masks/augmented_cards/aug_01730.png
aug_01731,r_3,project/training_data/training_masks/augmented_cards/aug_01731.png
aug_01732,g_2,project/training_data/training_masks/augmented_cards/aug_01732.png
aug_01733,g_1,project/training_data/training_masks/augmented_cards/aug_01733.png
aug_01734,b_1,project/training_data/training_masks/augmented_cards/aug_01734.png
aug_01735,r_2,project/training_data/training_masks/augmented_cards/aug_01735.png
aug_01736,y_3,project/training_data/training_masks/augmented_cards/aug_01736.png
aug_01737,r_1,project/training_data/training_masks/augmented_cards/aug_01737.png
aug_01738,y_2,project/training_data/training_masks/augmented_cards/aug_01738.png
aug_01739,y_1,project/training_data/training_masks/augmented_cards/aug_01739.png
aug_01740,g_6,project/training_data/training_masks/augmented_cards/aug_01740.png
aug_01741,g_5,project/training_data/training_masks/augmented_cards/aug_01741.png
aug_01742,b_5,project/training_data/training_masks/augmented_cards/aug_01742.png
aug_01743,b_6,project/training_data/training_masks/augmented_cards/aug_01743.png
aug_01744,r_6,project/training_data/training_masks/augmented_cards/aug_01744.png
aug_01745,b_4,project/training_data/training_masks/augmented_cards/aug_01745.png
aug_01746,g_4,project/training_data/training_masks/augmented_cards/aug_01746.png
aug_01747,r_5,project/training_data/training_masks/augmented_cards/aug_01747.png
aug_01748,r_4,project/training_data/training_masks/augmented_cards/aug_01748.png
aug_01749,y_6,project/training_data/training_masks/augmented_cards/aug_01749.png
aug_01750,y_4,project/training_data/training_masks/augmented_cards/aug_01750.png
aug_01751,y_5,project/training_data/training_masks/augmented_cards/aug_01751.png
aug_01752,b_9,project/training_data/training_masks/augmented_cards/aug_01752.png
aug_01753,g_7,project/training_data/training_masks/augmented_cards/aug_01753.png
aug_01754,r_9,project/training_data/training_masks/augmented_cards/aug_01754.png
aug_01755,r_8,project/training_data/training_masks/augmented_cards/aug_01755.png
aug_01756,b_7,project/training_data/training_masks/augmented_cards/aug_01756.png
aug_01757,wild,project/training_data/training_masks/augmented_cards/aug_01757.png
aug_01758,g_9,project/training_data/training_masks/augmented_cards/aug_01758.png
aug_01759,g_8,project/training_data/training_masks/augmented_cards/aug_01759.png
aug_01760,b_8,project/training_data/training_masks/augmented_cards/aug_01760.png
aug_01761,draw_4,project/training_data/training_masks/augmented_cards/aug_01761.png
aug_01762,r_7,project/training_data/training_masks/augmented_cards/aug_01762.png
aug_01763,y_9,project/training_data/training_masks/augmented_cards/aug_01763.png
aug_01764,y_7,project/training_data/training_masks/augmented_cards/aug_01764.png
aug_01765,y_8,project/training_data/training_masks/augmented_cards/aug_01765.png
aug_01766,g_skip,project/training_data/training_masks/augmented_cards/aug_01766.png
aug_01767,g_reverse,project/training_data/training_masks/augmented_cards/aug_01767.png
aug_01768,b_reverse,project/training_data/training_masks/augmented_cards/aug_01768.png
aug_01769,b_0,project/training_data/training_masks/augmented_cards/aug_01769.png
aug_01770,b_skip,project/training_data/training_masks/augmented_cards/aug_01770.png
aug_01771,r_skip,project/training_data/training_masks/augmented_cards/aug_01771.png
aug_01772,g_0,project/training_data/training_masks/augmented_cards/aug_01772.png
aug_01773,r_reverse,project/training_data/training_masks/augmented_cards/aug_01773.png
aug_01774,r_0,project/training_data/training_masks/augmented_cards/aug_01774.png
aug_01775,b_draw_2,project/training_data/training_masks/augmented_cards/aug_01775.png
aug_01776,r_draw_2,project/training_data/training_masks/augmented_cards/aug_01776.png
aug_01777,y_skip,project/training_data/training_masks/augmented_cards/aug_01777.png
aug_01778,y_reverse,project/training_data/training_masks/augmented_cards/aug_01778.png
aug_01779,y_0,project/training_data/training_masks/augmented_cards/aug_01779.png
aug_01780,g_draw_2,project/training_data/training_masks/augmented_cards/aug_01780.png
aug_01781,y_draw_2,project/training_data/training_masks/augmented_cards/aug_01781.png
aug_01782,b_3,project/training_data/training_masks/augmented_cards/aug_01782.png
aug_01783,b_2,project/training_data/training_masks/augmented_cards/aug_01783.png
aug_01784,g_3,project/training_data/training_masks/augmented_cards/aug_01784.png
aug_01785,r_3,project/training_data/training_masks/augmented_cards/aug_01785.png
aug_01786,g_2,project/training_data/training_masks/augmented_cards/aug_01786.png
aug_01787,g_1,project/training_data/training_masks/augmented_cards/aug_01787.png
aug_01788,b_1,project/training_data/training_masks/augmented_cards/aug_01788.png
aug_01789,r_2,project/training_data/training_masks/augmented_cards/aug_01789.png
aug_01790,y_3,project/training_data/training_masks/augmented_cards/aug_01790.png
aug_01791,r_1,project/training_data/training_masks/augmented_cards/aug_01791.png
aug_01792,y_2,project/training_data/training_masks/augmented_cards/aug_01792.png
aug_01793,y_1,project/training_data/training_masks/augmented_cards/aug_01793.png
aug_01794,g_6,project/training_data/training_masks/augmented_cards/aug_01794.png
aug_01795,g_5,project/training_data/training_masks/augmented_cards/aug_01795.png
aug_01796,b_5,project/training_data/training_masks/augmented_cards/aug_01796.png
aug_01797,b_6,project/training_data/training_masks/augmented_cards/aug_01797.png
aug_01798,r_6,project/training_data/training_masks/augmented_cards/aug_01798.png
aug_01799,b_4,project/training_data/training_masks/augmented_cards/aug_01799.png
aug_01800,g_4,project/training_data/training_masks/augmented_cards/aug_01800.png
aug_01801,r_5,project/training_data/training_masks/augmented_cards/aug_01801.png
aug_01802,r_4,project/training_data/training_masks/augmented_cards/aug_01802.png
aug_01803,y_6,project/training_data/training_masks/augmented_cards/aug_01803.png
aug_01804,y_4,project/training_data/training_masks/augmented_cards/aug_01804.png
aug_01805,y_5,project/training_data/training_masks/augmented_cards/aug_01805.png
aug_01806,b_9,project/training_data/training_masks/augmented_cards/aug_01806.png
aug_01807,g_7,project/training_data/training_masks/augmented_cards/aug_01807.png
aug_01808,r_9,project/training_data/training_masks/augmented_cards/aug_01808.png
aug_01809,r_8,project/training_data/training_masks/augmented_cards/aug_01809.png
aug_01810,b_7,project/training_data/training_masks/augmented_cards/aug_01810.png
aug_01811,wild,project/training_data/training_masks/augmented_cards/aug_01811.png
aug_01812,g_9,project/training_data/training_masks/augmented_cards/aug_01812.png
aug_01813,g_8,project/training_data/training_masks/augmented_cards/aug_01813.png
aug_01814,b_8,project/training_data/training_masks/augmented_cards/aug_01814.png
aug_01815,draw_4,project/training_data/training_masks/augmented_cards/aug_01815.png
aug_01816,r_7,project/training_data/training_masks/augmented_cards/aug_01816.png
aug_01817,y_9,project/training_data/training_masks/augmented_cards/aug_01817.png
aug_01818,y_7,project/training_data/training_masks/augmented_cards/aug_01818.png
aug_01819,y_8,project/training_data/training_masks/augmented_cards/aug_01819.png
aug_01820,g_skip,project/training_data/training_masks/augmented_cards/aug_01820.png
aug_01821,g_reverse,project/training_data/training_masks/augmented_cards/aug_01821.png
aug_01822,b_reverse,project/training_data/training_masks/augmented_cards/aug_01822.png
aug_01823,b_0,project/training_data/training_masks/augmented_cards/aug_01823.png
aug_01824,b_skip,project/training_data/training_masks/augmented_cards/aug_01824.png
aug_01825,r_skip,project/training_data/training_masks/augmented_cards/aug_01825.png
aug_01826,g_0,project/training_data/training_masks/augmented_cards/aug_01826.png
aug_01827,r_reverse,project/training_data/training_masks/augmented_cards/aug_01827.png
aug_01828,r_0,project/training_data/training_masks/augmented_cards/aug_01828.png
aug_01829,b_draw_2,project/training_data/training_masks/augmented_cards/aug_01829.png
aug_01830,r_draw_2,project/training_data/training_masks/augmented_cards/aug_01830.png
aug_01831,y_skip,project/training_data/training_masks/augmented_cards/aug_01831.png
aug_01832,y_reverse,project/training_data/training_masks/augmented_cards/aug_01832.png
aug_01833,y_0,project/training_data/training_masks/augmented_cards/aug_01833.png
aug_01834,g_draw_2,project/training_data/training_masks/augmented_cards/aug_01834.png
aug_01835,y_draw_2,project/training_data/training_masks/augmented_cards/aug_01835.png
aug_01836,b_3,project/training_data/training_masks/augmented_cards/aug_01836.png
aug_01837,b_2,project/training_data/training_masks/augmented_cards/aug_01837.png
aug_01838,g_3,project/training_data/training_masks/augmented_cards/aug_01838.png
aug_01839,r_3,project/training_data/training_masks/augmented_cards/aug_01839.png
aug_01840,g_2,project/training_data/training_masks/augmented_cards/aug_01840.png
aug_01841,g_1,project/training_data/training_masks/augmented_cards/aug_01841.png
aug_01842,b_1,project/training_data/training_masks/augmented_cards/aug_01842.png
aug_01843,r_2,project/training_data/training_masks/augmented_cards/aug_01843.png
aug_01844,y_3,project/training_data/training_masks/augmented_cards/aug_01844.png
aug_01845,r_1,project/training_data/training_masks/augmented_cards/aug_01845.png
aug_01846,y_2,project/training_data/training_masks/augmented_cards/aug_01846.png
aug_01847,y_1,project/training_data/training_masks/augmented_cards/aug_01847.png
aug_01848,g_6,project/training_data/training_masks/augmented_cards/aug_01848.png
aug_01849,g_5,project/training_data/training_masks/augmented_cards/aug_01849.png
aug_01850,b_5,project/training_data/training_masks/augmented_cards/aug_01850.png
aug_01851,b_6,project/training_data/training_masks/augmented_cards/aug_01851.png
aug_01852,r_6,project/training_data/training_masks/augmented_cards/aug_01852.png
aug_01853,b_4,project/training_data/training_masks/augmented_cards/aug_01853.png
aug_01854,g_4,project/training_data/training_masks/augmented_cards/aug_01854.png
aug_01855,r_5,project/training_data/training_masks/augmented_cards/aug_01855.png
aug_01856,r_4,project/training_data/training_masks/augmented_cards/aug_01856.png
aug_01857,y_6,project/training_data/training_masks/augmented_cards/aug_01857.png
aug_01858,y_4,project/training_data/training_masks/augmented_cards/aug_01858.png
aug_01859,y_5,project/training_data/training_masks/augmented_cards/aug_01859.png
aug_01860,b_9,project/training_data/training_masks/augmented_cards/aug_01860.png
aug_01861,g_7,project/training_data/training_masks/augmented_cards/aug_01861.png
aug_01862,r_9,project/training_data/training_masks/augmented_cards/aug_01862.png
aug_01863,r_8,project/training_data/training_masks/augmented_cards/aug_01863.png
aug_01864,b_7,project/training_data/training_masks/augmented_cards/aug_01864.png
aug_01865,wild,project/training_data/training_masks/augmented_cards/aug_01865.png
aug_01866,g_9,project/training_data/training_masks/augmented_cards/aug_01866.png
aug_01867,g_8,project/training_data/training_masks/augmented_cards/aug_01867.png
aug_01868,b_8,project/training_data/training_masks/augmented_cards/aug_01868.png
aug_01869,draw_4,project/training_data/training_masks/augmented_cards/aug_01869.png
aug_01870,r_7,project/training_data/training_masks/augmented_cards/aug_01870.png
aug_01871,y_9,project/training_data/training_masks/augmented_cards/aug_01871.png
aug_01872,y_7,project/training_data/training_masks/augmented_cards/aug_01872.png
aug_01873,y_8,project/training_data/training_masks/augmented_cards/aug_01873.png
aug_01874,g_skip,project/training_data/training_masks/augmented_cards/aug_01874.png
aug_01875,g_reverse,project/training_data/training_masks/augmented_cards/aug_01875.png
aug_01876,b_reverse,project/training_data/training_masks/augmented_cards/aug_01876.png
aug_01877,b_0,project/training_data/training_masks/augmented_cards/aug_01877.png
aug_01878,b_skip,project/training_data/training_masks/augmented_cards/aug_01878.png
aug_01879,r_skip,project/training_data/training_masks/augmented_cards/aug_01879.png
aug_01880,g_0,project/training_data/training_masks/augmented_cards/aug_01880.png
aug_01881,r_reverse,project/training_data/training_masks/augmented_cards/aug_01881.png
aug_01882,r_0,project/training_data/training_masks/augmented_cards/aug_01882.png
aug_01883,b_draw_2,project/training_data/training_masks/augmented_cards/aug_01883.png
aug_01884,r_draw_2,project/training_data/training_masks/augmented_cards/aug_01884.png
aug_01885,y_skip,project/training_data/training_masks/augmented_cards/aug_01885.png
aug_01886,y_reverse,project/training_data/training_masks/augmented_cards/aug_01886.png
aug_01887,y_0,project/training_data/training_masks/augmented_cards/aug_01887.png
aug_01888,g_draw_2,project/training_data/training_masks/augmented_cards/aug_01888.png
aug_01889,y_draw_2,project/training_data/training_masks/augmented_cards/aug_01889.png
aug_01890,b_3,project/training_data/training_masks/augmented_cards/aug_01890.png
aug_01891,b_2,project/training_data/training_masks/augmented_cards/aug_01891.png
aug_01892,g_3,project/training_data/training_masks/augmented_cards/aug_01892.png
aug_01893,r_3,project/training_data/training_masks/augmented_cards/aug_01893.png
aug_01894,g_2,project/training_data/training_masks/augmented_cards/aug_01894.png
aug_01895,g_1,project/training_data/training_masks/augmented_cards/aug_01895.png
aug_01896,b_1,project/training_data/training_masks/augmented_cards/aug_01896.png
aug_01897,r_2,project/training_data/training_masks/augmented_cards/aug_01897.png
aug_01898,y_3,project/training_data/training_masks/augmented_cards/aug_01898.png
aug_01899,r_1,project/training_data/training_masks/augmented_cards/aug_01899.png
aug_01900,y_2,project/training_data/training_masks/augmented_cards/aug_01900.png
aug_01901,y_1,project/training_data/training_masks/augmented_cards/aug_01901.png
aug_01902,g_6,project/training_data/training_masks/augmented_cards/aug_01902.png
aug_01903,g_5,project/training_data/training_masks/augmented_cards/aug_01903.png
aug_01904,b_5,project/training_data/training_masks/augmented_cards/aug_01904.png
aug_01905,b_6,project/training_data/training_masks/augmented_cards/aug_01905.png
aug_01906,r_6,project/training_data/training_masks/augmented_cards/aug_01906.png
aug_01907,b_4,project/training_data/training_masks/augmented_cards/aug_01907.png
aug_01908,g_4,project/training_data/training_masks/augmented_cards/aug_01908.png
aug_01909,r_5,project/training_data/training_masks/augmented_cards/aug_01909.png
aug_01910,r_4,project/training_data/training_masks/augmented_cards/aug_01910.png
aug_01911,y_6,project/training_data/training_masks/augmented_cards/aug_01911.png
aug_01912,y_4,project/training_data/training_masks/augmented_cards/aug_01912.png
aug_01913,y_5,project/training_data/training_masks/augmented_cards/aug_01913.png
aug_01914,b_9,project/training_data/training_masks/augmented_cards/aug_01914.png
aug_01915,g_7,project/training_data/training_masks/augmented_cards/aug_01915.png
aug_01916,r_9,project/training_data/training_masks/augmented_cards/aug_01916.png
aug_01917,r_8,project/training_data/training_masks/augmented_cards/aug_01917.png
aug_01918,b_7,project/training_data/training_masks/augmented_cards/aug_01918.png
aug_01919,wild,project/training_data/training_masks/augmented_cards/aug_01919.png
aug_01920,g_9,project/training_data/training_masks/augmented_cards/aug_01920.png
aug_01921,g_8,project/training_data/training_masks/augmented_cards/aug_01921.png
aug_01922,b_8,project/training_data/training_masks/augmented_cards/aug_01922.png
aug_01923,draw_4,project/training_data/training_masks/augmented_cards/aug_01923.png
aug_01924,r_7,project/training_data/training_masks/augmented_cards/aug_01924.png
aug_01925,y_9,project/training_data/training_masks/augmented_cards/aug_01925.png
aug_01926,y_7,project/training_data/training_masks/augmented_cards/aug_01926.png
aug_01927,y_8,project/training_data/training_masks/augmented_cards/aug_01927.png
aug_01928,g_skip,project/training_data/training_masks/augmented_cards/aug_01928.png
aug_01929,g_reverse,project/training_data/training_masks/augmented_cards/aug_01929.png
aug_01930,b_reverse,project/training_data/training_masks/augmented_cards/aug_01930.png
aug_01931,b_0,project/training_data/training_masks/augmented_cards/aug_01931.png
aug_01932,b_skip,project/training_data/training_masks/augmented_cards/aug_01932.png
aug_01933,r_skip,project/training_data/training_masks/augmented_cards/aug_01933.png
aug_01934,g_0,project/training_data/training_masks/augmented_cards/aug_01934.png
aug_01935,r_reverse,project/training_data/training_masks/augmented_cards/aug_01935.png
aug_01936,r_0,project/training_data/training_masks/augmented_cards/aug_01936.png
aug_01937,b_draw_2,project/training_data/training_masks/augmented_cards/aug_01937.png
aug_01938,r_draw_2,project/training_data/training_masks/augmented_cards/aug_01938.png
aug_01939,y_skip,project/training_data/training_masks/augmented_cards/aug_01939.png
aug_01940,y_reverse,project/training_data/training_masks/augmented_cards/aug_01940.png
aug_01941,y_0,project/training_data/training_masks/augmented_cards/aug_01941.png
aug_01942,g_draw_2,project/training_data/training_masks/augmented_cards/aug_01942.png
aug_01943,y_draw_2,project/training_data/training_masks/augmented_cards/aug_01943.png
aug_01944,b_3,project/training_data/training_masks/augmented_cards/aug_01944.png
aug_01945,b_2,project/training_data/training_masks/augmented_cards/aug_01945.png
aug_01946,g_3,project/training_data/training_masks/augmented_cards/aug_01946.png
aug_01947,r_3,project/training_data/training_masks/augmented_cards/aug_01947.png
aug_01948,g_2,project/training_data/training_masks/augmented_cards/aug_01948.png
aug_01949,g_1,project/training_data/training_masks/augmented_cards/aug_01949.png
aug_01950,b_1,project/training_data/training_masks/augmented_cards/aug_01950.png
aug_01951,r_2,project/training_data/training_masks/augmented_cards/aug_01951.png
aug_01952,y_3,project/training_data/training_masks/augmented_cards/aug_01952.png
aug_01953,r_1,project/training_data/training_masks/augmented_cards/aug_01953.png
aug_01954,y_2,project/training_data/training_masks/augmented_cards/aug_01954.png
aug_01955,y_1,project/training_data/training_masks/augmented_cards/aug_01955.png
aug_01956,g_6,project/training_data/training_masks/augmented_cards/aug_01956.png
aug_01957,g_5,project/training_data/training_masks/augmented_cards/aug_01957.png
aug_01958,b_5,project/training_data/training_masks/augmented_cards/aug_01958.png
aug_01959,b_6,project/training_data/training_masks/augmented_cards/aug_01959.png
aug_01960,r_6,project/training_data/training_masks/augmented_cards/aug_01960.png
aug_01961,b_4,project/training_data/training_masks/augmented_cards/aug_01961.png
aug_01962,g_4,project/training_data/training_masks/augmented_cards/aug_01962.png
aug_01963,r_5,project/training_data/training_masks/augmented_cards/aug_01963.png
aug_01964,r_4,project/training_data/training_masks/augmented_cards/aug_01964.png
aug_01965,y_6,project/training_data/training_masks/augmented_cards/aug_01965.png
aug_01966,y_4,project/training_data/training_masks/augmented_cards/aug_01966.png
aug_01967,y_5,project/training_data/training_masks/augmented_cards/aug_01967.png
aug_01968,b_9,project/training_data/training_masks/augmented_cards/aug_01968.png
aug_01969,g_7,project/training_data/training_masks/augmented_cards/aug_01969.png
aug_01970,r_9,project/training_data/training_masks/augmented_cards/aug_01970.png
aug_01971,r_8,project/training_data/training_masks/augmented_cards/aug_01971.png
aug_01972,b_7,project/training_data/training_masks/augmented_cards/aug_01972.png
aug_01973,wild,project/training_data/training_masks/augmented_cards/aug_01973.png
aug_01974,g_9,project/training_data/training_masks/augmented_cards/aug_01974.png
aug_01975,g_8,project/training_data/training_masks/augmented_cards/aug_01975.png
aug_01976,b_8,project/training_data/training_masks/augmented_cards/aug_01976.png
aug_01977,draw_4,project/training_data/training_masks/augmented_cards/aug_01977.png
aug_01978,r_7,project/training_data/training_masks/augmented_cards/aug_01978.png
aug_01979,y_9,project/training_data/training_masks/augmented_cards/aug_01979.png
aug_01980,y_7,project/training_data/training_masks/augmented_cards/aug_01980.png
aug_01981,y_8,project/training_data/training_masks/augmented_cards/aug_01981.png
aug_01982,g_skip,project/training_data/training_masks/augmented_cards/aug_01982.png
aug_01983,g_reverse,project/training_data/training_masks/augmented_cards/aug_01983.png
aug_01984,b_reverse,project/training_data/training_masks/augmented_cards/aug_01984.png
aug_01985,b_0,project/training_data/training_masks/augmented_cards/aug_01985.png
aug_01986,b_skip,project/training_data/training_masks/augmented_cards/aug_01986.png
aug_01987,r_skip,project/training_data/training_masks/augmented_cards/aug_01987.png
aug_01988,g_0,project/training_data/training_masks/augmented_cards/aug_01988.png
aug_01989,r_reverse,project/training_data/training_masks/augmented_cards/aug_01989.png
aug_01990,r_0,project/training_data/training_masks/augmented_cards/aug_01990.png
aug_01991,b_draw_2,project/training_data/training_masks/augmented_cards/aug_01991.png
aug_01992,r_draw_2,project/training_data/training_masks/augmented_cards/aug_01992.png
aug_01993,y_skip,project/training_data/training_masks/augmented_cards/aug_01993.png
aug_01994,y_reverse,project/training_data/training_masks/augmented_cards/aug_01994.png
aug_01995,y_0,project/training_data/training_masks/augmented_cards/aug_01995.png
aug_01996,g_draw_2,project/training_data/training_masks/augmented_cards/aug_01996.png
aug_01997,y_draw_2,project/training_data/training_masks/augmented_cards/aug_01997.png
aug_01998,b_3,project/training_data/training_masks/augmented_cards/aug_01998.png
aug_01999,b_2,project/training_data/training_masks/augmented_cards/aug_01999.png
aug_02000,g_3,project/training_data/training_masks/augmented_cards/aug_02000.png
aug_02001,r_3,project/training_data/training_masks/augmented_cards/aug_02001.png
aug_02002,g_2,project/training_data/training_masks/augmented_cards/aug_02002.png
aug_02003,g_1,project/training_data/training_masks/augmented_cards/aug_02003.png
aug_02004,b_1,project/training_data/training_masks/augmented_cards/aug_02004.png
aug_02005,r_2,project/training_data/training_masks/augmented_cards/aug_02005.png
aug_02006,y_3,project/training_data/training_masks/augmented_cards/aug_02006.png
aug_02007,r_1,project/training_data/training_masks/augmented_cards/aug_02007.png
aug_02008,y_2,project/training_data/training_masks/augmented_cards/aug_02008.png
aug_02009,y_1,project/training_data/training_masks/augmented_cards/aug_02009.png
aug_02010,g_6,project/training_data/training_masks/augmented_cards/aug_02010.png
aug_02011,g_5,project/training_data/training_masks/augmented_cards/aug_02011.png
aug_02012,b_5,project/training_data/training_masks/augmented_cards/aug_02012.png
aug_02013,b_6,project/training_data/training_masks/augmented_cards/aug_02013.png
aug_02014,r_6,project/training_data/training_masks/augmented_cards/aug_02014.png
aug_02015,b_4,project/training_data/training_masks/augmented_cards/aug_02015.png
aug_02016,g_4,project/training_data/training_masks/augmented_cards/aug_02016.png
aug_02017,r_5,project/training_data/training_masks/augmented_cards/aug_02017.png
aug_02018,r_4,project/training_data/training_masks/augmented_cards/aug_02018.png
aug_02019,y_6,project/training_data/training_masks/augmented_cards/aug_02019.png
aug_02020,y_4,project/training_data/training_masks/augmented_cards/aug_02020.png
aug_02021,y_5,project/training_data/training_masks/augmented_cards/aug_02021.png
aug_02022,b_9,project/training_data/training_masks/augmented_cards/aug_02022.png
aug_02023,g_7,project/training_data/training_masks/augmented_cards/aug_02023.png
aug_02024,r_9,project/training_data/training_masks/augmented_cards/aug_02024.png
aug_02025,r_8,project/training_data/training_masks/augmented_cards/aug_02025.png
aug_02026,b_7,project/training_data/training_masks/augmented_cards/aug_02026.png
aug_02027,wild,project/training_data/training_masks/augmented_cards/aug_02027.png
aug_02028,g_9,project/training_data/training_masks/augmented_cards/aug_02028.png
aug_02029,g_8,project/training_data/training_masks/augmented_cards/aug_02029.png
aug_02030,b_8,project/training_data/training_masks/augmented_cards/aug_02030.png
aug_02031,draw_4,project/training_data/training_masks/augmented_cards/aug_02031.png
aug_02032,r_7,project/training_data/training_masks/augmented_cards/aug_02032.png
aug_02033,y_9,project/training_data/training_masks/augmented_cards/aug_02033.png
aug_02034,y_7,project/training_data/training_masks/augmented_cards/aug_02034.png
aug_02035,y_8,project/training_data/training_masks/augmented_cards/aug_02035.png
aug_02036,g_skip,project/training_data/training_masks/augmented_cards/aug_02036.png
aug_02037,g_reverse,project/training_data/training_masks/augmented_cards/aug_02037.png
aug_02038,b_reverse,project/training_data/training_masks/augmented_cards/aug_02038.png
aug_02039,b_0,project/training_data/training_masks/augmented_cards/aug_02039.png
aug_02040,b_skip,project/training_data/training_masks/augmented_cards/aug_02040.png
aug_02041,r_skip,project/training_data/training_masks/augmented_cards/aug_02041.png
aug_02042,g_0,project/training_data/training_masks/augmented_cards/aug_02042.png
aug_02043,r_reverse,project/training_data/training_masks/augmented_cards/aug_02043.png
aug_02044,r_0,project/training_data/training_masks/augmented_cards/aug_02044.png
aug_02045,b_draw_2,project/training_data/training_masks/augmented_cards/aug_02045.png
aug_02046,r_draw_2,project/training_data/training_masks/augmented_cards/aug_02046.png
aug_02047,y_skip,project/training_data/training_masks/augmented_cards/aug_02047.png
aug_02048,y_reverse,project/training_data/training_masks/augmented_cards/aug_02048.png
aug_02049,y_0,project/training_data/training_masks/augmented_cards/aug_02049.png
aug_02050,g_draw_2,project/training_data/training_masks/augmented_cards/aug_02050.png
aug_02051,y_draw_2,project/training_data/training_masks/augmented_cards/aug_02051.png
aug_02052,b_3,project/training_data/training_masks/augmented_cards/aug_02052.png
aug_02053,b_2,project/training_data/training_masks/augmented_cards/aug_02053.png
aug_02054,g_3,project/training_data/training_masks/augmented_cards/aug_02054.png
aug_02055,r_3,project/training_data/training_masks/augmented_cards/aug_02055.png
aug_02056,g_2,project/training_data/training_masks/augmented_cards/aug_02056.png
aug_02057,g_1,project/training_data/training_masks/augmented_cards/aug_02057.png
aug_02058,b_1,project/training_data/training_masks/augmented_cards/aug_02058.png
aug_02059,r_2,project/training_data/training_masks/augmented_cards/aug_02059.png
aug_02060,y_3,project/training_data/training_masks/augmented_cards/aug_02060.png
aug_02061,r_1,project/training_data/training_masks/augmented_cards/aug_02061.png
aug_02062,y_2,project/training_data/training_masks/augmented_cards/aug_02062.png
aug_02063,y_1,project/training_data/training_masks/augmented_cards/aug_02063.png
aug_02064,g_6,project/training_data/training_masks/augmented_cards/aug_02064.png
aug_02065,g_5,project/training_data/training_masks/augmented_cards/aug_02065.png
aug_02066,b_5,project/training_data/training_masks/augmented_cards/aug_02066.png
aug_02067,b_6,project/training_data/training_masks/augmented_cards/aug_02067.png
aug_02068,r_6,project/training_data/training_masks/augmented_cards/aug_02068.png
aug_02069,b_4,project/training_data/training_masks/augmented_cards/aug_02069.png
aug_02070,g_4,project/training_data/training_masks/augmented_cards/aug_02070.png
aug_02071,r_5,project/training_data/training_masks/augmented_cards/aug_02071.png
aug_02072,r_4,project/training_data/training_masks/augmented_cards/aug_02072.png
aug_02073,y_6,project/training_data/training_masks/augmented_cards/aug_02073.png
aug_02074,y_4,project/training_data/training_masks/augmented_cards/aug_02074.png
aug_02075,y_5,project/training_data/training_masks/augmented_cards/aug_02075.png
aug_02076,b_9,project/training_data/training_masks/augmented_cards/aug_02076.png
aug_02077,g_7,project/training_data/training_masks/augmented_cards/aug_02077.png
aug_02078,r_9,project/training_data/training_masks/augmented_cards/aug_02078.png
aug_02079,r_8,project/training_data/training_masks/augmented_cards/aug_02079.png
aug_02080,b_7,project/training_data/training_masks/augmented_cards/aug_02080.png
aug_02081,wild,project/training_data/training_masks/augmented_cards/aug_02081.png
aug_02082,g_9,project/training_data/training_masks/augmented_cards/aug_02082.png
aug_02083,g_8,project/training_data/training_masks/augmented_cards/aug_02083.png
aug_02084,b_8,project/training_data/training_masks/augmented_cards/aug_02084.png
aug_02085,draw_4,project/training_data/training_masks/augmented_cards/aug_02085.png
aug_02086,r_7,project/training_data/training_masks/augmented_cards/aug_02086.png
aug_02087,y_9,project/training_data/training_masks/augmented_cards/aug_02087.png
aug_02088,y_7,project/training_data/training_masks/augmented_cards/aug_02088.png
aug_02089,y_8,project/training_data/training_masks/augmented_cards/aug_02089.png
aug_02090,g_skip,project/training_data/training_masks/augmented_cards/aug_02090.png
aug_02091,g_reverse,project/training_data/training_masks/augmented_cards/aug_02091.png
aug_02092,b_reverse,project/training_data/training_masks/augmented_cards/aug_02092.png
aug_02093,b_0,project/training_data/training_masks/augmented_cards/aug_02093.png
aug_02094,b_skip,project/training_data/training_masks/augmented_cards/aug_02094.png
aug_02095,r_skip,project/training_data/training_masks/augmented_cards/aug_02095.png
aug_02096,g_0,project/training_data/training_masks/augmented_cards/aug_02096.png
aug_02097,r_reverse,project/training_data/training_masks/augmented_cards/aug_02097.png
aug_02098,r_0,project/training_data/training_masks/augmented_cards/aug_02098.png
aug_02099,b_draw_2,project/training_data/training_masks/augmented_cards/aug_02099.png
aug_02100,r_draw_2,project/training_data/training_masks/augmented_cards/aug_02100.png
aug_02101,y_skip,project/training_data/training_masks/augmented_cards/aug_02101.png
aug_02102,y_reverse,project/training_data/training_masks/augmented_cards/aug_02102.png
aug_02103,y_0,project/training_data/training_masks/augmented_cards/aug_02103.png
aug_02104,g_draw_2,project/training_data/training_masks/augmented_cards/aug_02104.png
aug_02105,y_draw_2,project/training_data/training_masks/augmented_cards/aug_02105.png
aug_02106,b_3,project/training_data/training_masks/augmented_cards/aug_02106.png
aug_02107,b_2,project/training_data/training_masks/augmented_cards/aug_02107.png
aug_02108,g_3,project/training_data/training_masks/augmented_cards/aug_02108.png
aug_02109,r_3,project/training_data/training_masks/augmented_cards/aug_02109.png
aug_02110,g_2,project/training_data/training_masks/augmented_cards/aug_02110.png
aug_02111,g_1,project/training_data/training_masks/augmented_cards/aug_02111.png
aug_02112,b_1,project/training_data/training_masks/augmented_cards/aug_02112.png
aug_02113,r_2,project/training_data/training_masks/augmented_cards/aug_02113.png
aug_02114,y_3,project/training_data/training_masks/augmented_cards/aug_02114.png
aug_02115,r_1,project/training_data/training_masks/augmented_cards/aug_02115.png
aug_02116,y_2,project/training_data/training_masks/augmented_cards/aug_02116.png
aug_02117,y_1,project/training_data/training_masks/augmented_cards/aug_02117.png
aug_02118,g_6,project/training_data/training_masks/augmented_cards/aug_02118.png
aug_02119,g_5,project/training_data/training_masks/augmented_cards/aug_02119.png
aug_02120,b_5,project/training_data/training_masks/augmented_cards/aug_02120.png
aug_02121,b_6,project/training_data/training_masks/augmented_cards/aug_02121.png
aug_02122,r_6,project/training_data/training_masks/augmented_cards/aug_02122.png
aug_02123,b_4,project/training_data/training_masks/augmented_cards/aug_02123.png
aug_02124,g_4,project/training_data/training_masks/augmented_cards/aug_02124.png
aug_02125,r_5,project/training_data/training_masks/augmented_cards/aug_02125.png
aug_02126,r_4,project/training_data/training_masks/augmented_cards/aug_02126.png
aug_02127,y_6,project/training_data/training_masks/augmented_cards/aug_02127.png
aug_02128,y_4,project/training_data/training_masks/augmented_cards/aug_02128.png
aug_02129,y_5,project/training_data/training_masks/augmented_cards/aug_02129.png
aug_02130,b_9,project/training_data/training_masks/augmented_cards/aug_02130.png
aug_02131,g_7,project/training_data/training_masks/augmented_cards/aug_02131.png
aug_02132,r_9,project/training_data/training_masks/augmented_cards/aug_02132.png
aug_02133,r_8,project/training_data/training_masks/augmented_cards/aug_02133.png
aug_02134,b_7,project/training_data/training_masks/augmented_cards/aug_02134.png
aug_02135,wild,project/training_data/training_masks/augmented_cards/aug_02135.png
aug_02136,g_9,project/training_data/training_masks/augmented_cards/aug_02136.png
aug_02137,g_8,project/training_data/training_masks/augmented_cards/aug_02137.png
aug_02138,b_8,project/training_data/training_masks/augmented_cards/aug_02138.png
aug_02139,draw_4,project/training_data/training_masks/augmented_cards/aug_02139.png
aug_02140,r_7,project/training_data/training_masks/augmented_cards/aug_02140.png
aug_02141,y_9,project/training_data/training_masks/augmented_cards/aug_02141.png
aug_02142,y_7,project/training_data/training_masks/augmented_cards/aug_02142.png
aug_02143,y_8,project/training_data/training_masks/augmented_cards/aug_02143.png
aug_02144,g_skip,project/training_data/training_masks/augmented_cards/aug_02144.png
aug_02145,g_reverse,project/training_data/training_masks/augmented_cards/aug_02145.png
aug_02146,b_reverse,project/training_data/training_masks/augmented_cards/aug_02146.png
aug_02147,b_0,project/training_data/training_masks/augmented_cards/aug_02147.png
aug_02148,b_skip,project/training_data/training_masks/augmented_cards/aug_02148.png
aug_02149,r_skip,project/training_data/training_masks/augmented_cards/aug_02149.png
aug_02150,g_0,project/training_data/training_masks/augmented_cards/aug_02150.png
aug_02151,r_reverse,project/training_data/training_masks/augmented_cards/aug_02151.png
aug_02152,r_0,project/training_data/training_masks/augmented_cards/aug_02152.png
aug_02153,b_draw_2,project/training_data/training_masks/augmented_cards/aug_02153.png
aug_02154,r_draw_2,project/training_data/training_masks/augmented_cards/aug_02154.png
aug_02155,y_skip,project/training_data/training_masks/augmented_cards/aug_02155.png
aug_02156,y_reverse,project/training_data/training_masks/augmented_cards/aug_02156.png
aug_02157,y_0,project/training_data/training_masks/augmented_cards/aug_02157.png
aug_02158,g_draw_2,project/training_data/training_masks/augmented_cards/aug_02158.png
aug_02159,y_draw_2,project/training_data/training_masks/augmented_cards/aug_02159.png
aug_02160,b_3,project/training_data/training_masks/augmented_cards/aug_02160.png
aug_02161,b_2,project/training_data/training_masks/augmented_cards/aug_02161.png
aug_02162,g_3,project/training_data/training_masks/augmented_cards/aug_02162.png
aug_02163,r_3,project/training_data/training_masks/augmented_cards/aug_02163.png
aug_02164,g_2,project/training_data/training_masks/augmented_cards/aug_02164.png
aug_02165,g_1,project/training_data/training_masks/augmented_cards/aug_02165.png
aug_02166,b_1,project/training_data/training_masks/augmented_cards/aug_02166.png
aug_02167,r_2,project/training_data/training_masks/augmented_cards/aug_02167.png
aug_02168,y_3,project/training_data/training_masks/augmented_cards/aug_02168.png
aug_02169,r_1,project/training_data/training_masks/augmented_cards/aug_02169.png
aug_02170,y_2,project/training_data/training_masks/augmented_cards/aug_02170.png
aug_02171,y_1,project/training_data/training_masks/augmented_cards/aug_02171.png
aug_02172,g_6,project/training_data/training_masks/augmented_cards/aug_02172.png
aug_02173,g_5,project/training_data/training_masks/augmented_cards/aug_02173.png
aug_02174,b_5,project/training_data/training_masks/augmented_cards/aug_02174.png
aug_02175,b_6,project/training_data/training_masks/augmented_cards/aug_02175.png
aug_02176,r_6,project/training_data/training_masks/augmented_cards/aug_02176.png
aug_02177,b_4,project/training_data/training_masks/augmented_cards/aug_02177.png
aug_02178,g_4,project/training_data/training_masks/augmented_cards/aug_02178.png
aug_02179,r_5,project/training_data/training_masks/augmented_cards/aug_02179.png
aug_02180,r_4,project/training_data/training_masks/augmented_cards/aug_02180.png
aug_02181,y_6,project/training_data/training_masks/augmented_cards/aug_02181.png
aug_02182,y_4,project/training_data/training_masks/augmented_cards/aug_02182.png
aug_02183,y_5,project/training_data/training_masks/augmented_cards/aug_02183.png
aug_02184,b_9,project/training_data/training_masks/augmented_cards/aug_02184.png
aug_02185,g_7,project/training_data/training_masks/augmented_cards/aug_02185.png
aug_02186,r_9,project/training_data/training_masks/augmented_cards/aug_02186.png
aug_02187,r_8,project/training_data/training_masks/augmented_cards/aug_02187.png
aug_02188,b_7,project/training_data/training_masks/augmented_cards/aug_02188.png
aug_02189,wild,project/training_data/training_masks/augmented_cards/aug_02189.png
aug_02190,g_9,project/training_data/training_masks/augmented_cards/aug_02190.png
aug_02191,g_8,project/training_data/training_masks/augmented_cards/aug_02191.png
aug_02192,b_8,project/training_data/training_masks/augmented_cards/aug_02192.png
aug_02193,draw_4,project/training_data/training_masks/augmented_cards/aug_02193.png
aug_02194,r_7,project/training_data/training_masks/augmented_cards/aug_02194.png
aug_02195,y_9,project/training_data/training_masks/augmented_cards/aug_02195.png
aug_02196,y_7,project/training_data/training_masks/augmented_cards/aug_02196.png
aug_02197,y_8,project/training_data/training_masks/augmented_cards/aug_02197.png
aug_02198,g_skip,project/training_data/training_masks/augmented_cards/aug_02198.png
aug_02199,g_reverse,project/training_data/training_masks/augmented_cards/aug_02199.png
aug_02200,b_reverse,project/training_data/training_masks/augmented_cards/aug_02200.png
aug_02201,b_0,project/training_data/training_masks/augmented_cards/aug_02201.png
aug_02202,b_skip,project/training_data/training_masks/augmented_cards/aug_02202.png
aug_02203,r_skip,project/training_data/training_masks/augmented_cards/aug_02203.png
aug_02204,g_0,project/training_data/training_masks/augmented_cards/aug_02204.png
aug_02205,r_reverse,project/training_data/training_masks/augmented_cards/aug_02205.png
aug_02206,r_0,project/training_data/training_masks/augmented_cards/aug_02206.png
aug_02207,b_draw_2,project/training_data/training_masks/augmented_cards/aug_02207.png
aug_02208,r_draw_2,project/training_data/training_masks/augmented_cards/aug_02208.png
aug_02209,y_skip,project/training_data/training_masks/augmented_cards/aug_02209.png
aug_02210,y_reverse,project/training_data/training_masks/augmented_cards/aug_02210.png
aug_02211,y_0,project/training_data/training_masks/augmented_cards/aug_02211.png
aug_02212,g_draw_2,project/training_data/training_masks/augmented_cards/aug_02212.png
aug_02213,y_draw_2,project/training_data/training_masks/augmented_cards/aug_02213.png
aug_02214,b_3,project/training_data/training_masks/augmented_cards/aug_02214.png
aug_02215,b_2,project/training_data/training_masks/augmented_cards/aug_02215.png
aug_02216,g_3,project/training_data/training_masks/augmented_cards/aug_02216.png
aug_02217,r_3,project/training_data/training_masks/augmented_cards/aug_02217.png
aug_02218,g_2,project/training_data/training_masks/augmented_cards/aug_02218.png
aug_02219,g_1,project/training_data/training_masks/augmented_cards/aug_02219.png
aug_02220,b_1,project/training_data/training_masks/augmented_cards/aug_02220.png
aug_02221,r_2,project/training_data/training_masks/augmented_cards/aug_02221.png
aug_02222,y_3,project/training_data/training_masks/augmented_cards/aug_02222.png
aug_02223,r_1,project/training_data/training_masks/augmented_cards/aug_02223.png
aug_02224,y_2,project/training_data/training_masks/augmented_cards/aug_02224.png
aug_02225,y_1,project/training_data/training_masks/augmented_cards/aug_02225.png
aug_02226,g_6,project/training_data/training_masks/augmented_cards/aug_02226.png
aug_02227,g_5,project/training_data/training_masks/augmented_cards/aug_02227.png
aug_02228,b_5,project/training_data/training_masks/augmented_cards/aug_02228.png
aug_02229,b_6,project/training_data/training_masks/augmented_cards/aug_02229.png
aug_02230,r_6,project/training_data/training_masks/augmented_cards/aug_02230.png
aug_02231,b_4,project/training_data/training_masks/augmented_cards/aug_02231.png
aug_02232,g_4,project/training_data/training_masks/augmented_cards/aug_02232.png
aug_02233,r_5,project/training_data/training_masks/augmented_cards/aug_02233.png
aug_02234,r_4,project/training_data/training_masks/augmented_cards/aug_02234.png
aug_02235,y_6,project/training_data/training_masks/augmented_cards/aug_02235.png
aug_02236,y_4,project/training_data/training_masks/augmented_cards/aug_02236.png
aug_02237,y_5,project/training_data/training_masks/augmented_cards/aug_02237.png
aug_02238,b_9,project/training_data/training_masks/augmented_cards/aug_02238.png
aug_02239,g_7,project/training_data/training_masks/augmented_cards/aug_02239.png
aug_02240,r_9,project/training_data/training_masks/augmented_cards/aug_02240.png
aug_02241,r_8,project/training_data/training_masks/augmented_cards/aug_02241.png
aug_02242,b_7,project/training_data/training_masks/augmented_cards/aug_02242.png
aug_02243,wild,project/training_data/training_masks/augmented_cards/aug_02243.png
aug_02244,g_9,project/training_data/training_masks/augmented_cards/aug_02244.png
aug_02245,g_8,project/training_data/training_masks/augmented_cards/aug_02245.png
aug_02246,b_8,project/training_data/training_masks/augmented_cards/aug_02246.png
aug_02247,draw_4,project/training_data/training_masks/augmented_cards/aug_02247.png
aug_02248,r_7,project/training_data/training_masks/augmented_cards/aug_02248.png
aug_02249,y_9,project/training_data/training_masks/augmented_cards/aug_02249.png
aug_02250,y_7,project/training_data/training_masks/augmented_cards/aug_02250.png
aug_02251,y_8,project/training_data/training_masks/augmented_cards/aug_02251.png
aug_02252,g_skip,project/training_data/training_masks/augmented_cards/aug_02252.png
aug_02253,g_reverse,project/training_data/training_masks/augmented_cards/aug_02253.png
aug_02254,b_reverse,project/training_data/training_masks/augmented_cards/aug_02254.png
aug_02255,b_0,project/training_data/training_masks/augmented_cards/aug_02255.png
aug_02256,b_skip,project/training_data/training_masks/augmented_cards/aug_02256.png
aug_02257,r_skip,project/training_data/training_masks/augmented_cards/aug_02257.png
aug_02258,g_0,project/training_data/training_masks/augmented_cards/aug_02258.png
aug_02259,r_reverse,project/training_data/training_masks/augmented_cards/aug_02259.png
aug_02260,r_0,project/training_data/training_masks/augmented_cards/aug_02260.png
aug_02261,b_draw_2,project/training_data/training_masks/augmented_cards/aug_02261.png
aug_02262,r_draw_2,project/training_data/training_masks/augmented_cards/aug_02262.png
aug_02263,y_skip,project/training_data/training_masks/augmented_cards/aug_02263.png
aug_02264,y_reverse,project/training_data/training_masks/augmented_cards/aug_02264.png
aug_02265,y_0,project/training_data/training_masks/augmented_cards/aug_02265.png
aug_02266,g_draw_2,project/training_data/training_masks/augmented_cards/aug_02266.png
aug_02267,y_draw_2,project/training_data/training_masks/augmented_cards/aug_02267.png
aug_02268,b_3,project/training_data/training_masks/augmented_cards/aug_02268.png
aug_02269,b_2,project/training_data/training_masks/augmented_cards/aug_02269.png
aug_02270,g_3,project/training_data/training_masks/augmented_cards/aug_02270.png
aug_02271,r_3,project/training_data/training_masks/augmented_cards/aug_02271.png
aug_02272,g_2,project/training_data/training_masks/augmented_cards/aug_02272.png
aug_02273,g_1,project/training_data/training_masks/augmented_cards/aug_02273.png
aug_02274,b_1,project/training_data/training_masks/augmented_cards/aug_02274.png
aug_02275,r_2,project/training_data/training_masks/augmented_cards/aug_02275.png
aug_02276,y_3,project/training_data/training_masks/augmented_cards/aug_02276.png
aug_02277,r_1,project/training_data/training_masks/augmented_cards/aug_02277.png
aug_02278,y_2,project/training_data/training_masks/augmented_cards/aug_02278.png
aug_02279,y_1,project/training_data/training_masks/augmented_cards/aug_02279.png
aug_02280,g_6,project/training_data/training_masks/augmented_cards/aug_02280.png
aug_02281,g_5,project/training_data/training_masks/augmented_cards/aug_02281.png
aug_02282,b_5,project/training_data/training_masks/augmented_cards/aug_02282.png
aug_02283,b_6,project/training_data/training_masks/augmented_cards/aug_02283.png
aug_02284,r_6,project/training_data/training_masks/augmented_cards/aug_02284.png
aug_02285,b_4,project/training_data/training_masks/augmented_cards/aug_02285.png
aug_02286,g_4,project/training_data/training_masks/augmented_cards/aug_02286.png
aug_02287,r_5,project/training_data/training_masks/augmented_cards/aug_02287.png
aug_02288,r_4,project/training_data/training_masks/augmented_cards/aug_02288.png
aug_02289,y_6,project/training_data/training_masks/augmented_cards/aug_02289.png
aug_02290,y_4,project/training_data/training_masks/augmented_cards/aug_02290.png
aug_02291,y_5,project/training_data/training_masks/augmented_cards/aug_02291.png
aug_02292,b_9,project/training_data/training_masks/augmented_cards/aug_02292.png
aug_02293,g_7,project/training_data/training_masks/augmented_cards/aug_02293.png
aug_02294,r_9,project/training_data/training_masks/augmented_cards/aug_02294.png
aug_02295,r_8,project/training_data/training_masks/augmented_cards/aug_02295.png
aug_02296,b_7,project/training_data/training_masks/augmented_cards/aug_02296.png
aug_02297,wild,project/training_data/training_masks/augmented_cards/aug_02297.png
aug_02298,g_9,project/training_data/training_masks/augmented_cards/aug_02298.png
aug_02299,g_8,project/training_data/training_masks/augmented_cards/aug_02299.png
aug_02300,b_8,project/training_data/training_masks/augmented_cards/aug_02300.png
aug_02301,draw_4,project/training_data/training_masks/augmented_cards/aug_02301.png
aug_02302,r_7,project/training_data/training_masks/augmented_cards/aug_02302.png
aug_02303,y_9,project/training_data/training_masks/augmented_cards/aug_02303.png
aug_02304,y_7,project/training_data/training_masks/augmented_cards/aug_02304.png
aug_02305,y_8,project/training_data/training_masks/augmented_cards/aug_02305.png
aug_02306,g_skip,project/training_data/training_masks/augmented_cards/aug_02306.png
aug_02307,g_reverse,project/training_data/training_masks/augmented_cards/aug_02307.png
aug_02308,b_reverse,project/training_data/training_masks/augmented_cards/aug_02308.png
aug_02309,b_0,project/training_data/training_masks/augmented_cards/aug_02309.png
aug_02310,b_skip,project/training_data/training_masks/augmented_cards/aug_02310.png
aug_02311,r_skip,project/training_data/training_masks/augmented_cards/aug_02311.png
aug_02312,g_0,project/training_data/training_masks/augmented_cards/aug_02312.png
aug_02313,r_reverse,project/training_data/training_masks/augmented_cards/aug_02313.png
aug_02314,r_0,project/training_data/training_masks/augmented_cards/aug_02314.png
aug_02315,b_draw_2,project/training_data/training_masks/augmented_cards/aug_02315.png
aug_02316,r_draw_2,project/training_data/training_masks/augmented_cards/aug_02316.png
aug_02317,y_skip,project/training_data/training_masks/augmented_cards/aug_02317.png
aug_02318,y_reverse,project/training_data/training_masks/augmented_cards/aug_02318.png
aug_02319,y_0,project/training_data/training_masks/augmented_cards/aug_02319.png
aug_02320,g_draw_2,project/training_data/training_masks/augmented_cards/aug_02320.png
aug_02321,y_draw_2,project/training_data/training_masks/augmented_cards/aug_02321.png
aug_02322,b_3,project/training_data/training_masks/augmented_cards/aug_02322.png
aug_02323,b_2,project/training_data/training_masks/augmented_cards/aug_02323.png
aug_02324,g_3,project/training_data/training_masks/augmented_cards/aug_02324.png
aug_02325,r_3,project/training_data/training_masks/augmented_cards/aug_02325.png
aug_02326,g_2,project/training_data/training_masks/augmented_cards/aug_02326.png
aug_02327,g_1,project/training_data/training_masks/augmented_cards/aug_02327.png
aug_02328,b_1,project/training_data/training_masks/augmented_cards/aug_02328.png
aug_02329,r_2,project/training_data/training_masks/augmented_cards/aug_02329.png
aug_02330,y_3,project/training_data/training_masks/augmented_cards/aug_02330.png
aug_02331,r_1,project/training_data/training_masks/augmented_cards/aug_02331.png
aug_02332,y_2,project/training_data/training_masks/augmented_cards/aug_02332.png
aug_02333,y_1,project/training_data/training_masks/augmented_cards/aug_02333.png
aug_02334,g_6,project/training_data/training_masks/augmented_cards/aug_02334.png
aug_02335,g_5,project/training_data/training_masks/augmented_cards/aug_02335.png
aug_02336,b_5,project/training_data/training_masks/augmented_cards/aug_02336.png
aug_02337,b_6,project/training_data/training_masks/augmented_cards/aug_02337.png
aug_02338,r_6,project/training_data/training_masks/augmented_cards/aug_02338.png
aug_02339,b_4,project/training_data/training_masks/augmented_cards/aug_02339.png
aug_02340,g_4,project/training_data/training_masks/augmented_cards/aug_02340.png
aug_02341,r_5,project/training_data/training_masks/augmented_cards/aug_02341.png
aug_02342,r_4,project/training_data/training_masks/augmented_cards/aug_02342.png
aug_02343,y_6,project/training_data/training_masks/augmented_cards/aug_02343.png
aug_02344,y_4,project/training_data/training_masks/augmented_cards/aug_02344.png
aug_02345,y_5,project/training_data/training_masks/augmented_cards/aug_02345.png
aug_02346,b_9,project/training_data/training_masks/augmented_cards/aug_02346.png
aug_02347,g_7,project/training_data/training_masks/augmented_cards/aug_02347.png
aug_02348,r_9,project/training_data/training_masks/augmented_cards/aug_02348.png
aug_02349,r_8,project/training_data/training_masks/augmented_cards/aug_02349.png
aug_02350,b_7,project/training_data/training_masks/augmented_cards/aug_02350.png
aug_02351,wild,project/training_data/training_masks/augmented_cards/aug_02351.png
aug_02352,g_9,project/training_data/training_masks/augmented_cards/aug_02352.png
aug_02353,g_8,project/training_data/training_masks/augmented_cards/aug_02353.png
aug_02354,b_8,project/training_data/training_masks/augmented_cards/aug_02354.png
aug_02355,draw_4,project/training_data/training_masks/augmented_cards/aug_02355.png
aug_02356,r_7,project/training_data/training_masks/augmented_cards/aug_02356.png
aug_02357,y_9,project/training_data/training_masks/augmented_cards/aug_02357.png
aug_02358,y_7,project/training_data/training_masks/augmented_cards/aug_02358.png
aug_02359,y_8,project/training_data/training_masks/augmented_cards/aug_02359.png
aug_02360,g_skip,project/training_data/training_masks/augmented_cards/aug_02360.png
aug_02361,g_reverse,project/training_data/training_masks/augmented_cards/aug_02361.png
aug_02362,b_reverse,project/training_data/training_masks/augmented_cards/aug_02362.png
aug_02363,b_0,project/training_data/training_masks/augmented_cards/aug_02363.png
aug_02364,b_skip,project/training_data/training_masks/augmented_cards/aug_02364.png
aug_02365,r_skip,project/training_data/training_masks/augmented_cards/aug_02365.png
aug_02366,g_0,project/training_data/training_masks/augmented_cards/aug_02366.png
aug_02367,r_reverse,project/training_data/training_masks/augmented_cards/aug_02367.png
aug_02368,r_0,project/training_data/training_masks/augmented_cards/aug_02368.png
aug_02369,b_draw_2,project/training_data/training_masks/augmented_cards/aug_02369.png
aug_02370,r_draw_2,project/training_data/training_masks/augmented_cards/aug_02370.png
aug_02371,y_skip,project/training_data/training_masks/augmented_cards/aug_02371.png
aug_02372,y_reverse,project/training_data/training_masks/augmented_cards/aug_02372.png
aug_02373,y_0,project/training_data/training_masks/augmented_cards/aug_02373.png
aug_02374,g_draw_2,project/training_data/training_masks/augmented_cards/aug_02374.png
aug_02375,y_draw_2,project/training_data/training_masks/augmented_cards/aug_02375.png
aug_02376,b_3,project/training_data/training_masks/augmented_cards/aug_02376.png
aug_02377,b_2,project/training_data/training_masks/augmented_cards/aug_02377.png
aug_02378,g_3,project/training_data/training_masks/augmented_cards/aug_02378.png
aug_02379,r_3,project/training_data/training_masks/augmented_cards/aug_02379.png
aug_02380,g_2,project/training_data/training_masks/augmented_cards/aug_02380.png
aug_02381,g_1,project/training_data/training_masks/augmented_cards/aug_02381.png
aug_02382,b_1,project/training_data/training_masks/augmented_cards/aug_02382.png
aug_02383,r_2,project/training_data/training_masks/augmented_cards/aug_02383.png
aug_02384,y_3,project/training_data/training_masks/augmented_cards/aug_02384.png
aug_02385,r_1,project/training_data/training_masks/augmented_cards/aug_02385.png
aug_02386,y_2,project/training_data/training_masks/augmented_cards/aug_02386.png
aug_02387,y_1,project/training_data/training_masks/augmented_cards/aug_02387.png
aug_02388,g_6,project/training_data/training_masks/augmented_cards/aug_02388.png
aug_02389,g_5,project/training_data/training_masks/augmented_cards/aug_02389.png
aug_02390,b_5,project/training_data/training_masks/augmented_cards/aug_02390.png
aug_02391,b_6,project/training_data/training_masks/augmented_cards/aug_02391.png
aug_02392,r_6,project/training_data/training_masks/augmented_cards/aug_02392.png
aug_02393,b_4,project/training_data/training_masks/augmented_cards/aug_02393.png
aug_02394,g_4,project/training_data/training_masks/augmented_cards/aug_02394.png
aug_02395,r_5,project/training_data/training_masks/augmented_cards/aug_02395.png
aug_02396,r_4,project/training_data/training_masks/augmented_cards/aug_02396.png
aug_02397,y_6,project/training_data/training_masks/augmented_cards/aug_02397.png
aug_02398,y_4,project/training_data/training_masks/augmented_cards/aug_02398.png
aug_02399,y_5,project/training_data/training_masks/augmented_cards/aug_02399.png
aug_02400,b_9,project/training_data/training_masks/augmented_cards/aug_02400.png
aug_02401,g_7,project/training_data/training_masks/augmented_cards/aug_02401.png
aug_02402,r_9,project/training_data/training_masks/augmented_cards/aug_02402.png
aug_02403,r_8,project/training_data/training_masks/augmented_cards/aug_02403.png
aug_02404,b_7,project/training_data/training_masks/augmented_cards/aug_02404.png
aug_02405,wild,project/training_data/training_masks/augmented_cards/aug_02405.png
aug_02406,g_9,project/training_data/training_masks/augmented_cards/aug_02406.png
aug_02407,g_8,project/training_data/training_masks/augmented_cards/aug_02407.png
aug_02408,b_8,project/training_data/training_masks/augmented_cards/aug_02408.png
aug_02409,draw_4,project/training_data/training_masks/augmented_cards/aug_02409.png
aug_02410,r_7,project/training_data/training_masks/augmented_cards/aug_02410.png
aug_02411,y_9,project/training_data/training_masks/augmented_cards/aug_02411.png
aug_02412,y_7,project/training_data/training_masks/augmented_cards/aug_02412.png
aug_02413,y_8,project/training_data/training_masks/augmented_cards/aug_02413.png
aug_02414,g_skip,project/training_data/training_masks/augmented_cards/aug_02414.png
aug_02415,g_reverse,project/training_data/training_masks/augmented_cards/aug_02415.png
aug_02416,b_reverse,project/training_data/training_masks/augmented_cards/aug_02416.png
aug_02417,b_0,project/training_data/training_masks/augmented_cards/aug_02417.png
aug_02418,b_skip,project/training_data/training_masks/augmented_cards/aug_02418.png
aug_02419,r_skip,project/training_data/training_masks/augmented_cards/aug_02419.png
aug_02420,g_0,project/training_data/training_masks/augmented_cards/aug_02420.png
aug_02421,r_reverse,project/training_data/training_masks/augmented_cards/aug_02421.png
aug_02422,r_0,project/training_data/training_masks/augmented_cards/aug_02422.png
aug_02423,b_draw_2,project/training_data/training_masks/augmented_cards/aug_02423.png
aug_02424,r_draw_2,project/training_data/training_masks/augmented_cards/aug_02424.png
aug_02425,y_skip,project/training_data/training_masks/augmented_cards/aug_02425.png
aug_02426,y_reverse,project/training_data/training_masks/augmented_cards/aug_02426.png
aug_02427,y_0,project/training_data/training_masks/augmented_cards/aug_02427.png
aug_02428,g_draw_2,project/training_data/training_masks/augmented_cards/aug_02428.png
aug_02429,y_draw_2,project/training_data/training_masks/augmented_cards/aug_02429.png
aug_02430,b_3,project/training_data/training_masks/augmented_cards/aug_02430.png
aug_02431,b_2,project/training_data/training_masks/augmented_cards/aug_02431.png
aug_02432,g_3,project/training_data/training_masks/augmented_cards/aug_02432.png
aug_02433,r_3,project/training_data/training_masks/augmented_cards/aug_02433.png
aug_02434,g_2,project/training_data/training_masks/augmented_cards/aug_02434.png
aug_02435,g_1,project/training_data/training_masks/augmented_cards/aug_02435.png
aug_02436,b_1,project/training_data/training_masks/augmented_cards/aug_02436.png
aug_02437,r_2,project/training_data/training_masks/augmented_cards/aug_02437.png
aug_02438,y_3,project/training_data/training_masks/augmented_cards/aug_02438.png
aug_02439,r_1,project/training_data/training_masks/augmented_cards/aug_02439.png
aug_02440,y_2,project/training_data/training_masks/augmented_cards/aug_02440.png
aug_02441,y_1,project/training_data/training_masks/augmented_cards/aug_02441.png
aug_02442,g_6,project/training_data/training_masks/augmented_cards/aug_02442.png
aug_02443,g_5,project/training_data/training_masks/augmented_cards/aug_02443.png
aug_02444,b_5,project/training_data/training_masks/augmented_cards/aug_02444.png
aug_02445,b_6,project/training_data/training_masks/augmented_cards/aug_02445.png
aug_02446,r_6,project/training_data/training_masks/augmented_cards/aug_02446.png
aug_02447,b_4,project/training_data/training_masks/augmented_cards/aug_02447.png
aug_02448,g_4,project/training_data/training_masks/augmented_cards/aug_02448.png
aug_02449,r_5,project/training_data/training_masks/augmented_cards/aug_02449.png
aug_02450,r_4,project/training_data/training_masks/augmented_cards/aug_02450.png
aug_02451,y_6,project/training_data/training_masks/augmented_cards/aug_02451.png
aug_02452,y_4,project/training_data/training_masks/augmented_cards/aug_02452.png
aug_02453,y_5,project/training_data/training_masks/augmented_cards/aug_02453.png
aug_02454,b_9,project/training_data/training_masks/augmented_cards/aug_02454.png
aug_02455,g_7,project/training_data/training_masks/augmented_cards/aug_02455.png
aug_02456,r_9,project/training_data/training_masks/augmented_cards/aug_02456.png
aug_02457,r_8,project/training_data/training_masks/augmented_cards/aug_02457.png
aug_02458,b_7,project/training_data/training_masks/augmented_cards/aug_02458.png
aug_02459,wild,project/training_data/training_masks/augmented_cards/aug_02459.png
aug_02460,g_9,project/training_data/training_masks/augmented_cards/aug_02460.png
aug_02461,g_8,project/training_data/training_masks/augmented_cards/aug_02461.png
aug_02462,b_8,project/training_data/training_masks/augmented_cards/aug_02462.png
aug_02463,draw_4,project/training_data/training_masks/augmented_cards/aug_02463.png
aug_02464,r_7,project/training_data/training_masks/augmented_cards/aug_02464.png
aug_02465,y_9,project/training_data/training_masks/augmented_cards/aug_02465.png
aug_02466,y_7,project/training_data/training_masks/augmented_cards/aug_02466.png
aug_02467,y_8,project/training_data/training_masks/augmented_cards/aug_02467.png
aug_02468,g_skip,project/training_data/training_masks/augmented_cards/aug_02468.png
aug_02469,g_reverse,project/training_data/training_masks/augmented_cards/aug_02469.png
aug_02470,b_reverse,project/training_data/training_masks/augmented_cards/aug_02470.png
aug_02471,b_0,project/training_data/training_masks/augmented_cards/aug_02471.png
aug_02472,b_skip,project/training_data/training_masks/augmented_cards/aug_02472.png
aug_02473,r_skip,project/training_data/training_masks/augmented_cards/aug_02473.png
aug_02474,g_0,project/training_data/training_masks/augmented_cards/aug_02474.png
aug_02475,r_reverse,project/training_data/training_masks/augmented_cards/aug_02475.png
aug_02476,r_0,project/training_data/training_masks/augmented_cards/aug_02476.png
aug_02477,b_draw_2,project/training_data/training_masks/augmented_cards/aug_02477.png
aug_02478,r_draw_2,project/training_data/training_masks/augmented_cards/aug_02478.png
aug_02479,y_skip,project/training_data/training_masks/augmented_cards/aug_02479.png
aug_02480,y_reverse,project/training_data/training_masks/augmented_cards/aug_02480.png
aug_02481,y_0,project/training_data/training_masks/augmented_cards/aug_02481.png
aug_02482,g_draw_2,project/training_data/training_masks/augmented_cards/aug_02482.png
aug_02483,y_draw_2,project/training_data/training_masks/augmented_cards/aug_02483.png
aug_02484,b_3,project/training_data/training_masks/augmented_cards/aug_02484.png
aug_02485,b_2,project/training_data/training_masks/augmented_cards/aug_02485.png
aug_02486,g_3,project/training_data/training_masks/augmented_cards/aug_02486.png
aug_02487,r_3,project/training_data/training_masks/augmented_cards/aug_02487.png
aug_02488,g_2,project/training_data/training_masks/augmented_cards/aug_02488.png
aug_02489,g_1,project/training_data/training_masks/augmented_cards/aug_02489.png
aug_02490,b_1,project/training_data/training_masks/augmented_cards/aug_02490.png
aug_02491,r_2,project/training_data/training_masks/augmented_cards/aug_02491.png
aug_02492,y_3,project/training_data/training_masks/augmented_cards/aug_02492.png
aug_02493,r_1,project/training_data/training_masks/augmented_cards/aug_02493.png
aug_02494,y_2,project/training_data/training_masks/augmented_cards/aug_02494.png
aug_02495,y_1,project/training_data/training_masks/augmented_cards/aug_02495.png
aug_02496,g_6,project/training_data/training_masks/augmented_cards/aug_02496.png
aug_02497,g_5,project/training_data/training_masks/augmented_cards/aug_02497.png
aug_02498,b_5,project/training_data/training_masks/augmented_cards/aug_02498.png
aug_02499,b_6,project/training_data/training_masks/augmented_cards/aug_02499.png
aug_02500,r_6,project/training_data/training_masks/augmented_cards/aug_02500.png
aug_02501,b_4,project/training_data/training_masks/augmented_cards/aug_02501.png
aug_02502,g_4,project/training_data/training_masks/augmented_cards/aug_02502.png
aug_02503,r_5,project/training_data/training_masks/augmented_cards/aug_02503.png
aug_02504,r_4,project/training_data/training_masks/augmented_cards/aug_02504.png
aug_02505,y_6,project/training_data/training_masks/augmented_cards/aug_02505.png
aug_02506,y_4,project/training_data/training_masks/augmented_cards/aug_02506.png
aug_02507,y_5,project/training_data/training_masks/augmented_cards/aug_02507.png
aug_02508,b_9,project/training_data/training_masks/augmented_cards/aug_02508.png
aug_02509,g_7,project/training_data/training_masks/augmented_cards/aug_02509.png
aug_02510,r_9,project/training_data/training_masks/augmented_cards/aug_02510.png
aug_02511,r_8,project/training_data/training_masks/augmented_cards/aug_02511.png
aug_02512,b_7,project/training_data/training_masks/augmented_cards/aug_02512.png
aug_02513,wild,project/training_data/training_masks/augmented_cards/aug_02513.png
aug_02514,g_9,project/training_data/training_masks/augmented_cards/aug_02514.png
aug_02515,g_8,project/training_data/training_masks/augmented_cards/aug_02515.png
aug_02516,b_8,project/training_data/training_masks/augmented_cards/aug_02516.png
aug_02517,draw_4,project/training_data/training_masks/augmented_cards/aug_02517.png
aug_02518,r_7,project/training_data/training_masks/augmented_cards/aug_02518.png
aug_02519,y_9,project/training_data/training_masks/augmented_cards/aug_02519.png
aug_02520,y_7,project/training_data/training_masks/augmented_cards/aug_02520.png
aug_02521,y_8,project/training_data/training_masks/augmented_cards/aug_02521.png
aug_02522,g_skip,project/training_data/training_masks/augmented_cards/aug_02522.png
aug_02523,g_reverse,project/training_data/training_masks/augmented_cards/aug_02523.png
aug_02524,b_reverse,project/training_data/training_masks/augmented_cards/aug_02524.png
aug_02525,b_0,project/training_data/training_masks/augmented_cards/aug_02525.png
aug_02526,b_skip,project/training_data/training_masks/augmented_cards/aug_02526.png
aug_02527,r_skip,project/training_data/training_masks/augmented_cards/aug_02527.png
aug_02528,g_0,project/training_data/training_masks/augmented_cards/aug_02528.png
aug_02529,r_reverse,project/training_data/training_masks/augmented_cards/aug_02529.png
aug_02530,r_0,project/training_data/training_masks/augmented_cards/aug_02530.png
aug_02531,b_draw_2,project/training_data/training_masks/augmented_cards/aug_02531.png
aug_02532,r_draw_2,project/training_data/training_masks/augmented_cards/aug_02532.png
aug_02533,y_skip,project/training_data/training_masks/augmented_cards/aug_02533.png
aug_02534,y_reverse,project/training_data/training_masks/augmented_cards/aug_02534.png
aug_02535,y_0,project/training_data/training_masks/augmented_cards/aug_02535.png
aug_02536,g_draw_2,project/training_data/training_masks/augmented_cards/aug_02536.png
aug_02537,y_draw_2,project/training_data/training_masks/augmented_cards/aug_02537.png
aug_02538,b_3,project/training_data/training_masks/augmented_cards/aug_02538.png
aug_02539,b_2,project/training_data/training_masks/augmented_cards/aug_02539.png
aug_02540,g_3,project/training_data/training_masks/augmented_cards/aug_02540.png
aug_02541,r_3,project/training_data/training_masks/augmented_cards/aug_02541.png
aug_02542,g_2,project/training_data/training_masks/augmented_cards/aug_02542.png
aug_02543,g_1,project/training_data/training_masks/augmented_cards/aug_02543.png
aug_02544,b_1,project/training_data/training_masks/augmented_cards/aug_02544.png
aug_02545,r_2,project/training_data/training_masks/augmented_cards/aug_02545.png
aug_02546,y_3,project/training_data/training_masks/augmented_cards/aug_02546.png
aug_02547,r_1,project/training_data/training_masks/augmented_cards/aug_02547.png
aug_02548,y_2,project/training_data/training_masks/augmented_cards/aug_02548.png
aug_02549,y_1,project/training_data/training_masks/augmented_cards/aug_02549.png
aug_02550,g_6,project/training_data/training_masks/augmented_cards/aug_02550.png
aug_02551,g_5,project/training_data/training_masks/augmented_cards/aug_02551.png
aug_02552,b_5,project/training_data/training_masks/augmented_cards/aug_02552.png
aug_02553,b_6,project/training_data/training_masks/augmented_cards/aug_02553.png
aug_02554,r_6,project/training_data/training_masks/augmented_cards/aug_02554.png
aug_02555,b_4,project/training_data/training_masks/augmented_cards/aug_02555.png
aug_02556,g_4,project/training_data/training_masks/augmented_cards/aug_02556.png
aug_02557,r_5,project/training_data/training_masks/augmented_cards/aug_02557.png
aug_02558,r_4,project/training_data/training_masks/augmented_cards/aug_02558.png
aug_02559,y_6,project/training_data/training_masks/augmented_cards/aug_02559.png
aug_02560,y_4,project/training_data/training_masks/augmented_cards/aug_02560.png
aug_02561,y_5,project/training_data/training_masks/augmented_cards/aug_02561.png
aug_02562,b_9,project/training_data/training_masks/augmented_cards/aug_02562.png
aug_02563,g_7,project/training_data/training_masks/augmented_cards/aug_02563.png
aug_02564,r_9,project/training_data/training_masks/augmented_cards/aug_02564.png
aug_02565,r_8,project/training_data/training_masks/augmented_cards/aug_02565.png
aug_02566,b_7,project/training_data/training_masks/augmented_cards/aug_02566.png
aug_02567,wild,project/training_data/training_masks/augmented_cards/aug_02567.png
aug_02568,g_9,project/training_data/training_masks/augmented_cards/aug_02568.png
aug_02569,g_8,project/training_data/training_masks/augmented_cards/aug_02569.png
aug_02570,b_8,project/training_data/training_masks/augmented_cards/aug_02570.png
aug_02571,draw_4,project/training_data/training_masks/augmented_cards/aug_02571.png
aug_02572,r_7,project/training_data/training_masks/augmented_cards/aug_02572.png
aug_02573,y_9,project/training_data/training_masks/augmented_cards/aug_02573.png
aug_02574,y_7,project/training_data/training_masks/augmented_cards/aug_02574.png
aug_02575,y_8,project/training_data/training_masks/augmented_cards/aug_02575.png
aug_02576,g_skip,project/training_data/training_masks/augmented_cards/aug_02576.png
aug_02577,g_reverse,project/training_data/training_masks/augmented_cards/aug_02577.png
aug_02578,b_reverse,project/training_data/training_masks/augmented_cards/aug_02578.png
aug_02579,b_0,project/training_data/training_masks/augmented_cards/aug_02579.png
aug_02580,b_skip,project/training_data/training_masks/augmented_cards/aug_02580.png
aug_02581,r_skip,project/training_data/training_masks/augmented_cards/aug_02581.png
aug_02582,g_0,project/training_data/training_masks/augmented_cards/aug_02582.png
aug_02583,r_reverse,project/training_data/training_masks/augmented_cards/aug_02583.png
aug_02584,r_0,project/training_data/training_masks/augmented_cards/aug_02584.png
aug_02585,b_draw_2,project/training_data/training_masks/augmented_cards/aug_02585.png
aug_02586,r_draw_2,project/training_data/training_masks/augmented_cards/aug_02586.png
aug_02587,y_skip,project/training_data/training_masks/augmented_cards/aug_02587.png
aug_02588,y_reverse,project/training_data/training_masks/augmented_cards/aug_02588.png
aug_02589,y_0,project/training_data/training_masks/augmented_cards/aug_02589.png
aug_02590,g_draw_2,project/training_data/training_masks/augmented_cards/aug_02590.png
aug_02591,y_draw_2,project/training_data/training_masks/augmented_cards/aug_02591.png
aug_02592,b_3,project/training_data/training_masks/augmented_cards/aug_02592.png
aug_02593,b_2,project/training_data/training_masks/augmented_cards/aug_02593.png
aug_02594,g_3,project/training_data/training_masks/augmented_cards/aug_02594.png
aug_02595,r_3,project/training_data/training_masks/augmented_cards/aug_02595.png
aug_02596,g_2,project/training_data/training_masks/augmented_cards/aug_02596.png
aug_02597,g_1,project/training_data/training_masks/augmented_cards/aug_02597.png
aug_02598,b_1,project/training_data/training_masks/augmented_cards/aug_02598.png
aug_02599,r_2,project/training_data/training_masks/augmented_cards/aug_02599.png
aug_02600,y_3,project/training_data/training_masks/augmented_cards/aug_02600.png
aug_02601,r_1,project/training_data/training_masks/augmented_cards/aug_02601.png
aug_02602,y_2,project/training_data/training_masks/augmented_cards/aug_02602.png
aug_02603,y_1,project/training_data/training_masks/augmented_cards/aug_02603.png
aug_02604,g_6,project/training_data/training_masks/augmented_cards/aug_02604.png
aug_02605,g_5,project/training_data/training_masks/augmented_cards/aug_02605.png
aug_02606,b_5,project/training_data/training_masks/augmented_cards/aug_02606.png
aug_02607,b_6,project/training_data/training_masks/augmented_cards/aug_02607.png
aug_02608,r_6,project/training_data/training_masks/augmented_cards/aug_02608.png
aug_02609,b_4,project/training_data/training_masks/augmented_cards/aug_02609.png
aug_02610,g_4,project/training_data/training_masks/augmented_cards/aug_02610.png
aug_02611,r_5,project/training_data/training_masks/augmented_cards/aug_02611.png
aug_02612,r_4,project/training_data/training_masks/augmented_cards/aug_02612.png
aug_02613,y_6,project/training_data/training_masks/augmented_cards/aug_02613.png
aug_02614,y_4,project/training_data/training_masks/augmented_cards/aug_02614.png
aug_02615,y_5,project/training_data/training_masks/augmented_cards/aug_02615.png
aug_02616,b_9,project/training_data/training_masks/augmented_cards/aug_02616.png
aug_02617,g_7,project/training_data/training_masks/augmented_cards/aug_02617.png
aug_02618,r_9,project/training_data/training_masks/augmented_cards/aug_02618.png
aug_02619,r_8,project/training_data/training_masks/augmented_cards/aug_02619.png
aug_02620,b_7,project/training_data/training_masks/augmented_cards/aug_02620.png
aug_02621,wild,project/training_data/training_masks/augmented_cards/aug_02621.png
aug_02622,g_9,project/training_data/training_masks/augmented_cards/aug_02622.png
aug_02623,g_8,project/training_data/training_masks/augmented_cards/aug_02623.png
aug_02624,b_8,project/training_data/training_masks/augmented_cards/aug_02624.png
aug_02625,draw_4,project/training_data/training_masks/augmented_cards/aug_02625.png
aug_02626,r_7,project/training_data/training_masks/augmented_cards/aug_02626.png
aug_02627,y_9,project/training_data/training_masks/augmented_cards/aug_02627.png
aug_02628,y_7,project/training_data/training_masks/augmented_cards/aug_02628.png
aug_02629,y_8,project/training_data/training_masks/augmented_cards/aug_02629.png
aug_02630,g_skip,project/training_data/training_masks/augmented_cards/aug_02630.png
aug_02631,g_reverse,project/training_data/training_masks/augmented_cards/aug_02631.png
aug_02632,b_reverse,project/training_data/training_masks/augmented_cards/aug_02632.png
aug_02633,b_0,project/training_data/training_masks/augmented_cards/aug_02633.png
aug_02634,b_skip,project/training_data/training_masks/augmented_cards/aug_02634.png
aug_02635,r_skip,project/training_data/training_masks/augmented_cards/aug_02635.png
aug_02636,g_0,project/training_data/training_masks/augmented_cards/aug_02636.png
aug_02637,r_reverse,project/training_data/training_masks/augmented_cards/aug_02637.png
aug_02638,r_0,project/training_data/training_masks/augmented_cards/aug_02638.png
aug_02639,b_draw_2,project/training_data/training_masks/augmented_cards/aug_02639.png
aug_02640,r_draw_2,project/training_data/training_masks/augmented_cards/aug_02640.png
aug_02641,y_skip,project/training_data/training_masks/augmented_cards/aug_02641.png
aug_02642,y_reverse,project/training_data/training_masks/augmented_cards/aug_02642.png
aug_02643,y_0,project/training_data/training_masks/augmented_cards/aug_02643.png
aug_02644,g_draw_2,project/training_data/training_masks/augmented_cards/aug_02644.png
aug_02645,y_draw_2,project/training_data/training_masks/augmented_cards/aug_02645.png
aug_02646,b_3,project/training_data/training_masks/augmented_cards/aug_02646.png
aug_02647,b_2,project/training_data/training_masks/augmented_cards/aug_02647.png
aug_02648,g_3,project/training_data/training_masks/augmented_cards/aug_02648.png
aug_02649,r_3,project/training_data/training_masks/augmented_cards/aug_02649.png
aug_02650,g_2,project/training_data/training_masks/augmented_cards/aug_02650.png
aug_02651,g_1,project/training_data/training_masks/augmented_cards/aug_02651.png
aug_02652,b_1,project/training_data/training_masks/augmented_cards/aug_02652.png
aug_02653,r_2,project/training_data/training_masks/augmented_cards/aug_02653.png
aug_02654,y_3,project/training_data/training_masks/augmented_cards/aug_02654.png
aug_02655,r_1,project/training_data/training_masks/augmented_cards/aug_02655.png
aug_02656,y_2,project/training_data/training_masks/augmented_cards/aug_02656.png
aug_02657,y_1,project/training_data/training_masks/augmented_cards/aug_02657.png
aug_02658,g_6,project/training_data/training_masks/augmented_cards/aug_02658.png
aug_02659,g_5,project/training_data/training_masks/augmented_cards/aug_02659.png
aug_02660,b_5,project/training_data/training_masks/augmented_cards/aug_02660.png
aug_02661,b_6,project/training_data/training_masks/augmented_cards/aug_02661.png
aug_02662,r_6,project/training_data/training_masks/augmented_cards/aug_02662.png
aug_02663,b_4,project/training_data/training_masks/augmented_cards/aug_02663.png
aug_02664,g_4,project/training_data/training_masks/augmented_cards/aug_02664.png
aug_02665,r_5,project/training_data/training_masks/augmented_cards/aug_02665.png
aug_02666,r_4,project/training_data/training_masks/augmented_cards/aug_02666.png
aug_02667,y_6,project/training_data/training_masks/augmented_cards/aug_02667.png
aug_02668,y_4,project/training_data/training_masks/augmented_cards/aug_02668.png
aug_02669,y_5,project/training_data/training_masks/augmented_cards/aug_02669.png
aug_02670,b_9,project/training_data/training_masks/augmented_cards/aug_02670.png
aug_02671,g_7,project/training_data/training_masks/augmented_cards/aug_02671.png
aug_02672,r_9,project/training_data/training_masks/augmented_cards/aug_02672.png
aug_02673,r_8,project/training_data/training_masks/augmented_cards/aug_02673.png
aug_02674,b_7,project/training_data/training_masks/augmented_cards/aug_02674.png
aug_02675,wild,project/training_data/training_masks/augmented_cards/aug_02675.png
aug_02676,g_9,project/training_data/training_masks/augmented_cards/aug_02676.png
aug_02677,g_8,project/training_data/training_masks/augmented_cards/aug_02677.png
aug_02678,b_8,project/training_data/training_masks/augmented_cards/aug_02678.png
aug_02679,draw_4,project/training_data/training_masks/augmented_cards/aug_02679.png
aug_02680,r_7,project/training_data/training_masks/augmented_cards/aug_02680.png
aug_02681,y_9,project/training_data/training_masks/augmented_cards/aug_02681.png
aug_02682,y_7,project/training_data/training_masks/augmented_cards/aug_02682.png
aug_02683,y_8,project/training_data/training_masks/augmented_cards/aug_02683.png
aug_02684,g_skip,project/training_data/training_masks/augmented_cards/aug_02684.png
aug_02685,g_reverse,project/training_data/training_masks/augmented_cards/aug_02685.png
aug_02686,b_reverse,project/training_data/training_masks/augmented_cards/aug_02686.png
aug_02687,b_0,project/training_data/training_masks/augmented_cards/aug_02687.png
aug_02688,b_skip,project/training_data/training_masks/augmented_cards/aug_02688.png
aug_02689,r_skip,project/training_data/training_masks/augmented_cards/aug_02689.png
aug_02690,g_0,project/training_data/training_masks/augmented_cards/aug_02690.png
aug_02691,r_reverse,project/training_data/training_masks/augmented_cards/aug_02691.png
aug_02692,r_0,project/training_data/training_masks/augmented_cards/aug_02692.png
aug_02693,b_draw_2,project/training_data/training_masks/augmented_cards/aug_02693.png
aug_02694,r_draw_2,project/training_data/training_masks/augmented_cards/aug_02694.png
aug_02695,y_skip,project/training_data/training_masks/augmented_cards/aug_02695.png
aug_02696,y_reverse,project/training_data/training_masks/augmented_cards/aug_02696.png
aug_02697,y_0,project/training_data/training_masks/augmented_cards/aug_02697.png
aug_02698,g_draw_2,project/training_data/training_masks/augmented_cards/aug_02698.png
aug_02699,y_draw_2,project/training_data/training_masks/augmented_cards/aug_02699.png
aug_02700,b_3,project/training_data/training_masks/augmented_cards/aug_02700.png
aug_02701,b_2,project/training_data/training_masks/augmented_cards/aug_02701.png
aug_02702,g_3,project/training_data/training_masks/augmented_cards/aug_02702.png
aug_02703,r_3,project/training_data/training_masks/augmented_cards/aug_02703.png
aug_02704,g_2,project/training_data/training_masks/augmented_cards/aug_02704.png
aug_02705,g_1,project/training_data/training_masks/augmented_cards/aug_02705.png
aug_02706,b_1,project/training_data/training_masks/augmented_cards/aug_02706.png
aug_02707,r_2,project/training_data/training_masks/augmented_cards/aug_02707.png
aug_02708,y_3,project/training_data/training_masks/augmented_cards/aug_02708.png
aug_02709,r_1,project/training_data/training_masks/augmented_cards/aug_02709.png
aug_02710,y_2,project/training_data/training_masks/augmented_cards/aug_02710.png
aug_02711,y_1,project/training_data/training_masks/augmented_cards/aug_02711.png
aug_02712,g_6,project/training_data/training_masks/augmented_cards/aug_02712.png
aug_02713,g_5,project/training_data/training_masks/augmented_cards/aug_02713.png
aug_02714,b_5,project/training_data/training_masks/augmented_cards/aug_02714.png
aug_02715,b_6,project/training_data/training_masks/augmented_cards/aug_02715.png
aug_02716,r_6,project/training_data/training_masks/augmented_cards/aug_02716.png
aug_02717,b_4,project/training_data/training_masks/augmented_cards/aug_02717.png
aug_02718,g_4,project/training_data/training_masks/augmented_cards/aug_02718.png
aug_02719,r_5,project/training_data/training_masks/augmented_cards/aug_02719.png
aug_02720,r_4,project/training_data/training_masks/augmented_cards/aug_02720.png
aug_02721,y_6,project/training_data/training_masks/augmented_cards/aug_02721.png
aug_02722,y_4,project/training_data/training_masks/augmented_cards/aug_02722.png
aug_02723,y_5,project/training_data/training_masks/augmented_cards/aug_02723.png
aug_02724,b_9,project/training_data/training_masks/augmented_cards/aug_02724.png
aug_02725,g_7,project/training_data/training_masks/augmented_cards/aug_02725.png
aug_02726,r_9,project/training_data/training_masks/augmented_cards/aug_02726.png
aug_02727,r_8,project/training_data/training_masks/augmented_cards/aug_02727.png
aug_02728,b_7,project/training_data/training_masks/augmented_cards/aug_02728.png
aug_02729,wild,project/training_data/training_masks/augmented_cards/aug_02729.png
aug_02730,g_9,project/training_data/training_masks/augmented_cards/aug_02730.png
aug_02731,g_8,project/training_data/training_masks/augmented_cards/aug_02731.png
aug_02732,b_8,project/training_data/training_masks/augmented_cards/aug_02732.png
aug_02733,draw_4,project/training_data/training_masks/augmented_cards/aug_02733.png
aug_02734,r_7,project/training_data/training_masks/augmented_cards/aug_02734.png
aug_02735,y_9,project/training_data/training_masks/augmented_cards/aug_02735.png
aug_02736,y_7,project/training_data/training_masks/augmented_cards/aug_02736.png
aug_02737,y_8,project/training_data/training_masks/augmented_cards/aug_02737.png
aug_02738,g_skip,project/training_data/training_masks/augmented_cards/aug_02738.png
aug_02739,g_reverse,project/training_data/training_masks/augmented_cards/aug_02739.png
aug_02740,b_reverse,project/training_data/training_masks/augmented_cards/aug_02740.png
aug_02741,b_0,project/training_data/training_masks/augmented_cards/aug_02741.png
aug_02742,b_skip,project/training_data/training_masks/augmented_cards/aug_02742.png
aug_02743,r_skip,project/training_data/training_masks/augmented_cards/aug_02743.png
aug_02744,g_0,project/training_data/training_masks/augmented_cards/aug_02744.png
aug_02745,r_reverse,project/training_data/training_masks/augmented_cards/aug_02745.png
aug_02746,r_0,project/training_data/training_masks/augmented_cards/aug_02746.png
aug_02747,b_draw_2,project/training_data/training_masks/augmented_cards/aug_02747.png
aug_02748,r_draw_2,project/training_data/training_masks/augmented_cards/aug_02748.png
aug_02749,y_skip,project/training_data/training_masks/augmented_cards/aug_02749.png
aug_02750,y_reverse,project/training_data/training_masks/augmented_cards/aug_02750.png
aug_02751,y_0,project/training_data/training_masks/augmented_cards/aug_02751.png
aug_02752,g_draw_2,project/training_data/training_masks/augmented_cards/aug_02752.png
aug_02753,y_draw_2,project/training_data/training_masks/augmented_cards/aug_02753.png
aug_02754,b_3,project/training_data/training_masks/augmented_cards/aug_02754.png
aug_02755,b_2,project/training_data/training_masks/augmented_cards/aug_02755.png
aug_02756,g_3,project/training_data/training_masks/augmented_cards/aug_02756.png
aug_02757,r_3,project/training_data/training_masks/augmented_cards/aug_02757.png
aug_02758,g_2,project/training_data/training_masks/augmented_cards/aug_02758.png
aug_02759,g_1,project/training_data/training_masks/augmented_cards/aug_02759.png
aug_02760,b_1,project/training_data/training_masks/augmented_cards/aug_02760.png
aug_02761,r_2,project/training_data/training_masks/augmented_cards/aug_02761.png
aug_02762,y_3,project/training_data/training_masks/augmented_cards/aug_02762.png
aug_02763,r_1,project/training_data/training_masks/augmented_cards/aug_02763.png
aug_02764,y_2,project/training_data/training_masks/augmented_cards/aug_02764.png
aug_02765,y_1,project/training_data/training_masks/augmented_cards/aug_02765.png
aug_02766,g_6,project/training_data/training_masks/augmented_cards/aug_02766.png
aug_02767,g_5,project/training_data/training_masks/augmented_cards/aug_02767.png
aug_02768,b_5,project/training_data/training_masks/augmented_cards/aug_02768.png
aug_02769,b_6,project/training_data/training_masks/augmented_cards/aug_02769.png
aug_02770,r_6,project/training_data/training_masks/augmented_cards/aug_02770.png
aug_02771,b_4,project/training_data/training_masks/augmented_cards/aug_02771.png
aug_02772,g_4,project/training_data/training_masks/augmented_cards/aug_02772.png
aug_02773,r_5,project/training_data/training_masks/augmented_cards/aug_02773.png
aug_02774,r_4,project/training_data/training_masks/augmented_cards/aug_02774.png
aug_02775,y_6,project/training_data/training_masks/augmented_cards/aug_02775.png
aug_02776,y_4,project/training_data/training_masks/augmented_cards/aug_02776.png
aug_02777,y_5,project/training_data/training_masks/augmented_cards/aug_02777.png
aug_02778,b_9,project/training_data/training_masks/augmented_cards/aug_02778.png
aug_02779,g_7,project/training_data/training_masks/augmented_cards/aug_02779.png
aug_02780,r_9,project/training_data/training_masks/augmented_cards/aug_02780.png
aug_02781,r_8,project/training_data/training_masks/augmented_cards/aug_02781.png
aug_02782,b_7,project/training_data/training_masks/augmented_cards/aug_02782.png
aug_02783,wild,project/training_data/training_masks/augmented_cards/aug_02783.png
aug_02784,g_9,project/training_data/training_masks/augmented_cards/aug_02784.png
aug_02785,g_8,project/training_data/training_masks/augmented_cards/aug_02785.png
aug_02786,b_8,project/training_data/training_masks/augmented_cards/aug_02786.png
aug_02787,draw_4,project/training_data/training_masks/augmented_cards/aug_02787.png
aug_02788,r_7,project/training_data/training_masks/augmented_cards/aug_02788.png
aug_02789,y_9,project/training_data/training_masks/augmented_cards/aug_02789.png
aug_02790,y_7,project/training_data/training_masks/augmented_cards/aug_02790.png
aug_02791,y_8,project/training_data/training_masks/augmented_cards/aug_02791.png
aug_02792,g_skip,project/training_data/training_masks/augmented_cards/aug_02792.png
aug_02793,g_reverse,project/training_data/training_masks/augmented_cards/aug_02793.png
aug_02794,b_reverse,project/training_data/training_masks/augmented_cards/aug_02794.png
aug_02795,b_0,project/training_data/training_masks/augmented_cards/aug_02795.png
aug_02796,b_skip,project/training_data/training_masks/augmented_cards/aug_02796.png
aug_02797,r_skip,project/training_data/training_masks/augmented_cards/aug_02797.png
aug_02798,g_0,project/training_data/training_masks/augmented_cards/aug_02798.png
aug_02799,r_reverse,project/training_data/training_masks/augmented_cards/aug_02799.png
aug_02800,r_0,project/training_data/training_masks/augmented_cards/aug_02800.png
aug_02801,b_draw_2,project/training_data/training_masks/augmented_cards/aug_02801.png
aug_02802,r_draw_2,project/training_data/training_masks/augmented_cards/aug_02802.png
aug_02803,y_skip,project/training_data/training_masks/augmented_cards/aug_02803.png
aug_02804,y_reverse,project/training_data/training_masks/augmented_cards/aug_02804.png
aug_02805,y_0,project/training_data/training_masks/augmented_cards/aug_02805.png
aug_02806,g_draw_2,project/training_data/training_masks/augmented_cards/aug_02806.png
aug_02807,y_draw_2,project/training_data/training_masks/augmented_cards/aug_02807.png
aug_02808,b_3,project/training_data/training_masks/augmented_cards/aug_02808.png
aug_02809,b_2,project/training_data/training_masks/augmented_cards/aug_02809.png
aug_02810,g_3,project/training_data/training_masks/augmented_cards/aug_02810.png
aug_02811,r_3,project/training_data/training_masks/augmented_cards/aug_02811.png
aug_02812,g_2,project/training_data/training_masks/augmented_cards/aug_02812.png
aug_02813,g_1,project/training_data/training_masks/augmented_cards/aug_02813.png
aug_02814,b_1,project/training_data/training_masks/augmented_cards/aug_02814.png
aug_02815,r_2,project/training_data/training_masks/augmented_cards/aug_02815.png
aug_02816,y_3,project/training_data/training_masks/augmented_cards/aug_02816.png
aug_02817,r_1,project/training_data/training_masks/augmented_cards/aug_02817.png
aug_02818,y_2,project/training_data/training_masks/augmented_cards/aug_02818.png
aug_02819,y_1,project/training_data/training_masks/augmented_cards/aug_02819.png
aug_02820,g_6,project/training_data/training_masks/augmented_cards/aug_02820.png
aug_02821,g_5,project/training_data/training_masks/augmented_cards/aug_02821.png
aug_02822,b_5,project/training_data/training_masks/augmented_cards/aug_02822.png
aug_02823,b_6,project/training_data/training_masks/augmented_cards/aug_02823.png
aug_02824,r_6,project/training_data/training_masks/augmented_cards/aug_02824.png
aug_02825,b_4,project/training_data/training_masks/augmented_cards/aug_02825.png
aug_02826,g_4,project/training_data/training_masks/augmented_cards/aug_02826.png
aug_02827,r_5,project/training_data/training_masks/augmented_cards/aug_02827.png
aug_02828,r_4,project/training_data/training_masks/augmented_cards/aug_02828.png
aug_02829,y_6,project/training_data/training_masks/augmented_cards/aug_02829.png
aug_02830,y_4,project/training_data/training_masks/augmented_cards/aug_02830.png
aug_02831,y_5,project/training_data/training_masks/augmented_cards/aug_02831.png
aug_02832,b_9,project/training_data/training_masks/augmented_cards/aug_02832.png
aug_02833,g_7,project/training_data/training_masks/augmented_cards/aug_02833.png
aug_02834,r_9,project/training_data/training_masks/augmented_cards/aug_02834.png
aug_02835,r_8,project/training_data/training_masks/augmented_cards/aug_02835.png
aug_02836,b_7,project/training_data/training_masks/augmented_cards/aug_02836.png
aug_02837,wild,project/training_data/training_masks/augmented_cards/aug_02837.png
aug_02838,g_9,project/training_data/training_masks/augmented_cards/aug_02838.png
aug_02839,g_8,project/training_data/training_masks/augmented_cards/aug_02839.png
aug_02840,b_8,project/training_data/training_masks/augmented_cards/aug_02840.png
aug_02841,draw_4,project/training_data/training_masks/augmented_cards/aug_02841.png
aug_02842,r_7,project/training_data/training_masks/augmented_cards/aug_02842.png
aug_02843,y_9,project/training_data/training_masks/augmented_cards/aug_02843.png
aug_02844,y_7,project/training_data/training_masks/augmented_cards/aug_02844.png
aug_02845,y_8,project/training_data/training_masks/augmented_cards/aug_02845.png
aug_02846,g_skip,project/training_data/training_masks/augmented_cards/aug_02846.png
aug_02847,g_reverse,project/training_data/training_masks/augmented_cards/aug_02847.png
aug_02848,b_reverse,project/training_data/training_masks/augmented_cards/aug_02848.png
aug_02849,b_0,project/training_data/training_masks/augmented_cards/aug_02849.png
aug_02850,b_skip,project/training_data/training_masks/augmented_cards/aug_02850.png
aug_02851,r_skip,project/training_data/training_masks/augmented_cards/aug_02851.png
aug_02852,g_0,project/training_data/training_masks/augmented_cards/aug_02852.png
aug_02853,r_reverse,project/training_data/training_masks/augmented_cards/aug_02853.png
aug_02854,r_0,project/training_data/training_masks/augmented_cards/aug_02854.png
aug_02855,b_draw_2,project/training_data/training_masks/augmented_cards/aug_02855.png
aug_02856,r_draw_2,project/training_data/training_masks/augmented_cards/aug_02856.png
aug_02857,y_skip,project/training_data/training_masks/augmented_cards/aug_02857.png
aug_02858,y_reverse,project/training_data/training_masks/augmented_cards/aug_02858.png
aug_02859,y_0,project/training_data/training_masks/augmented_cards/aug_02859.png
aug_02860,g_draw_2,project/training_data/training_masks/augmented_cards/aug_02860.png
aug_02861,y_draw_2,project/training_data/training_masks/augmented_cards/aug_02861.png
aug_02862,b_3,project/training_data/training_masks/augmented_cards/aug_02862.png
aug_02863,b_2,project/training_data/training_masks/augmented_cards/aug_02863.png
aug_02864,g_3,project/training_data/training_masks/augmented_cards/aug_02864.png
aug_02865,r_3,project/training_data/training_masks/augmented_cards/aug_02865.png
aug_02866,g_2,project/training_data/training_masks/augmented_cards/aug_02866.png
aug_02867,g_1,project/training_data/training_masks/augmented_cards/aug_02867.png
aug_02868,b_1,project/training_data/training_masks/augmented_cards/aug_02868.png
aug_02869,r_2,project/training_data/training_masks/augmented_cards/aug_02869.png
aug_02870,y_3,project/training_data/training_masks/augmented_cards/aug_02870.png
aug_02871,r_1,project/training_data/training_masks/augmented_cards/aug_02871.png
aug_02872,y_2,project/training_data/training_masks/augmented_cards/aug_02872.png
aug_02873,y_1,project/training_data/training_masks/augmented_cards/aug_02873.png
aug_02874,g_6,project/training_data/training_masks/augmented_cards/aug_02874.png
aug_02875,g_5,project/training_data/training_masks/augmented_cards/aug_02875.png
aug_02876,b_5,project/training_data/training_masks/augmented_cards/aug_02876.png
aug_02877,b_6,project/training_data/training_masks/augmented_cards/aug_02877.png
aug_02878,r_6,project/training_data/training_masks/augmented_cards/aug_02878.png
aug_02879,b_4,project/training_data/training_masks/augmented_cards/aug_02879.png
aug_02880,g_4,project/training_data/training_masks/augmented_cards/aug_02880.png
aug_02881,r_5,project/training_data/training_masks/augmented_cards/aug_02881.png
aug_02882,r_4,project/training_data/training_masks/augmented_cards/aug_02882.png
aug_02883,y_6,project/training_data/training_masks/augmented_cards/aug_02883.png
aug_02884,y_4,project/training_data/training_masks/augmented_cards/aug_02884.png
aug_02885,y_5,project/training_data/training_masks/augmented_cards/aug_02885.png
aug_02886,b_9,project/training_data/training_masks/augmented_cards/aug_02886.png
aug_02887,g_7,project/training_data/training_masks/augmented_cards/aug_02887.png
aug_02888,r_9,project/training_data/training_masks/augmented_cards/aug_02888.png
aug_02889,r_8,project/training_data/training_masks/augmented_cards/aug_02889.png
aug_02890,b_7,project/training_data/training_masks/augmented_cards/aug_02890.png
aug_02891,wild,project/training_data/training_masks/augmented_cards/aug_02891.png
aug_02892,g_9,project/training_data/training_masks/augmented_cards/aug_02892.png
aug_02893,g_8,project/training_data/training_masks/augmented_cards/aug_02893.png
aug_02894,b_8,project/training_data/training_masks/augmented_cards/aug_02894.png
aug_02895,draw_4,project/training_data/training_masks/augmented_cards/aug_02895.png
aug_02896,r_7,project/training_data/training_masks/augmented_cards/aug_02896.png
aug_02897,y_9,project/training_data/training_masks/augmented_cards/aug_02897.png
aug_02898,y_7,project/training_data/training_masks/augmented_cards/aug_02898.png
aug_02899,y_8,project/training_data/training_masks/augmented_cards/aug_02899.png
aug_02900,g_skip,project/training_data/training_masks/augmented_cards/aug_02900.png
aug_02901,g_reverse,project/training_data/training_masks/augmented_cards/aug_02901.png
aug_02902,b_reverse,project/training_data/training_masks/augmented_cards/aug_02902.png
aug_02903,b_0,project/training_data/training_masks/augmented_cards/aug_02903.png
aug_02904,b_skip,project/training_data/training_masks/augmented_cards/aug_02904.png
aug_02905,r_skip,project/training_data/training_masks/augmented_cards/aug_02905.png
aug_02906,g_0,project/training_data/training_masks/augmented_cards/aug_02906.png
aug_02907,r_reverse,project/training_data/training_masks/augmented_cards/aug_02907.png
aug_02908,r_0,project/training_data/training_masks/augmented_cards/aug_02908.png
aug_02909,b_draw_2,project/training_data/training_masks/augmented_cards/aug_02909.png
aug_02910,r_draw_2,project/training_data/training_masks/augmented_cards/aug_02910.png
aug_02911,y_skip,project/training_data/training_masks/augmented_cards/aug_02911.png
aug_02912,y_reverse,project/training_data/training_masks/augmented_cards/aug_02912.png
aug_02913,y_0,project/training_data/training_masks/augmented_cards/aug_02913.png
aug_02914,g_draw_2,project/training_data/training_masks/augmented_cards/aug_02914.png
aug_02915,y_draw_2,project/training_data/training_masks/augmented_cards/aug_02915.png
aug_02916,b_3,project/training_data/training_masks/augmented_cards/aug_02916.png
aug_02917,b_2,project/training_data/training_masks/augmented_cards/aug_02917.png
aug_02918,g_3,project/training_data/training_masks/augmented_cards/aug_02918.png
aug_02919,r_3,project/training_data/training_masks/augmented_cards/aug_02919.png
aug_02920,g_2,project/training_data/training_masks/augmented_cards/aug_02920.png
aug_02921,g_1,project/training_data/training_masks/augmented_cards/aug_02921.png
aug_02922,b_1,project/training_data/training_masks/augmented_cards/aug_02922.png
aug_02923,r_2,project/training_data/training_masks/augmented_cards/aug_02923.png
aug_02924,y_3,project/training_data/training_masks/augmented_cards/aug_02924.png
aug_02925,r_1,project/training_data/training_masks/augmented_cards/aug_02925.png
aug_02926,y_2,project/training_data/training_masks/augmented_cards/aug_02926.png
aug_02927,y_1,project/training_data/training_masks/augmented_cards/aug_02927.png
aug_02928,g_6,project/training_data/training_masks/augmented_cards/aug_02928.png
aug_02929,g_5,project/training_data/training_masks/augmented_cards/aug_02929.png
aug_02930,b_5,project/training_data/training_masks/augmented_cards/aug_02930.png
aug_02931,b_6,project/training_data/training_masks/augmented_cards/aug_02931.png
aug_02932,r_6,project/training_data/training_masks/augmented_cards/aug_02932.png
aug_02933,b_4,project/training_data/training_masks/augmented_cards/aug_02933.png
aug_02934,g_4,project/training_data/training_masks/augmented_cards/aug_02934.png
aug_02935,r_5,project/training_data/training_masks/augmented_cards/aug_02935.png
aug_02936,r_4,project/training_data/training_masks/augmented_cards/aug_02936.png
aug_02937,y_6,project/training_data/training_masks/augmented_cards/aug_02937.png
aug_02938,y_4,project/training_data/training_masks/augmented_cards/aug_02938.png
aug_02939,y_5,project/training_data/training_masks/augmented_cards/aug_02939.png
aug_02940,b_9,project/training_data/training_masks/augmented_cards/aug_02940.png
aug_02941,g_7,project/training_data/training_masks/augmented_cards/aug_02941.png
aug_02942,r_9,project/training_data/training_masks/augmented_cards/aug_02942.png
aug_02943,r_8,project/training_data/training_masks/augmented_cards/aug_02943.png
aug_02944,b_7,project/training_data/training_masks/augmented_cards/aug_02944.png
aug_02945,wild,project/training_data/training_masks/augmented_cards/aug_02945.png
aug_02946,g_9,project/training_data/training_masks/augmented_cards/aug_02946.png
aug_02947,g_8,project/training_data/training_masks/augmented_cards/aug_02947.png
aug_02948,b_8,project/training_data/training_masks/augmented_cards/aug_02948.png
aug_02949,draw_4,project/training_data/training_masks/augmented_cards/aug_02949.png
aug_02950,r_7,project/training_data/training_masks/augmented_cards/aug_02950.png
aug_02951,y_9,project/training_data/training_masks/augmented_cards/aug_02951.png
aug_02952,y_7,project/training_data/training_masks/augmented_cards/aug_02952.png
aug_02953,y_8,project/training_data/training_masks/augmented_cards/aug_02953.png
aug_02954,g_skip,project/training_data/training_masks/augmented_cards/aug_02954.png
aug_02955,g_reverse,project/training_data/training_masks/augmented_cards/aug_02955.png
aug_02956,b_reverse,project/training_data/training_masks/augmented_cards/aug_02956.png
aug_02957,b_0,project/training_data/training_masks/augmented_cards/aug_02957.png
aug_02958,b_skip,project/training_data/training_masks/augmented_cards/aug_02958.png
aug_02959,r_skip,project/training_data/training_masks/augmented_cards/aug_02959.png
aug_02960,g_0,project/training_data/training_masks/augmented_cards/aug_02960.png
aug_02961,r_reverse,project/training_data/training_masks/augmented_cards/aug_02961.png
aug_02962,r_0,project/training_data/training_masks/augmented_cards/aug_02962.png
aug_02963,b_draw_2,project/training_data/training_masks/augmented_cards/aug_02963.png
aug_02964,r_draw_2,project/training_data/training_masks/augmented_cards/aug_02964.png
aug_02965,y_skip,project/training_data/training_masks/augmented_cards/aug_02965.png
aug_02966,y_reverse,project/training_data/training_masks/augmented_cards/aug_02966.png
aug_02967,y_0,project/training_data/training_masks/augmented_cards/aug_02967.png
aug_02968,g_draw_2,project/training_data/training_masks/augmented_cards/aug_02968.png
aug_02969,y_draw_2,project/training_data/training_masks/augmented_cards/aug_02969.png
aug_02970,b_3,project/training_data/training_masks/augmented_cards/aug_02970.png
aug_02971,b_2,project/training_data/training_masks/augmented_cards/aug_02971.png
aug_02972,g_3,project/training_data/training_masks/augmented_cards/aug_02972.png
aug_02973,r_3,project/training_data/training_masks/augmented_cards/aug_02973.png
aug_02974,g_2,project/training_data/training_masks/augmented_cards/aug_02974.png
aug_02975,g_1,project/training_data/training_masks/augmented_cards/aug_02975.png
aug_02976,b_1,project/training_data/training_masks/augmented_cards/aug_02976.png
aug_02977,r_2,project/training_data/training_masks/augmented_cards/aug_02977.png
aug_02978,y_3,project/training_data/training_masks/augmented_cards/aug_02978.png
aug_02979,r_1,project/training_data/training_masks/augmented_cards/aug_02979.png
aug_02980,y_2,project/training_data/training_masks/augmented_cards/aug_02980.png
aug_02981,y_1,project/training_data/training_masks/augmented_cards/aug_02981.png
aug_02982,g_6,project/training_data/training_masks/augmented_cards/aug_02982.png
aug_02983,g_5,project/training_data/training_masks/augmented_cards/aug_02983.png
aug_02984,b_5,project/training_data/training_masks/augmented_cards/aug_02984.png
aug_02985,b_6,project/training_data/training_masks/augmented_cards/aug_02985.png
aug_02986,r_6,project/training_data/training_masks/augmented_cards/aug_02986.png
aug_02987,b_4,project/training_data/training_masks/augmented_cards/aug_02987.png
aug_02988,g_4,project/training_data/training_masks/augmented_cards/aug_02988.png
aug_02989,r_5,project/training_data/training_masks/augmented_cards/aug_02989.png
aug_02990,r_4,project/training_data/training_masks/augmented_cards/aug_02990.png
aug_02991,y_6,project/training_data/training_masks/augmented_cards/aug_02991.png
aug_02992,y_4,project/training_data/training_masks/augmented_cards/aug_02992.png
aug_02993,y_5,project/training_data/training_masks/augmented_cards/aug_02993.png
aug_02994,b_9,project/training_data/training_masks/augmented_cards/aug_02994.png
aug_02995,g_7,project/training_data/training_masks/augmented_cards/aug_02995.png
aug_02996,r_9,project/training_data/training_masks/augmented_cards/aug_02996.png
aug_02997,r_8,project/training_data/training_masks/augmented_cards/aug_02997.png
aug_02998,b_7,project/training_data/training_masks/augmented_cards/aug_02998.png
aug_02999,wild,project/training_data/training_masks/augmented_cards/aug_02999.png
aug_03000,g_9,project/training_data/training_masks/augmented_cards/aug_03000.png
aug_03001,g_8,project/training_data/training_masks/augmented_cards/aug_03001.png
aug_03002,b_8,project/training_data/training_masks/augmented_cards/aug_03002.png
aug_03003,draw_4,project/training_data/training_masks/augmented_cards/aug_03003.png
aug_03004,r_7,project/training_data/training_masks/augmented_cards/aug_03004.png
aug_03005,y_9,project/training_data/training_masks/augmented_cards/aug_03005.png
aug_03006,y_7,project/training_data/training_masks/augmented_cards/aug_03006.png
aug_03007,y_8,project/training_data/training_masks/augmented_cards/aug_03007.png
aug_03008,g_skip,project/training_data/training_masks/augmented_cards/aug_03008.png
aug_03009,g_reverse,project/training_data/training_masks/augmented_cards/aug_03009.png
aug_03010,b_reverse,project/training_data/training_masks/augmented_cards/aug_03010.png
aug_03011,b_0,project/training_data/training_masks/augmented_cards/aug_03011.png
aug_03012,b_skip,project/training_data/training_masks/augmented_cards/aug_03012.png
aug_03013,r_skip,project/training_data/training_masks/augmented_cards/aug_03013.png
aug_03014,g_0,project/training_data/training_masks/augmented_cards/aug_03014.png
aug_03015,r_reverse,project/training_data/training_masks/augmented_cards/aug_03015.png
aug_03016,r_0,project/training_data/training_masks/augmented_cards/aug_03016.png
aug_03017,b_draw_2,project/training_data/training_masks/augmented_cards/aug_03017.png
aug_03018,r_draw_2,project/training_data/training_masks/augmented_cards/aug_03018.png
aug_03019,y_skip,project/training_data/training_masks/augmented_cards/aug_03019.png
aug_03020,y_reverse,project/training_data/training_masks/augmented_cards/aug_03020.png
aug_03021,y_0,project/training_data/training_masks/augmented_cards/aug_03021.png
aug_03022,g_draw_2,project/training_data/training_masks/augmented_cards/aug_03022.png
aug_03023,y_draw_2,project/training_data/training_masks/augmented_cards/aug_03023.png
aug_03024,b_3,project/training_data/training_masks/augmented_cards/aug_03024.png
aug_03025,b_2,project/training_data/training_masks/augmented_cards/aug_03025.png
aug_03026,g_3,project/training_data/training_masks/augmented_cards/aug_03026.png
aug_03027,r_3,project/training_data/training_masks/augmented_cards/aug_03027.png
aug_03028,g_2,project/training_data/training_masks/augmented_cards/aug_03028.png
aug_03029,g_1,project/training_data/training_masks/augmented_cards/aug_03029.png
aug_03030,b_1,project/training_data/training_masks/augmented_cards/aug_03030.png
aug_03031,r_2,project/training_data/training_masks/augmented_cards/aug_03031.png
aug_03032,y_3,project/training_data/training_masks/augmented_cards/aug_03032.png
aug_03033,r_1,project/training_data/training_masks/augmented_cards/aug_03033.png
aug_03034,y_2,project/training_data/training_masks/augmented_cards/aug_03034.png
aug_03035,y_1,project/training_data/training_masks/augmented_cards/aug_03035.png
aug_03036,g_6,project/training_data/training_masks/augmented_cards/aug_03036.png
aug_03037,g_5,project/training_data/training_masks/augmented_cards/aug_03037.png
aug_03038,b_5,project/training_data/training_masks/augmented_cards/aug_03038.png
aug_03039,b_6,project/training_data/training_masks/augmented_cards/aug_03039.png
aug_03040,r_6,project/training_data/training_masks/augmented_cards/aug_03040.png
aug_03041,b_4,project/training_data/training_masks/augmented_cards/aug_03041.png
aug_03042,g_4,project/training_data/training_masks/augmented_cards/aug_03042.png
aug_03043,r_5,project/training_data/training_masks/augmented_cards/aug_03043.png
aug_03044,r_4,project/training_data/training_masks/augmented_cards/aug_03044.png
aug_03045,y_6,project/training_data/training_masks/augmented_cards/aug_03045.png
aug_03046,y_4,project/training_data/training_masks/augmented_cards/aug_03046.png
aug_03047,y_5,project/training_data/training_masks/augmented_cards/aug_03047.png
aug_03048,b_9,project/training_data/training_masks/augmented_cards/aug_03048.png
aug_03049,g_7,project/training_data/training_masks/augmented_cards/aug_03049.png
aug_03050,r_9,project/training_data/training_masks/augmented_cards/aug_03050.png
aug_03051,r_8,project/training_data/training_masks/augmented_cards/aug_03051.png
aug_03052,b_7,project/training_data/training_masks/augmented_cards/aug_03052.png
aug_03053,wild,project/training_data/training_masks/augmented_cards/aug_03053.png
aug_03054,g_9,project/training_data/training_masks/augmented_cards/aug_03054.png
aug_03055,g_8,project/training_data/training_masks/augmented_cards/aug_03055.png
aug_03056,b_8,project/training_data/training_masks/augmented_cards/aug_03056.png
aug_03057,draw_4,project/training_data/training_masks/augmented_cards/aug_03057.png
aug_03058,r_7,project/training_data/training_masks/augmented_cards/aug_03058.png
aug_03059,y_9,project/training_data/training_masks/augmented_cards/aug_03059.png
aug_03060,y_7,project/training_data/training_masks/augmented_cards/aug_03060.png
aug_03061,y_8,project/training_data/training_masks/augmented_cards/aug_03061.png
aug_03062,g_skip,project/training_data/training_masks/augmented_cards/aug_03062.png
aug_03063,g_reverse,project/training_data/training_masks/augmented_cards/aug_03063.png
aug_03064,b_reverse,project/training_data/training_masks/augmented_cards/aug_03064.png
aug_03065,b_0,project/training_data/training_masks/augmented_cards/aug_03065.png
aug_03066,b_skip,project/training_data/training_masks/augmented_cards/aug_03066.png
aug_03067,r_skip,project/training_data/training_masks/augmented_cards/aug_03067.png
aug_03068,g_0,project/training_data/training_masks/augmented_cards/aug_03068.png
aug_03069,r_reverse,project/training_data/training_masks/augmented_cards/aug_03069.png
aug_03070,r_0,project/training_data/training_masks/augmented_cards/aug_03070.png
aug_03071,b_draw_2,project/training_data/training_masks/augmented_cards/aug_03071.png
aug_03072,r_draw_2,project/training_data/training_masks/augmented_cards/aug_03072.png
aug_03073,y_skip,project/training_data/training_masks/augmented_cards/aug_03073.png
aug_03074,y_reverse,project/training_data/training_masks/augmented_cards/aug_03074.png
aug_03075,y_0,project/training_data/training_masks/augmented_cards/aug_03075.png
aug_03076,g_draw_2,project/training_data/training_masks/augmented_cards/aug_03076.png
aug_03077,y_draw_2,project/training_data/training_masks/augmented_cards/aug_03077.png
aug_03078,b_3,project/training_data/training_masks/augmented_cards/aug_03078.png
aug_03079,b_2,project/training_data/training_masks/augmented_cards/aug_03079.png
aug_03080,g_3,project/training_data/training_masks/augmented_cards/aug_03080.png
aug_03081,r_3,project/training_data/training_masks/augmented_cards/aug_03081.png
aug_03082,g_2,project/training_data/training_masks/augmented_cards/aug_03082.png
aug_03083,g_1,project/training_data/training_masks/augmented_cards/aug_03083.png
aug_03084,b_1,project/training_data/training_masks/augmented_cards/aug_03084.png
aug_03085,r_2,project/training_data/training_masks/augmented_cards/aug_03085.png
aug_03086,y_3,project/training_data/training_masks/augmented_cards/aug_03086.png
aug_03087,r_1,project/training_data/training_masks/augmented_cards/aug_03087.png
aug_03088,y_2,project/training_data/training_masks/augmented_cards/aug_03088.png
aug_03089,y_1,project/training_data/training_masks/augmented_cards/aug_03089.png
aug_03090,g_6,project/training_data/training_masks/augmented_cards/aug_03090.png
aug_03091,g_5,project/training_data/training_masks/augmented_cards/aug_03091.png
aug_03092,b_5,project/training_data/training_masks/augmented_cards/aug_03092.png
aug_03093,b_6,project/training_data/training_masks/augmented_cards/aug_03093.png
aug_03094,r_6,project/training_data/training_masks/augmented_cards/aug_03094.png
aug_03095,b_4,project/training_data/training_masks/augmented_cards/aug_03095.png
aug_03096,g_4,project/training_data/training_masks/augmented_cards/aug_03096.png
aug_03097,r_5,project/training_data/training_masks/augmented_cards/aug_03097.png
aug_03098,r_4,project/training_data/training_masks/augmented_cards/aug_03098.png
aug_03099,y_6,project/training_data/training_masks/augmented_cards/aug_03099.png
aug_03100,y_4,project/training_data/training_masks/augmented_cards/aug_03100.png
aug_03101,y_5,project/training_data/training_masks/augmented_cards/aug_03101.png
aug_03102,b_9,project/training_data/training_masks/augmented_cards/aug_03102.png
aug_03103,g_7,project/training_data/training_masks/augmented_cards/aug_03103.png
aug_03104,r_9,project/training_data/training_masks/augmented_cards/aug_03104.png
aug_03105,r_8,project/training_data/training_masks/augmented_cards/aug_03105.png
aug_03106,b_7,project/training_data/training_masks/augmented_cards/aug_03106.png
aug_03107,wild,project/training_data/training_masks/augmented_cards/aug_03107.png
aug_03108,g_9,project/training_data/training_masks/augmented_cards/aug_03108.png
aug_03109,g_8,project/training_data/training_masks/augmented_cards/aug_03109.png
aug_03110,b_8,project/training_data/training_masks/augmented_cards/aug_03110.png
aug_03111,draw_4,project/training_data/training_masks/augmented_cards/aug_03111.png
aug_03112,r_7,project/training_data/training_masks/augmented_cards/aug_03112.png
aug_03113,y_9,project/training_data/training_masks/augmented_cards/aug_03113.png
aug_03114,y_7,project/training_data/training_masks/augmented_cards/aug_03114.png
aug_03115,y_8,project/training_data/training_masks/augmented_cards/aug_03115.png
aug_03116,g_skip,project/training_data/training_masks/augmented_cards/aug_03116.png
aug_03117,g_reverse,project/training_data/training_masks/augmented_cards/aug_03117.png
aug_03118,b_reverse,project/training_data/training_masks/augmented_cards/aug_03118.png
aug_03119,b_0,project/training_data/training_masks/augmented_cards/aug_03119.png
aug_03120,b_skip,project/training_data/training_masks/augmented_cards/aug_03120.png
aug_03121,r_skip,project/training_data/training_masks/augmented_cards/aug_03121.png
aug_03122,g_0,project/training_data/training_masks/augmented_cards/aug_03122.png
aug_03123,r_reverse,project/training_data/training_masks/augmented_cards/aug_03123.png
aug_03124,r_0,project/training_data/training_masks/augmented_cards/aug_03124.png
aug_03125,b_draw_2,project/training_data/training_masks/augmented_cards/aug_03125.png
aug_03126,r_draw_2,project/training_data/training_masks/augmented_cards/aug_03126.png
aug_03127,y_skip,project/training_data/training_masks/augmented_cards/aug_03127.png
aug_03128,y_reverse,project/training_data/training_masks/augmented_cards/aug_03128.png
aug_03129,y_0,project/training_data/training_masks/augmented_cards/aug_03129.png
aug_03130,g_draw_2,project/training_data/training_masks/augmented_cards/aug_03130.png
aug_03131,y_draw_2,project/training_data/training_masks/augmented_cards/aug_03131.png
aug_03132,b_3,project/training_data/training_masks/augmented_cards/aug_03132.png
aug_03133,b_2,project/training_data/training_masks/augmented_cards/aug_03133.png
aug_03134,g_3,project/training_data/training_masks/augmented_cards/aug_03134.png
aug_03135,r_3,project/training_data/training_masks/augmented_cards/aug_03135.png
aug_03136,g_2,project/training_data/training_masks/augmented_cards/aug_03136.png
aug_03137,g_1,project/training_data/training_masks/augmented_cards/aug_03137.png
aug_03138,b_1,project/training_data/training_masks/augmented_cards/aug_03138.png
aug_03139,r_2,project/training_data/training_masks/augmented_cards/aug_03139.png
aug_03140,y_3,project/training_data/training_masks/augmented_cards/aug_03140.png
aug_03141,r_1,project/training_data/training_masks/augmented_cards/aug_03141.png
aug_03142,y_2,project/training_data/training_masks/augmented_cards/aug_03142.png
aug_03143,y_1,project/training_data/training_masks/augmented_cards/aug_03143.png
aug_03144,g_6,project/training_data/training_masks/augmented_cards/aug_03144.png
aug_03145,g_5,project/training_data/training_masks/augmented_cards/aug_03145.png
aug_03146,b_5,project/training_data/training_masks/augmented_cards/aug_03146.png
aug_03147,b_6,project/training_data/training_masks/augmented_cards/aug_03147.png
aug_03148,r_6,project/training_data/training_masks/augmented_cards/aug_03148.png
aug_03149,b_4,project/training_data/training_masks/augmented_cards/aug_03149.png
aug_03150,g_4,project/training_data/training_masks/augmented_cards/aug_03150.png
aug_03151,r_5,project/training_data/training_masks/augmented_cards/aug_03151.png
aug_03152,r_4,project/training_data/training_masks/augmented_cards/aug_03152.png
aug_03153,y_6,project/training_data/training_masks/augmented_cards/aug_03153.png
aug_03154,y_4,project/training_data/training_masks/augmented_cards/aug_03154.png
aug_03155,y_5,project/training_data/training_masks/augmented_cards/aug_03155.png
aug_03156,b_9,project/training_data/training_masks/augmented_cards/aug_03156.png
aug_03157,g_7,project/training_data/training_masks/augmented_cards/aug_03157.png
aug_03158,r_9,project/training_data/training_masks/augmented_cards/aug_03158.png
aug_03159,r_8,project/training_data/training_masks/augmented_cards/aug_03159.png
aug_03160,b_7,project/training_data/training_masks/augmented_cards/aug_03160.png
aug_03161,wild,project/training_data/training_masks/augmented_cards/aug_03161.png
aug_03162,g_9,project/training_data/training_masks/augmented_cards/aug_03162.png
aug_03163,g_8,project/training_data/training_masks/augmented_cards/aug_03163.png
aug_03164,b_8,project/training_data/training_masks/augmented_cards/aug_03164.png
aug_03165,draw_4,project/training_data/training_masks/augmented_cards/aug_03165.png
aug_03166,r_7,project/training_data/training_masks/augmented_cards/aug_03166.png
aug_03167,y_9,project/training_data/training_masks/augmented_cards/aug_03167.png
aug_03168,y_7,project/training_data/training_masks/augmented_cards/aug_03168.png
aug_03169,y_8,project/training_data/training_masks/augmented_cards/aug_03169.png
aug_03170,g_skip,project/training_data/training_masks/augmented_cards/aug_03170.png
aug_03171,g_reverse,project/training_data/training_masks/augmented_cards/aug_03171.png
aug_03172,b_reverse,project/training_data/training_masks/augmented_cards/aug_03172.png
aug_03173,b_0,project/training_data/training_masks/augmented_cards/aug_03173.png
aug_03174,b_skip,project/training_data/training_masks/augmented_cards/aug_03174.png
aug_03175,r_skip,project/training_data/training_masks/augmented_cards/aug_03175.png
aug_03176,g_0,project/training_data/training_masks/augmented_cards/aug_03176.png
aug_03177,r_reverse,project/training_data/training_masks/augmented_cards/aug_03177.png
aug_03178,r_0,project/training_data/training_masks/augmented_cards/aug_03178.png
aug_03179,b_draw_2,project/training_data/training_masks/augmented_cards/aug_03179.png
aug_03180,r_draw_2,project/training_data/training_masks/augmented_cards/aug_03180.png
aug_03181,y_skip,project/training_data/training_masks/augmented_cards/aug_03181.png
aug_03182,y_reverse,project/training_data/training_masks/augmented_cards/aug_03182.png
aug_03183,y_0,project/training_data/training_masks/augmented_cards/aug_03183.png
aug_03184,g_draw_2,project/training_data/training_masks/augmented_cards/aug_03184.png
aug_03185,y_draw_2,project/training_data/training_masks/augmented_cards/aug_03185.png
aug_03186,b_3,project/training_data/training_masks/augmented_cards/aug_03186.png
aug_03187,b_2,project/training_data/training_masks/augmented_cards/aug_03187.png
aug_03188,g_3,project/training_data/training_masks/augmented_cards/aug_03188.png
aug_03189,r_3,project/training_data/training_masks/augmented_cards/aug_03189.png
aug_03190,g_2,project/training_data/training_masks/augmented_cards/aug_03190.png
aug_03191,g_1,project/training_data/training_masks/augmented_cards/aug_03191.png
aug_03192,b_1,project/training_data/training_masks/augmented_cards/aug_03192.png
aug_03193,r_2,project/training_data/training_masks/augmented_cards/aug_03193.png
aug_03194,y_3,project/training_data/training_masks/augmented_cards/aug_03194.png
aug_03195,r_1,project/training_data/training_masks/augmented_cards/aug_03195.png
aug_03196,y_2,project/training_data/training_masks/augmented_cards/aug_03196.png
aug_03197,y_1,project/training_data/training_masks/augmented_cards/aug_03197.png
aug_03198,g_6,project/training_data/training_masks/augmented_cards/aug_03198.png
aug_03199,g_5,project/training_data/training_masks/augmented_cards/aug_03199.png
aug_03200,b_5,project/training_data/training_masks/augmented_cards/aug_03200.png
aug_03201,b_6,project/training_data/training_masks/augmented_cards/aug_03201.png
aug_03202,r_6,project/training_data/training_masks/augmented_cards/aug_03202.png
aug_03203,b_4,project/training_data/training_masks/augmented_cards/aug_03203.png
aug_03204,g_4,project/training_data/training_masks/augmented_cards/aug_03204.png
aug_03205,r_5,project/training_data/training_masks/augmented_cards/aug_03205.png
aug_03206,r_4,project/training_data/training_masks/augmented_cards/aug_03206.png
aug_03207,y_6,project/training_data/training_masks/augmented_cards/aug_03207.png
aug_03208,y_4,project/training_data/training_masks/augmented_cards/aug_03208.png
aug_03209,y_5,project/training_data/training_masks/augmented_cards/aug_03209.png
aug_03210,b_9,project/training_data/training_masks/augmented_cards/aug_03210.png
aug_03211,g_7,project/training_data/training_masks/augmented_cards/aug_03211.png
aug_03212,r_9,project/training_data/training_masks/augmented_cards/aug_03212.png
aug_03213,r_8,project/training_data/training_masks/augmented_cards/aug_03213.png
aug_03214,b_7,project/training_data/training_masks/augmented_cards/aug_03214.png
aug_03215,wild,project/training_data/training_masks/augmented_cards/aug_03215.png
aug_03216,g_9,project/training_data/training_masks/augmented_cards/aug_03216.png
aug_03217,g_8,project/training_data/training_masks/augmented_cards/aug_03217.png
aug_03218,b_8,project/training_data/training_masks/augmented_cards/aug_03218.png
aug_03219,draw_4,project/training_data/training_masks/augmented_cards/aug_03219.png
aug_03220,r_7,project/training_data/training_masks/augmented_cards/aug_03220.png
aug_03221,y_9,project/training_data/training_masks/augmented_cards/aug_03221.png
aug_03222,y_7,project/training_data/training_masks/augmented_cards/aug_03222.png
aug_03223,y_8,project/training_data/training_masks/augmented_cards/aug_03223.png
aug_03224,g_skip,project/training_data/training_masks/augmented_cards/aug_03224.png
aug_03225,g_reverse,project/training_data/training_masks/augmented_cards/aug_03225.png
aug_03226,b_reverse,project/training_data/training_masks/augmented_cards/aug_03226.png
aug_03227,b_0,project/training_data/training_masks/augmented_cards/aug_03227.png
aug_03228,b_skip,project/training_data/training_masks/augmented_cards/aug_03228.png
aug_03229,r_skip,project/training_data/training_masks/augmented_cards/aug_03229.png
aug_03230,g_0,project/training_data/training_masks/augmented_cards/aug_03230.png
aug_03231,r_reverse,project/training_data/training_masks/augmented_cards/aug_03231.png
aug_03232,r_0,project/training_data/training_masks/augmented_cards/aug_03232.png
aug_03233,b_draw_2,project/training_data/training_masks/augmented_cards/aug_03233.png
aug_03234,r_draw_2,project/training_data/training_masks/augmented_cards/aug_03234.png
aug_03235,y_skip,project/training_data/training_masks/augmented_cards/aug_03235.png
aug_03236,y_reverse,project/training_data/training_masks/augmented_cards/aug_03236.png
aug_03237,y_0,project/training_data/training_masks/augmented_cards/aug_03237.png
aug_03238,g_draw_2,project/training_data/training_masks/augmented_cards/aug_03238.png
aug_03239,y_draw_2,project/training_data/training_masks/augmented_cards/aug_03239.png
aug_03240,b_3,project/training_data/training_masks/augmented_cards/aug_03240.png
aug_03241,b_2,project/training_data/training_masks/augmented_cards/aug_03241.png
aug_03242,g_3,project/training_data/training_masks/augmented_cards/aug_03242.png
aug_03243,r_3,project/training_data/training_masks/augmented_cards/aug_03243.png
aug_03244,g_2,project/training_data/training_masks/augmented_cards/aug_03244.png
aug_03245,g_1,project/training_data/training_masks/augmented_cards/aug_03245.png
aug_03246,b_1,project/training_data/training_masks/augmented_cards/aug_03246.png
aug_03247,r_2,project/training_data/training_masks/augmented_cards/aug_03247.png
aug_03248,y_3,project/training_data/training_masks/augmented_cards/aug_03248.png
aug_03249,r_1,project/training_data/training_masks/augmented_cards/aug_03249.png
aug_03250,y_2,project/training_data/training_masks/augmented_cards/aug_03250.png
aug_03251,y_1,project/training_data/training_masks/augmented_cards/aug_03251.png
aug_03252,g_6,project/training_data/training_masks/augmented_cards/aug_03252.png
aug_03253,g_5,project/training_data/training_masks/augmented_cards/aug_03253.png
aug_03254,b_5,project/training_data/training_masks/augmented_cards/aug_03254.png
aug_03255,b_6,project/training_data/training_masks/augmented_cards/aug_03255.png
aug_03256,r_6,project/training_data/training_masks/augmented_cards/aug_03256.png
aug_03257,b_4,project/training_data/training_masks/augmented_cards/aug_03257.png
aug_03258,g_4,project/training_data/training_masks/augmented_cards/aug_03258.png
aug_03259,r_5,project/training_data/training_masks/augmented_cards/aug_03259.png
aug_03260,r_4,project/training_data/training_masks/augmented_cards/aug_03260.png
aug_03261,y_6,project/training_data/training_masks/augmented_cards/aug_03261.png
aug_03262,y_4,project/training_data/training_masks/augmented_cards/aug_03262.png
aug_03263,y_5,project/training_data/training_masks/augmented_cards/aug_03263.png
aug_03264,b_9,project/training_data/training_masks/augmented_cards/aug_03264.png
aug_03265,g_7,project/training_data/training_masks/augmented_cards/aug_03265.png
aug_03266,r_9,project/training_data/training_masks/augmented_cards/aug_03266.png
aug_03267,r_8,project/training_data/training_masks/augmented_cards/aug_03267.png
aug_03268,b_7,project/training_data/training_masks/augmented_cards/aug_03268.png
aug_03269,wild,project/training_data/training_masks/augmented_cards/aug_03269.png
aug_03270,g_9,project/training_data/training_masks/augmented_cards/aug_03270.png
aug_03271,g_8,project/training_data/training_masks/augmented_cards/aug_03271.png
aug_03272,b_8,project/training_data/training_masks/augmented_cards/aug_03272.png
aug_03273,draw_4,project/training_data/training_masks/augmented_cards/aug_03273.png
aug_03274,r_7,project/training_data/training_masks/augmented_cards/aug_03274.png
aug_03275,y_9,project/training_data/training_masks/augmented_cards/aug_03275.png
aug_03276,y_7,project/training_data/training_masks/augmented_cards/aug_03276.png
aug_03277,y_8,project/training_data/training_masks/augmented_cards/aug_03277.png
aug_03278,g_skip,project/training_data/training_masks/augmented_cards/aug_03278.png
aug_03279,g_reverse,project/training_data/training_masks/augmented_cards/aug_03279.png
aug_03280,b_reverse,project/training_data/training_masks/augmented_cards/aug_03280.png
aug_03281,b_0,project/training_data/training_masks/augmented_cards/aug_03281.png
aug_03282,b_skip,project/training_data/training_masks/augmented_cards/aug_03282.png
aug_03283,r_skip,project/training_data/training_masks/augmented_cards/aug_03283.png
aug_03284,g_0,project/training_data/training_masks/augmented_cards/aug_03284.png
aug_03285,r_reverse,project/training_data/training_masks/augmented_cards/aug_03285.png
aug_03286,r_0,project/training_data/training_masks/augmented_cards/aug_03286.png
aug_03287,b_draw_2,project/training_data/training_masks/augmented_cards/aug_03287.png
aug_03288,r_draw_2,project/training_data/training_masks/augmented_cards/aug_03288.png
aug_03289,y_skip,project/training_data/training_masks/augmented_cards/aug_03289.png
aug_03290,y_reverse,project/training_data/training_masks/augmented_cards/aug_03290.png
aug_03291,y_0,project/training_data/training_masks/augmented_cards/aug_03291.png
aug_03292,g_draw_2,project/training_data/training_masks/augmented_cards/aug_03292.png
aug_03293,y_draw_2,project/training_data/training_masks/augmented_cards/aug_03293.png
aug_03294,b_3,project/training_data/training_masks/augmented_cards/aug_03294.png
aug_03295,b_2,project/training_data/training_masks/augmented_cards/aug_03295.png
aug_03296,g_3,project/training_data/training_masks/augmented_cards/aug_03296.png
aug_03297,r_3,project/training_data/training_masks/augmented_cards/aug_03297.png
aug_03298,g_2,project/training_data/training_masks/augmented_cards/aug_03298.png
aug_03299,g_1,project/training_data/training_masks/augmented_cards/aug_03299.png
aug_03300,b_1,project/training_data/training_masks/augmented_cards/aug_03300.png
aug_03301,r_2,project/training_data/training_masks/augmented_cards/aug_03301.png
aug_03302,y_3,project/training_data/training_masks/augmented_cards/aug_03302.png
aug_03303,r_1,project/training_data/training_masks/augmented_cards/aug_03303.png
aug_03304,y_2,project/training_data/training_masks/augmented_cards/aug_03304.png
aug_03305,y_1,project/training_data/training_masks/augmented_cards/aug_03305.png
aug_03306,g_6,project/training_data/training_masks/augmented_cards/aug_03306.png
aug_03307,g_5,project/training_data/training_masks/augmented_cards/aug_03307.png
aug_03308,b_5,project/training_data/training_masks/augmented_cards/aug_03308.png
aug_03309,b_6,project/training_data/training_masks/augmented_cards/aug_03309.png
aug_03310,r_6,project/training_data/training_masks/augmented_cards/aug_03310.png
aug_03311,b_4,project/training_data/training_masks/augmented_cards/aug_03311.png
aug_03312,g_4,project/training_data/training_masks/augmented_cards/aug_03312.png
aug_03313,r_5,project/training_data/training_masks/augmented_cards/aug_03313.png
aug_03314,r_4,project/training_data/training_masks/augmented_cards/aug_03314.png
aug_03315,y_6,project/training_data/training_masks/augmented_cards/aug_03315.png
aug_03316,y_4,project/training_data/training_masks/augmented_cards/aug_03316.png
aug_03317,y_5,project/training_data/training_masks/augmented_cards/aug_03317.png
aug_03318,b_9,project/training_data/training_masks/augmented_cards/aug_03318.png
aug_03319,g_7,project/training_data/training_masks/augmented_cards/aug_03319.png
aug_03320,r_9,project/training_data/training_masks/augmented_cards/aug_03320.png
aug_03321,r_8,project/training_data/training_masks/augmented_cards/aug_03321.png
aug_03322,b_7,project/training_data/training_masks/augmented_cards/aug_03322.png
aug_03323,wild,project/training_data/training_masks/augmented_cards/aug_03323.png
aug_03324,g_9,project/training_data/training_masks/augmented_cards/aug_03324.png
aug_03325,g_8,project/training_data/training_masks/augmented_cards/aug_03325.png
aug_03326,b_8,project/training_data/training_masks/augmented_cards/aug_03326.png
aug_03327,draw_4,project/training_data/training_masks/augmented_cards/aug_03327.png
aug_03328,r_7,project/training_data/training_masks/augmented_cards/aug_03328.png
aug_03329,y_9,project/training_data/training_masks/augmented_cards/aug_03329.png
aug_03330,y_7,project/training_data/training_masks/augmented_cards/aug_03330.png
aug_03331,y_8,project/training_data/training_masks/augmented_cards/aug_03331.png
aug_03332,g_skip,project/training_data/training_masks/augmented_cards/aug_03332.png
aug_03333,g_reverse,project/training_data/training_masks/augmented_cards/aug_03333.png
aug_03334,b_reverse,project/training_data/training_masks/augmented_cards/aug_03334.png
aug_03335,b_0,project/training_data/training_masks/augmented_cards/aug_03335.png
aug_03336,b_skip,project/training_data/training_masks/augmented_cards/aug_03336.png
aug_03337,r_skip,project/training_data/training_masks/augmented_cards/aug_03337.png
aug_03338,g_0,project/training_data/training_masks/augmented_cards/aug_03338.png
aug_03339,r_reverse,project/training_data/training_masks/augmented_cards/aug_03339.png
aug_03340,r_0,project/training_data/training_masks/augmented_cards/aug_03340.png
aug_03341,b_draw_2,project/training_data/training_masks/augmented_cards/aug_03341.png
aug_03342,r_draw_2,project/training_data/training_masks/augmented_cards/aug_03342.png
aug_03343,y_skip,project/training_data/training_masks/augmented_cards/aug_03343.png
aug_03344,y_reverse,project/training_data/training_masks/augmented_cards/aug_03344.png
aug_03345,y_0,project/training_data/training_masks/augmented_cards/aug_03345.png
aug_03346,g_draw_2,project/training_data/training_masks/augmented_cards/aug_03346.png
aug_03347,y_draw_2,project/training_data/training_masks/augmented_cards/aug_03347.png
aug_03348,b_3,project/training_data/training_masks/augmented_cards/aug_03348.png
aug_03349,b_2,project/training_data/training_masks/augmented_cards/aug_03349.png
aug_03350,g_3,project/training_data/training_masks/augmented_cards/aug_03350.png
aug_03351,r_3,project/training_data/training_masks/augmented_cards/aug_03351.png
aug_03352,g_2,project/training_data/training_masks/augmented_cards/aug_03352.png
aug_03353,g_1,project/training_data/training_masks/augmented_cards/aug_03353.png
aug_03354,b_1,project/training_data/training_masks/augmented_cards/aug_03354.png
aug_03355,r_2,project/training_data/training_masks/augmented_cards/aug_03355.png
aug_03356,y_3,project/training_data/training_masks/augmented_cards/aug_03356.png
aug_03357,r_1,project/training_data/training_masks/augmented_cards/aug_03357.png
aug_03358,y_2,project/training_data/training_masks/augmented_cards/aug_03358.png
aug_03359,y_1,project/training_data/training_masks/augmented_cards/aug_03359.png
aug_03360,g_6,project/training_data/training_masks/augmented_cards/aug_03360.png
aug_03361,g_5,project/training_data/training_masks/augmented_cards/aug_03361.png
aug_03362,b_5,project/training_data/training_masks/augmented_cards/aug_03362.png
aug_03363,b_6,project/training_data/training_masks/augmented_cards/aug_03363.png
aug_03364,r_6,project/training_data/training_masks/augmented_cards/aug_03364.png
aug_03365,b_4,project/training_data/training_masks/augmented_cards/aug_03365.png
aug_03366,g_4,project/training_data/training_masks/augmented_cards/aug_03366.png
aug_03367,r_5,project/training_data/training_masks/augmented_cards/aug_03367.png
aug_03368,r_4,project/training_data/training_masks/augmented_cards/aug_03368.png
aug_03369,y_6,project/training_data/training_masks/augmented_cards/aug_03369.png
aug_03370,y_4,project/training_data/training_masks/augmented_cards/aug_03370.png
aug_03371,y_5,project/training_data/training_masks/augmented_cards/aug_03371.png
aug_03372,b_9,project/training_data/training_masks/augmented_cards/aug_03372.png
aug_03373,g_7,project/training_data/training_masks/augmented_cards/aug_03373.png
aug_03374,r_9,project/training_data/training_masks/augmented_cards/aug_03374.png
aug_03375,r_8,project/training_data/training_masks/augmented_cards/aug_03375.png
aug_03376,b_7,project/training_data/training_masks/augmented_cards/aug_03376.png
aug_03377,wild,project/training_data/training_masks/augmented_cards/aug_03377.png
aug_03378,g_9,project/training_data/training_masks/augmented_cards/aug_03378.png
aug_03379,g_8,project/training_data/training_masks/augmented_cards/aug_03379.png
aug_03380,b_8,project/training_data/training_masks/augmented_cards/aug_03380.png
aug_03381,draw_4,project/training_data/training_masks/augmented_cards/aug_03381.png
aug_03382,r_7,project/training_data/training_masks/augmented_cards/aug_03382.png
aug_03383,y_9,project/training_data/training_masks/augmented_cards/aug_03383.png
aug_03384,y_7,project/training_data/training_masks/augmented_cards/aug_03384.png
aug_03385,y_8,project/training_data/training_masks/augmented_cards/aug_03385.png
aug_03386,g_skip,project/training_data/training_masks/augmented_cards/aug_03386.png
aug_03387,g_reverse,project/training_data/training_masks/augmented_cards/aug_03387.png
aug_03388,b_reverse,project/training_data/training_masks/augmented_cards/aug_03388.png
aug_03389,b_0,project/training_data/training_masks/augmented_cards/aug_03389.png
aug_03390,b_skip,project/training_data/training_masks/augmented_cards/aug_03390.png
aug_03391,r_skip,project/training_data/training_masks/augmented_cards/aug_03391.png
aug_03392,g_0,project/training_data/training_masks/augmented_cards/aug_03392.png
aug_03393,r_reverse,project/training_data/training_masks/augmented_cards/aug_03393.png
aug_03394,r_0,project/training_data/training_masks/augmented_cards/aug_03394.png
aug_03395,b_draw_2,project/training_data/training_masks/augmented_cards/aug_03395.png
aug_03396,r_draw_2,project/training_data/training_masks/augmented_cards/aug_03396.png
aug_03397,y_skip,project/training_data/training_masks/augmented_cards/aug_03397.png
aug_03398,y_reverse,project/training_data/training_masks/augmented_cards/aug_03398.png
aug_03399,y_0,project/training_data/training_masks/augmented_cards/aug_03399.png
aug_03400,g_draw_2,project/training_data/training_masks/augmented_cards/aug_03400.png
aug_03401,y_draw_2,project/training_data/training_masks/augmented_cards/aug_03401.png
aug_03402,b_3,project/training_data/training_masks/augmented_cards/aug_03402.png
aug_03403,b_2,project/training_data/training_masks/augmented_cards/aug_03403.png
aug_03404,g_3,project/training_data/training_masks/augmented_cards/aug_03404.png
aug_03405,r_3,project/training_data/training_masks/augmented_cards/aug_03405.png
aug_03406,g_2,project/training_data/training_masks/augmented_cards/aug_03406.png
aug_03407,g_1,project/training_data/training_masks/augmented_cards/aug_03407.png
aug_03408,b_1,project/training_data/training_masks/augmented_cards/aug_03408.png
aug_03409,r_2,project/training_data/training_masks/augmented_cards/aug_03409.png
aug_03410,y_3,project/training_data/training_masks/augmented_cards/aug_03410.png
aug_03411,r_1,project/training_data/training_masks/augmented_cards/aug_03411.png
aug_03412,y_2,project/training_data/training_masks/augmented_cards/aug_03412.png
aug_03413,y_1,project/training_data/training_masks/augmented_cards/aug_03413.png
aug_03414,g_6,project/training_data/training_masks/augmented_cards/aug_03414.png
aug_03415,g_5,project/training_data/training_masks/augmented_cards/aug_03415.png
aug_03416,b_5,project/training_data/training_masks/augmented_cards/aug_03416.png
aug_03417,b_6,project/training_data/training_masks/augmented_cards/aug_03417.png
aug_03418,r_6,project/training_data/training_masks/augmented_cards/aug_03418.png
aug_03419,b_4,project/training_data/training_masks/augmented_cards/aug_03419.png
aug_03420,g_4,project/training_data/training_masks/augmented_cards/aug_03420.png
aug_03421,r_5,project/training_data/training_masks/augmented_cards/aug_03421.png
aug_03422,r_4,project/training_data/training_masks/augmented_cards/aug_03422.png
aug_03423,y_6,project/training_data/training_masks/augmented_cards/aug_03423.png
aug_03424,y_4,project/training_data/training_masks/augmented_cards/aug_03424.png
aug_03425,y_5,project/training_data/training_masks/augmented_cards/aug_03425.png
aug_03426,b_9,project/training_data/training_masks/augmented_cards/aug_03426.png
aug_03427,g_7,project/training_data/training_masks/augmented_cards/aug_03427.png
aug_03428,r_9,project/training_data/training_masks/augmented_cards/aug_03428.png
aug_03429,r_8,project/training_data/training_masks/augmented_cards/aug_03429.png
aug_03430,b_7,project/training_data/training_masks/augmented_cards/aug_03430.png
aug_03431,wild,project/training_data/training_masks/augmented_cards/aug_03431.png
aug_03432,g_9,project/training_data/training_masks/augmented_cards/aug_03432.png
aug_03433,g_8,project/training_data/training_masks/augmented_cards/aug_03433.png
aug_03434,b_8,project/training_data/training_masks/augmented_cards/aug_03434.png
aug_03435,draw_4,project/training_data/training_masks/augmented_cards/aug_03435.png
aug_03436,r_7,project/training_data/training_masks/augmented_cards/aug_03436.png
aug_03437,y_9,project/training_data/training_masks/augmented_cards/aug_03437.png
aug_03438,y_7,project/training_data/training_masks/augmented_cards/aug_03438.png
aug_03439,y_8,project/training_data/training_masks/augmented_cards/aug_03439.png
aug_03440,g_skip,project/training_data/training_masks/augmented_cards/aug_03440.png
aug_03441,g_reverse,project/training_data/training_masks/augmented_cards/aug_03441.png
aug_03442,b_reverse,project/training_data/training_masks/augmented_cards/aug_03442.png
aug_03443,b_0,project/training_data/training_masks/augmented_cards/aug_03443.png
aug_03444,b_skip,project/training_data/training_masks/augmented_cards/aug_03444.png
aug_03445,r_skip,project/training_data/training_masks/augmented_cards/aug_03445.png
aug_03446,g_0,project/training_data/training_masks/augmented_cards/aug_03446.png
aug_03447,r_reverse,project/training_data/training_masks/augmented_cards/aug_03447.png
aug_03448,r_0,project/training_data/training_masks/augmented_cards/aug_03448.png
aug_03449,b_draw_2,project/training_data/training_masks/augmented_cards/aug_03449.png
aug_03450,r_draw_2,project/training_data/training_masks/augmented_cards/aug_03450.png
aug_03451,y_skip,project/training_data/training_masks/augmented_cards/aug_03451.png
aug_03452,y_reverse,project/training_data/training_masks/augmented_cards/aug_03452.png
aug_03453,y_0,project/training_data/training_masks/augmented_cards/aug_03453.png
aug_03454,g_draw_2,project/training_data/training_masks/augmented_cards/aug_03454.png
aug_03455,y_draw_2,project/training_data/training_masks/augmented_cards/aug_03455.png
aug_03456,b_3,project/training_data/training_masks/augmented_cards/aug_03456.png
aug_03457,b_2,project/training_data/training_masks/augmented_cards/aug_03457.png
aug_03458,g_3,project/training_data/training_masks/augmented_cards/aug_03458.png
aug_03459,r_3,project/training_data/training_masks/augmented_cards/aug_03459.png
aug_03460,g_2,project/training_data/training_masks/augmented_cards/aug_03460.png
aug_03461,g_1,project/training_data/training_masks/augmented_cards/aug_03461.png
aug_03462,b_1,project/training_data/training_masks/augmented_cards/aug_03462.png
aug_03463,r_2,project/training_data/training_masks/augmented_cards/aug_03463.png
aug_03464,y_3,project/training_data/training_masks/augmented_cards/aug_03464.png
aug_03465,r_1,project/training_data/training_masks/augmented_cards/aug_03465.png
aug_03466,y_2,project/training_data/training_masks/augmented_cards/aug_03466.png
aug_03467,y_1,project/training_data/training_masks/augmented_cards/aug_03467.png
aug_03468,g_6,project/training_data/training_masks/augmented_cards/aug_03468.png
aug_03469,g_5,project/training_data/training_masks/augmented_cards/aug_03469.png
aug_03470,b_5,project/training_data/training_masks/augmented_cards/aug_03470.png
aug_03471,b_6,project/training_data/training_masks/augmented_cards/aug_03471.png
aug_03472,r_6,project/training_data/training_masks/augmented_cards/aug_03472.png
aug_03473,b_4,project/training_data/training_masks/augmented_cards/aug_03473.png
aug_03474,g_4,project/training_data/training_masks/augmented_cards/aug_03474.png
aug_03475,r_5,project/training_data/training_masks/augmented_cards/aug_03475.png
aug_03476,r_4,project/training_data/training_masks/augmented_cards/aug_03476.png
aug_03477,y_6,project/training_data/training_masks/augmented_cards/aug_03477.png
aug_03478,y_4,project/training_data/training_masks/augmented_cards/aug_03478.png
aug_03479,y_5,project/training_data/training_masks/augmented_cards/aug_03479.png
aug_03480,b_9,project/training_data/training_masks/augmented_cards/aug_03480.png
aug_03481,g_7,project/training_data/training_masks/augmented_cards/aug_03481.png
aug_03482,r_9,project/training_data/training_masks/augmented_cards/aug_03482.png
aug_03483,r_8,project/training_data/training_masks/augmented_cards/aug_03483.png
aug_03484,b_7,project/training_data/training_masks/augmented_cards/aug_03484.png
aug_03485,wild,project/training_data/training_masks/augmented_cards/aug_03485.png
aug_03486,g_9,project/training_data/training_masks/augmented_cards/aug_03486.png
aug_03487,g_8,project/training_data/training_masks/augmented_cards/aug_03487.png
aug_03488,b_8,project/training_data/training_masks/augmented_cards/aug_03488.png
aug_03489,draw_4,project/training_data/training_masks/augmented_cards/aug_03489.png
aug_03490,r_7,project/training_data/training_masks/augmented_cards/aug_03490.png
aug_03491,y_9,project/training_data/training_masks/augmented_cards/aug_03491.png
aug_03492,y_7,project/training_data/training_masks/augmented_cards/aug_03492.png
aug_03493,y_8,project/training_data/training_masks/augmented_cards/aug_03493.png
aug_03494,g_skip,project/training_data/training_masks/augmented_cards/aug_03494.png
aug_03495,g_reverse,project/training_data/training_masks/augmented_cards/aug_03495.png
aug_03496,b_reverse,project/training_data/training_masks/augmented_cards/aug_03496.png
aug_03497,b_0,project/training_data/training_masks/augmented_cards/aug_03497.png
aug_03498,b_skip,project/training_data/training_masks/augmented_cards/aug_03498.png
aug_03499,r_skip,project/training_data/training_masks/augmented_cards/aug_03499.png
aug_03500,g_0,project/training_data/training_masks/augmented_cards/aug_03500.png
aug_03501,r_reverse,project/training_data/training_masks/augmented_cards/aug_03501.png
aug_03502,r_0,project/training_data/training_masks/augmented_cards/aug_03502.png
aug_03503,b_draw_2,project/training_data/training_masks/augmented_cards/aug_03503.png
aug_03504,r_draw_2,project/training_data/training_masks/augmented_cards/aug_03504.png
aug_03505,y_skip,project/training_data/training_masks/augmented_cards/aug_03505.png
aug_03506,y_reverse,project/training_data/training_masks/augmented_cards/aug_03506.png
aug_03507,y_0,project/training_data/training_masks/augmented_cards/aug_03507.png
aug_03508,g_draw_2,project/training_data/training_masks/augmented_cards/aug_03508.png
aug_03509,y_draw_2,project/training_data/training_masks/augmented_cards/aug_03509.png
aug_03510,b_3,project/training_data/training_masks/augmented_cards/aug_03510.png
aug_03511,b_2,project/training_data/training_masks/augmented_cards/aug_03511.png
aug_03512,g_3,project/training_data/training_masks/augmented_cards/aug_03512.png
aug_03513,r_3,project/training_data/training_masks/augmented_cards/aug_03513.png
aug_03514,g_2,project/training_data/training_masks/augmented_cards/aug_03514.png
aug_03515,g_1,project/training_data/training_masks/augmented_cards/aug_03515.png
aug_03516,b_1,project/training_data/training_masks/augmented_cards/aug_03516.png
aug_03517,r_2,project/training_data/training_masks/augmented_cards/aug_03517.png
aug_03518,y_3,project/training_data/training_masks/augmented_cards/aug_03518.png
aug_03519,r_1,project/training_data/training_masks/augmented_cards/aug_03519.png
aug_03520,y_2,project/training_data/training_masks/augmented_cards/aug_03520.png
aug_03521,y_1,project/training_data/training_masks/augmented_cards/aug_03521.png
aug_03522,g_6,project/training_data/training_masks/augmented_cards/aug_03522.png
aug_03523,g_5,project/training_data/training_masks/augmented_cards/aug_03523.png
aug_03524,b_5,project/training_data/training_masks/augmented_cards/aug_03524.png
aug_03525,b_6,project/training_data/training_masks/augmented_cards/aug_03525.png
aug_03526,r_6,project/training_data/training_masks/augmented_cards/aug_03526.png
aug_03527,b_4,project/training_data/training_masks/augmented_cards/aug_03527.png
aug_03528,g_4,project/training_data/training_masks/augmented_cards/aug_03528.png
aug_03529,r_5,project/training_data/training_masks/augmented_cards/aug_03529.png
aug_03530,r_4,project/training_data/training_masks/augmented_cards/aug_03530.png
aug_03531,y_6,project/training_data/training_masks/augmented_cards/aug_03531.png
aug_03532,y_4,project/training_data/training_masks/augmented_cards/aug_03532.png
aug_03533,y_5,project/training_data/training_masks/augmented_cards/aug_03533.png
aug_03534,b_9,project/training_data/training_masks/augmented_cards/aug_03534.png
aug_03535,g_7,project/training_data/training_masks/augmented_cards/aug_03535.png
aug_03536,r_9,project/training_data/training_masks/augmented_cards/aug_03536.png
aug_03537,r_8,project/training_data/training_masks/augmented_cards/aug_03537.png
aug_03538,b_7,project/training_data/training_masks/augmented_cards/aug_03538.png
aug_03539,wild,project/training_data/training_masks/augmented_cards/aug_03539.png
aug_03540,g_9,project/training_data/training_masks/augmented_cards/aug_03540.png
aug_03541,g_8,project/training_data/training_masks/augmented_cards/aug_03541.png
aug_03542,b_8,project/training_data/training_masks/augmented_cards/aug_03542.png
aug_03543,draw_4,project/training_data/training_masks/augmented_cards/aug_03543.png
aug_03544,r_7,project/training_data/training_masks/augmented_cards/aug_03544.png
aug_03545,y_9,project/training_data/training_masks/augmented_cards/aug_03545.png
aug_03546,y_7,project/training_data/training_masks/augmented_cards/aug_03546.png
aug_03547,y_8,project/training_data/training_masks/augmented_cards/aug_03547.png
aug_03548,g_skip,project/training_data/training_masks/augmented_cards/aug_03548.png
aug_03549,g_reverse,project/training_data/training_masks/augmented_cards/aug_03549.png
aug_03550,b_reverse,project/training_data/training_masks/augmented_cards/aug_03550.png
aug_03551,b_0,project/training_data/training_masks/augmented_cards/aug_03551.png
aug_03552,b_skip,project/training_data/training_masks/augmented_cards/aug_03552.png
aug_03553,r_skip,project/training_data/training_masks/augmented_cards/aug_03553.png
aug_03554,g_0,project/training_data/training_masks/augmented_cards/aug_03554.png
aug_03555,r_reverse,project/training_data/training_masks/augmented_cards/aug_03555.png
aug_03556,r_0,project/training_data/training_masks/augmented_cards/aug_03556.png
aug_03557,b_draw_2,project/training_data/training_masks/augmented_cards/aug_03557.png
aug_03558,r_draw_2,project/training_data/training_masks/augmented_cards/aug_03558.png
aug_03559,y_skip,project/training_data/training_masks/augmented_cards/aug_03559.png
aug_03560,y_reverse,project/training_data/training_masks/augmented_cards/aug_03560.png
aug_03561,y_0,project/training_data/training_masks/augmented_cards/aug_03561.png
aug_03562,g_draw_2,project/training_data/training_masks/augmented_cards/aug_03562.png
aug_03563,y_draw_2,project/training_data/training_masks/augmented_cards/aug_03563.png
aug_03564,b_3,project/training_data/training_masks/augmented_cards/aug_03564.png
aug_03565,b_2,project/training_data/training_masks/augmented_cards/aug_03565.png
aug_03566,g_3,project/training_data/training_masks/augmented_cards/aug_03566.png
aug_03567,r_3,project/training_data/training_masks/augmented_cards/aug_03567.png
aug_03568,g_2,project/training_data/training_masks/augmented_cards/aug_03568.png
aug_03569,g_1,project/training_data/training_masks/augmented_cards/aug_03569.png
aug_03570,b_1,project/training_data/training_masks/augmented_cards/aug_03570.png
aug_03571,r_2,project/training_data/training_masks/augmented_cards/aug_03571.png
aug_03572,y_3,project/training_data/training_masks/augmented_cards/aug_03572.png
aug_03573,r_1,project/training_data/training_masks/augmented_cards/aug_03573.png
aug_03574,y_2,project/training_data/training_masks/augmented_cards/aug_03574.png
aug_03575,y_1,project/training_data/training_masks/augmented_cards/aug_03575.png
aug_03576,g_6,project/training_data/training_masks/augmented_cards/aug_03576.png
aug_03577,g_5,project/training_data/training_masks/augmented_cards/aug_03577.png
aug_03578,b_5,project/training_data/training_masks/augmented_cards/aug_03578.png
aug_03579,b_6,project/training_data/training_masks/augmented_cards/aug_03579.png
aug_03580,r_6,project/training_data/training_masks/augmented_cards/aug_03580.png
aug_03581,b_4,project/training_data/training_masks/augmented_cards/aug_03581.png
aug_03582,g_4,project/training_data/training_masks/augmented_cards/aug_03582.png
aug_03583,r_5,project/training_data/training_masks/augmented_cards/aug_03583.png
aug_03584,r_4,project/training_data/training_masks/augmented_cards/aug_03584.png
aug_03585,y_6,project/training_data/training_masks/augmented_cards/aug_03585.png
aug_03586,y_4,project/training_data/training_masks/augmented_cards/aug_03586.png
aug_03587,y_5,project/training_data/training_masks/augmented_cards/aug_03587.png
aug_03588,b_9,project/training_data/training_masks/augmented_cards/aug_03588.png
aug_03589,g_7,project/training_data/training_masks/augmented_cards/aug_03589.png
aug_03590,r_9,project/training_data/training_masks/augmented_cards/aug_03590.png
aug_03591,r_8,project/training_data/training_masks/augmented_cards/aug_03591.png
aug_03592,b_7,project/training_data/training_masks/augmented_cards/aug_03592.png
aug_03593,wild,project/training_data/training_masks/augmented_cards/aug_03593.png
aug_03594,g_9,project/training_data/training_masks/augmented_cards/aug_03594.png
aug_03595,g_8,project/training_data/training_masks/augmented_cards/aug_03595.png
aug_03596,b_8,project/training_data/training_masks/augmented_cards/aug_03596.png
aug_03597,draw_4,project/training_data/training_masks/augmented_cards/aug_03597.png
aug_03598,r_7,project/training_data/training_masks/augmented_cards/aug_03598.png
aug_03599,y_9,project/training_data/training_masks/augmented_cards/aug_03599.png
aug_03600,y_7,project/training_data/training_masks/augmented_cards/aug_03600.png
aug_03601,y_8,project/training_data/training_masks/augmented_cards/aug_03601.png
aug_03602,g_skip,project/training_data/training_masks/augmented_cards/aug_03602.png
aug_03603,g_reverse,project/training_data/training_masks/augmented_cards/aug_03603.png
aug_03604,b_reverse,project/training_data/training_masks/augmented_cards/aug_03604.png
aug_03605,b_0,project/training_data/training_masks/augmented_cards/aug_03605.png
aug_03606,b_skip,project/training_data/training_masks/augmented_cards/aug_03606.png
aug_03607,r_skip,project/training_data/training_masks/augmented_cards/aug_03607.png
aug_03608,g_0,project/training_data/training_masks/augmented_cards/aug_03608.png
aug_03609,r_reverse,project/training_data/training_masks/augmented_cards/aug_03609.png
aug_03610,r_0,project/training_data/training_masks/augmented_cards/aug_03610.png
aug_03611,b_draw_2,project/training_data/training_masks/augmented_cards/aug_03611.png
aug_03612,r_draw_2,project/training_data/training_masks/augmented_cards/aug_03612.png
aug_03613,y_skip,project/training_data/training_masks/augmented_cards/aug_03613.png
aug_03614,y_reverse,project/training_data/training_masks/augmented_cards/aug_03614.png
aug_03615,y_0,project/training_data/training_masks/augmented_cards/aug_03615.png
aug_03616,g_draw_2,project/training_data/training_masks/augmented_cards/aug_03616.png
aug_03617,y_draw_2,project/training_data/training_masks/augmented_cards/aug_03617.png
aug_03618,b_3,project/training_data/training_masks/augmented_cards/aug_03618.png
aug_03619,b_2,project/training_data/training_masks/augmented_cards/aug_03619.png
aug_03620,g_3,project/training_data/training_masks/augmented_cards/aug_03620.png
aug_03621,r_3,project/training_data/training_masks/augmented_cards/aug_03621.png
aug_03622,g_2,project/training_data/training_masks/augmented_cards/aug_03622.png
aug_03623,g_1,project/training_data/training_masks/augmented_cards/aug_03623.png
aug_03624,b_1,project/training_data/training_masks/augmented_cards/aug_03624.png
aug_03625,r_2,project/training_data/training_masks/augmented_cards/aug_03625.png
aug_03626,y_3,project/training_data/training_masks/augmented_cards/aug_03626.png
aug_03627,r_1,project/training_data/training_masks/augmented_cards/aug_03627.png
aug_03628,y_2,project/training_data/training_masks/augmented_cards/aug_03628.png
aug_03629,y_1,project/training_data/training_masks/augmented_cards/aug_03629.png
aug_03630,g_6,project/training_data/training_masks/augmented_cards/aug_03630.png
aug_03631,g_5,project/training_data/training_masks/augmented_cards/aug_03631.png
aug_03632,b_5,project/training_data/training_masks/augmented_cards/aug_03632.png
aug_03633,b_6,project/training_data/training_masks/augmented_cards/aug_03633.png
aug_03634,r_6,project/training_data/training_masks/augmented_cards/aug_03634.png
aug_03635,b_4,project/training_data/training_masks/augmented_cards/aug_03635.png
aug_03636,g_4,project/training_data/training_masks/augmented_cards/aug_03636.png
aug_03637,r_5,project/training_data/training_masks/augmented_cards/aug_03637.png
aug_03638,r_4,project/training_data/training_masks/augmented_cards/aug_03638.png
aug_03639,y_6,project/training_data/training_masks/augmented_cards/aug_03639.png
aug_03640,y_4,project/training_data/training_masks/augmented_cards/aug_03640.png
aug_03641,y_5,project/training_data/training_masks/augmented_cards/aug_03641.png
aug_03642,b_9,project/training_data/training_masks/augmented_cards/aug_03642.png
aug_03643,g_7,project/training_data/training_masks/augmented_cards/aug_03643.png
aug_03644,r_9,project/training_data/training_masks/augmented_cards/aug_03644.png
aug_03645,r_8,project/training_data/training_masks/augmented_cards/aug_03645.png
aug_03646,b_7,project/training_data/training_masks/augmented_cards/aug_03646.png
aug_03647,wild,project/training_data/training_masks/augmented_cards/aug_03647.png
aug_03648,g_9,project/training_data/training_masks/augmented_cards/aug_03648.png
aug_03649,g_8,project/training_data/training_masks/augmented_cards/aug_03649.png
aug_03650,b_8,project/training_data/training_masks/augmented_cards/aug_03650.png
aug_03651,draw_4,project/training_data/training_masks/augmented_cards/aug_03651.png
aug_03652,r_7,project/training_data/training_masks/augmented_cards/aug_03652.png
aug_03653,y_9,project/training_data/training_masks/augmented_cards/aug_03653.png
aug_03654,y_7,project/training_data/training_masks/augmented_cards/aug_03654.png
aug_03655,y_8,project/training_data/training_masks/augmented_cards/aug_03655.png
aug_03656,g_skip,project/training_data/training_masks/augmented_cards/aug_03656.png
aug_03657,g_reverse,project/training_data/training_masks/augmented_cards/aug_03657.png
aug_03658,b_reverse,project/training_data/training_masks/augmented_cards/aug_03658.png
aug_03659,b_0,project/training_data/training_masks/augmented_cards/aug_03659.png
aug_03660,b_skip,project/training_data/training_masks/augmented_cards/aug_03660.png
aug_03661,r_skip,project/training_data/training_masks/augmented_cards/aug_03661.png
aug_03662,g_0,project/training_data/training_masks/augmented_cards/aug_03662.png
aug_03663,r_reverse,project/training_data/training_masks/augmented_cards/aug_03663.png
aug_03664,r_0,project/training_data/training_masks/augmented_cards/aug_03664.png
aug_03665,b_draw_2,project/training_data/training_masks/augmented_cards/aug_03665.png
aug_03666,r_draw_2,project/training_data/training_masks/augmented_cards/aug_03666.png
aug_03667,y_skip,project/training_data/training_masks/augmented_cards/aug_03667.png
aug_03668,y_reverse,project/training_data/training_masks/augmented_cards/aug_03668.png
aug_03669,y_0,project/training_data/training_masks/augmented_cards/aug_03669.png
aug_03670,g_draw_2,project/training_data/training_masks/augmented_cards/aug_03670.png
aug_03671,y_draw_2,project/training_data/training_masks/augmented_cards/aug_03671.png
aug_03672,b_3,project/training_data/training_masks/augmented_cards/aug_03672.png
aug_03673,b_2,project/training_data/training_masks/augmented_cards/aug_03673.png
aug_03674,g_3,project/training_data/training_masks/augmented_cards/aug_03674.png
aug_03675,r_3,project/training_data/training_masks/augmented_cards/aug_03675.png
aug_03676,g_2,project/training_data/training_masks/augmented_cards/aug_03676.png
aug_03677,g_1,project/training_data/training_masks/augmented_cards/aug_03677.png
aug_03678,b_1,project/training_data/training_masks/augmented_cards/aug_03678.png
aug_03679,r_2,project/training_data/training_masks/augmented_cards/aug_03679.png
aug_03680,y_3,project/training_data/training_masks/augmented_cards/aug_03680.png
aug_03681,r_1,project/training_data/training_masks/augmented_cards/aug_03681.png
aug_03682,y_2,project/training_data/training_masks/augmented_cards/aug_03682.png
aug_03683,y_1,project/training_data/training_masks/augmented_cards/aug_03683.png
aug_03684,g_6,project/training_data/training_masks/augmented_cards/aug_03684.png
aug_03685,g_5,project/training_data/training_masks/augmented_cards/aug_03685.png
aug_03686,b_5,project/training_data/training_masks/augmented_cards/aug_03686.png
aug_03687,b_6,project/training_data/training_masks/augmented_cards/aug_03687.png
aug_03688,r_6,project/training_data/training_masks/augmented_cards/aug_03688.png
aug_03689,b_4,project/training_data/training_masks/augmented_cards/aug_03689.png
aug_03690,g_4,project/training_data/training_masks/augmented_cards/aug_03690.png
aug_03691,r_5,project/training_data/training_masks/augmented_cards/aug_03691.png
aug_03692,r_4,project/training_data/training_masks/augmented_cards/aug_03692.png
aug_03693,y_6,project/training_data/training_masks/augmented_cards/aug_03693.png
aug_03694,y_4,project/training_data/training_masks/augmented_cards/aug_03694.png
aug_03695,y_5,project/training_data/training_masks/augmented_cards/aug_03695.png
aug_03696,b_9,project/training_data/training_masks/augmented_cards/aug_03696.png
aug_03697,g_7,project/training_data/training_masks/augmented_cards/aug_03697.png
aug_03698,r_9,project/training_data/training_masks/augmented_cards/aug_03698.png
aug_03699,r_8,project/training_data/training_masks/augmented_cards/aug_03699.png
aug_03700,b_7,project/training_data/training_masks/augmented_cards/aug_03700.png
aug_03701,wild,project/training_data/training_masks/augmented_cards/aug_03701.png
aug_03702,g_9,project/training_data/training_masks/augmented_cards/aug_03702.png
aug_03703,g_8,project/training_data/training_masks/augmented_cards/aug_03703.png
aug_03704,b_8,project/training_data/training_masks/augmented_cards/aug_03704.png
aug_03705,draw_4,project/training_data/training_masks/augmented_cards/aug_03705.png
aug_03706,r_7,project/training_data/training_masks/augmented_cards/aug_03706.png
aug_03707,y_9,project/training_data/training_masks/augmented_cards/aug_03707.png
aug_03708,y_7,project/training_data/training_masks/augmented_cards/aug_03708.png
aug_03709,y_8,project/training_data/training_masks/augmented_cards/aug_03709.png
aug_03710,g_skip,project/training_data/training_masks/augmented_cards/aug_03710.png
aug_03711,g_reverse,project/training_data/training_masks/augmented_cards/aug_03711.png
aug_03712,b_reverse,project/training_data/training_masks/augmented_cards/aug_03712.png
aug_03713,b_0,project/training_data/training_masks/augmented_cards/aug_03713.png
aug_03714,b_skip,project/training_data/training_masks/augmented_cards/aug_03714.png
aug_03715,r_skip,project/training_data/training_masks/augmented_cards/aug_03715.png
aug_03716,g_0,project/training_data/training_masks/augmented_cards/aug_03716.png
aug_03717,r_reverse,project/training_data/training_masks/augmented_cards/aug_03717.png
aug_03718,r_0,project/training_data/training_masks/augmented_cards/aug_03718.png
aug_03719,b_draw_2,project/training_data/training_masks/augmented_cards/aug_03719.png
aug_03720,r_draw_2,project/training_data/training_masks/augmented_cards/aug_03720.png
aug_03721,y_skip,project/training_data/training_masks/augmented_cards/aug_03721.png
aug_03722,y_reverse,project/training_data/training_masks/augmented_cards/aug_03722.png
aug_03723,y_0,project/training_data/training_masks/augmented_cards/aug_03723.png
aug_03724,g_draw_2,project/training_data/training_masks/augmented_cards/aug_03724.png
aug_03725,y_draw_2,project/training_data/training_masks/augmented_cards/aug_03725.png
aug_03726,b_3,project/training_data/training_masks/augmented_cards/aug_03726.png
aug_03727,b_2,project/training_data/training_masks/augmented_cards/aug_03727.png
aug_03728,g_3,project/training_data/training_masks/augmented_cards/aug_03728.png
aug_03729,r_3,project/training_data/training_masks/augmented_cards/aug_03729.png
aug_03730,g_2,project/training_data/training_masks/augmented_cards/aug_03730.png
aug_03731,g_1,project/training_data/training_masks/augmented_cards/aug_03731.png
aug_03732,b_1,project/training_data/training_masks/augmented_cards/aug_03732.png
aug_03733,r_2,project/training_data/training_masks/augmented_cards/aug_03733.png
aug_03734,y_3,project/training_data/training_masks/augmented_cards/aug_03734.png
aug_03735,r_1,project/training_data/training_masks/augmented_cards/aug_03735.png
aug_03736,y_2,project/training_data/training_masks/augmented_cards/aug_03736.png
aug_03737,y_1,project/training_data/training_masks/augmented_cards/aug_03737.png
aug_03738,g_6,project/training_data/training_masks/augmented_cards/aug_03738.png
aug_03739,g_5,project/training_data/training_masks/augmented_cards/aug_03739.png
aug_03740,b_5,project/training_data/training_masks/augmented_cards/aug_03740.png
aug_03741,b_6,project/training_data/training_masks/augmented_cards/aug_03741.png
aug_03742,r_6,project/training_data/training_masks/augmented_cards/aug_03742.png
aug_03743,b_4,project/training_data/training_masks/augmented_cards/aug_03743.png
aug_03744,g_4,project/training_data/training_masks/augmented_cards/aug_03744.png
aug_03745,r_5,project/training_data/training_masks/augmented_cards/aug_03745.png
aug_03746,r_4,project/training_data/training_masks/augmented_cards/aug_03746.png
aug_03747,y_6,project/training_data/training_masks/augmented_cards/aug_03747.png
aug_03748,y_4,project/training_data/training_masks/augmented_cards/aug_03748.png
aug_03749,y_5,project/training_data/training_masks/augmented_cards/aug_03749.png
aug_03750,b_9,project/training_data/training_masks/augmented_cards/aug_03750.png
aug_03751,g_7,project/training_data/training_masks/augmented_cards/aug_03751.png
aug_03752,r_9,project/training_data/training_masks/augmented_cards/aug_03752.png
aug_03753,r_8,project/training_data/training_masks/augmented_cards/aug_03753.png
aug_03754,b_7,project/training_data/training_masks/augmented_cards/aug_03754.png
aug_03755,wild,project/training_data/training_masks/augmented_cards/aug_03755.png
aug_03756,g_9,project/training_data/training_masks/augmented_cards/aug_03756.png
aug_03757,g_8,project/training_data/training_masks/augmented_cards/aug_03757.png
aug_03758,b_8,project/training_data/training_masks/augmented_cards/aug_03758.png
aug_03759,draw_4,project/training_data/training_masks/augmented_cards/aug_03759.png
aug_03760,r_7,project/training_data/training_masks/augmented_cards/aug_03760.png
aug_03761,y_9,project/training_data/training_masks/augmented_cards/aug_03761.png
aug_03762,y_7,project/training_data/training_masks/augmented_cards/aug_03762.png
aug_03763,y_8,project/training_data/training_masks/augmented_cards/aug_03763.png
aug_03764,g_skip,project/training_data/training_masks/augmented_cards/aug_03764.png
aug_03765,g_reverse,project/training_data/training_masks/augmented_cards/aug_03765.png
aug_03766,b_reverse,project/training_data/training_masks/augmented_cards/aug_03766.png
aug_03767,b_0,project/training_data/training_masks/augmented_cards/aug_03767.png
aug_03768,b_skip,project/training_data/training_masks/augmented_cards/aug_03768.png
aug_03769,r_skip,project/training_data/training_masks/augmented_cards/aug_03769.png
aug_03770,g_0,project/training_data/training_masks/augmented_cards/aug_03770.png
aug_03771,r_reverse,project/training_data/training_masks/augmented_cards/aug_03771.png
aug_03772,r_0,project/training_data/training_masks/augmented_cards/aug_03772.png
aug_03773,b_draw_2,project/training_data/training_masks/augmented_cards/aug_03773.png
aug_03774,r_draw_2,project/training_data/training_masks/augmented_cards/aug_03774.png
aug_03775,y_skip,project/training_data/training_masks/augmented_cards/aug_03775.png
aug_03776,y_reverse,project/training_data/training_masks/augmented_cards/aug_03776.png
aug_03777,y_0,project/training_data/training_masks/augmented_cards/aug_03777.png
aug_03778,g_draw_2,project/training_data/training_masks/augmented_cards/aug_03778.png
aug_03779,y_draw_2,project/training_data/training_masks/augmented_cards/aug_03779.png
aug_03780,b_3,project/training_data/training_masks/augmented_cards/aug_03780.png
aug_03781,b_2,project/training_data/training_masks/augmented_cards/aug_03781.png
aug_03782,g_3,project/training_data/training_masks/augmented_cards/aug_03782.png
aug_03783,r_3,project/training_data/training_masks/augmented_cards/aug_03783.png
aug_03784,g_2,project/training_data/training_masks/augmented_cards/aug_03784.png
aug_03785,g_1,project/training_data/training_masks/augmented_cards/aug_03785.png
aug_03786,b_1,project/training_data/training_masks/augmented_cards/aug_03786.png
aug_03787,r_2,project/training_data/training_masks/augmented_cards/aug_03787.png
aug_03788,y_3,project/training_data/training_masks/augmented_cards/aug_03788.png
aug_03789,r_1,project/training_data/training_masks/augmented_cards/aug_03789.png
aug_03790,y_2,project/training_data/training_masks/augmented_cards/aug_03790.png
aug_03791,y_1,project/training_data/training_masks/augmented_cards/aug_03791.png
aug_03792,g_6,project/training_data/training_masks/augmented_cards/aug_03792.png
aug_03793,g_5,project/training_data/training_masks/augmented_cards/aug_03793.png
aug_03794,b_5,project/training_data/training_masks/augmented_cards/aug_03794.png
aug_03795,b_6,project/training_data/training_masks/augmented_cards/aug_03795.png
aug_03796,r_6,project/training_data/training_masks/augmented_cards/aug_03796.png
aug_03797,b_4,project/training_data/training_masks/augmented_cards/aug_03797.png
aug_03798,g_4,project/training_data/training_masks/augmented_cards/aug_03798.png
aug_03799,r_5,project/training_data/training_masks/augmented_cards/aug_03799.png
aug_03800,r_4,project/training_data/training_masks/augmented_cards/aug_03800.png
aug_03801,y_6,project/training_data/training_masks/augmented_cards/aug_03801.png
aug_03802,y_4,project/training_data/training_masks/augmented_cards/aug_03802.png
aug_03803,y_5,project/training_data/training_masks/augmented_cards/aug_03803.png
aug_03804,b_9,project/training_data/training_masks/augmented_cards/aug_03804.png
aug_03805,g_7,project/training_data/training_masks/augmented_cards/aug_03805.png
aug_03806,r_9,project/training_data/training_masks/augmented_cards/aug_03806.png
aug_03807,r_8,project/training_data/training_masks/augmented_cards/aug_03807.png
aug_03808,b_7,project/training_data/training_masks/augmented_cards/aug_03808.png
aug_03809,wild,project/training_data/training_masks/augmented_cards/aug_03809.png
aug_03810,g_9,project/training_data/training_masks/augmented_cards/aug_03810.png
aug_03811,g_8,project/training_data/training_masks/augmented_cards/aug_03811.png
aug_03812,b_8,project/training_data/training_masks/augmented_cards/aug_03812.png
aug_03813,draw_4,project/training_data/training_masks/augmented_cards/aug_03813.png
aug_03814,r_7,project/training_data/training_masks/augmented_cards/aug_03814.png
aug_03815,y_9,project/training_data/training_masks/augmented_cards/aug_03815.png
aug_03816,y_7,project/training_data/training_masks/augmented_cards/aug_03816.png
aug_03817,y_8,project/training_data/training_masks/augmented_cards/aug_03817.png
aug_03818,g_skip,project/training_data/training_masks/augmented_cards/aug_03818.png
aug_03819,g_reverse,project/training_data/training_masks/augmented_cards/aug_03819.png
aug_03820,b_reverse,project/training_data/training_masks/augmented_cards/aug_03820.png
aug_03821,b_0,project/training_data/training_masks/augmented_cards/aug_03821.png
aug_03822,b_skip,project/training_data/training_masks/augmented_cards/aug_03822.png
aug_03823,r_skip,project/training_data/training_masks/augmented_cards/aug_03823.png
aug_03824,g_0,project/training_data/training_masks/augmented_cards/aug_03824.png
aug_03825,r_reverse,project/training_data/training_masks/augmented_cards/aug_03825.png
aug_03826,r_0,project/training_data/training_masks/augmented_cards/aug_03826.png
aug_03827,b_draw_2,project/training_data/training_masks/augmented_cards/aug_03827.png
aug_03828,r_draw_2,project/training_data/training_masks/augmented_cards/aug_03828.png
aug_03829,y_skip,project/training_data/training_masks/augmented_cards/aug_03829.png
aug_03830,y_reverse,project/training_data/training_masks/augmented_cards/aug_03830.png
aug_03831,y_0,project/training_data/training_masks/augmented_cards/aug_03831.png
aug_03832,g_draw_2,project/training_data/training_masks/augmented_cards/aug_03832.png
aug_03833,y_draw_2,project/training_data/training_masks/augmented_cards/aug_03833.png
aug_03834,b_3,project/training_data/training_masks/augmented_cards/aug_03834.png
aug_03835,b_2,project/training_data/training_masks/augmented_cards/aug_03835.png
aug_03836,g_3,project/training_data/training_masks/augmented_cards/aug_03836.png
aug_03837,r_3,project/training_data/training_masks/augmented_cards/aug_03837.png
aug_03838,g_2,project/training_data/training_masks/augmented_cards/aug_03838.png
aug_03839,g_1,project/training_data/training_masks/augmented_cards/aug_03839.png
aug_03840,b_1,project/training_data/training_masks/augmented_cards/aug_03840.png
aug_03841,r_2,project/training_data/training_masks/augmented_cards/aug_03841.png
aug_03842,y_3,project/training_data/training_masks/augmented_cards/aug_03842.png
aug_03843,r_1,project/training_data/training_masks/augmented_cards/aug_03843.png
aug_03844,y_2,project/training_data/training_masks/augmented_cards/aug_03844.png
aug_03845,y_1,project/training_data/training_masks/augmented_cards/aug_03845.png
aug_03846,g_6,project/training_data/training_masks/augmented_cards/aug_03846.png
aug_03847,g_5,project/training_data/training_masks/augmented_cards/aug_03847.png
aug_03848,b_5,project/training_data/training_masks/augmented_cards/aug_03848.png
aug_03849,b_6,project/training_data/training_masks/augmented_cards/aug_03849.png
aug_03850,r_6,project/training_data/training_masks/augmented_cards/aug_03850.png
aug_03851,b_4,project/training_data/training_masks/augmented_cards/aug_03851.png
aug_03852,g_4,project/training_data/training_masks/augmented_cards/aug_03852.png
aug_03853,r_5,project/training_data/training_masks/augmented_cards/aug_03853.png
aug_03854,r_4,project/training_data/training_masks/augmented_cards/aug_03854.png
aug_03855,y_6,project/training_data/training_masks/augmented_cards/aug_03855.png
aug_03856,y_4,project/training_data/training_masks/augmented_cards/aug_03856.png
aug_03857,y_5,project/training_data/training_masks/augmented_cards/aug_03857.png
aug_03858,b_9,project/training_data/training_masks/augmented_cards/aug_03858.png
aug_03859,g_7,project/training_data/training_masks/augmented_cards/aug_03859.png
aug_03860,r_9,project/training_data/training_masks/augmented_cards/aug_03860.png
aug_03861,r_8,project/training_data/training_masks/augmented_cards/aug_03861.png
aug_03862,b_7,project/training_data/training_masks/augmented_cards/aug_03862.png
aug_03863,wild,project/training_data/training_masks/augmented_cards/aug_03863.png
aug_03864,g_9,project/training_data/training_masks/augmented_cards/aug_03864.png
aug_03865,g_8,project/training_data/training_masks/augmented_cards/aug_03865.png
aug_03866,b_8,project/training_data/training_masks/augmented_cards/aug_03866.png
aug_03867,draw_4,project/training_data/training_masks/augmented_cards/aug_03867.png
aug_03868,r_7,project/training_data/training_masks/augmented_cards/aug_03868.png
aug_03869,y_9,project/training_data/training_masks/augmented_cards/aug_03869.png
aug_03870,y_7,project/training_data/training_masks/augmented_cards/aug_03870.png
aug_03871,y_8,project/training_data/training_masks/augmented_cards/aug_03871.png
aug_03872,g_skip,project/training_data/training_masks/augmented_cards/aug_03872.png
aug_03873,g_reverse,project/training_data/training_masks/augmented_cards/aug_03873.png
aug_03874,b_reverse,project/training_data/training_masks/augmented_cards/aug_03874.png
aug_03875,b_0,project/training_data/training_masks/augmented_cards/aug_03875.png
aug_03876,b_skip,project/training_data/training_masks/augmented_cards/aug_03876.png
aug_03877,r_skip,project/training_data/training_masks/augmented_cards/aug_03877.png
aug_03878,g_0,project/training_data/training_masks/augmented_cards/aug_03878.png
aug_03879,r_reverse,project/training_data/training_masks/augmented_cards/aug_03879.png
aug_03880,r_0,project/training_data/training_masks/augmented_cards/aug_03880.png
aug_03881,b_draw_2,project/training_data/training_masks/augmented_cards/aug_03881.png
aug_03882,r_draw_2,project/training_data/training_masks/augmented_cards/aug_03882.png
aug_03883,y_skip,project/training_data/training_masks/augmented_cards/aug_03883.png
aug_03884,y_reverse,project/training_data/training_masks/augmented_cards/aug_03884.png
aug_03885,y_0,project/training_data/training_masks/augmented_cards/aug_03885.png
aug_03886,g_draw_2,project/training_data/training_masks/augmented_cards/aug_03886.png
aug_03887,y_draw_2,project/training_data/training_masks/augmented_cards/aug_03887.png
aug_03888,b_3,project/training_data/training_masks/augmented_cards/aug_03888.png
aug_03889,b_2,project/training_data/training_masks/augmented_cards/aug_03889.png
aug_03890,g_3,project/training_data/training_masks/augmented_cards/aug_03890.png
aug_03891,r_3,project/training_data/training_masks/augmented_cards/aug_03891.png
aug_03892,g_2,project/training_data/training_masks/augmented_cards/aug_03892.png
aug_03893,g_1,project/training_data/training_masks/augmented_cards/aug_03893.png
aug_03894,b_1,project/training_data/training_masks/augmented_cards/aug_03894.png
aug_03895,r_2,project/training_data/training_masks/augmented_cards/aug_03895.png
aug_03896,y_3,project/training_data/training_masks/augmented_cards/aug_03896.png
aug_03897,r_1,project/training_data/training_masks/augmented_cards/aug_03897.png
aug_03898,y_2,project/training_data/training_masks/augmented_cards/aug_03898.png
aug_03899,y_1,project/training_data/training_masks/augmented_cards/aug_03899.png
aug_03900,g_6,project/training_data/training_masks/augmented_cards/aug_03900.png
aug_03901,g_5,project/training_data/training_masks/augmented_cards/aug_03901.png
aug_03902,b_5,project/training_data/training_masks/augmented_cards/aug_03902.png
aug_03903,b_6,project/training_data/training_masks/augmented_cards/aug_03903.png
aug_03904,r_6,project/training_data/training_masks/augmented_cards/aug_03904.png
aug_03905,b_4,project/training_data/training_masks/augmented_cards/aug_03905.png
aug_03906,g_4,project/training_data/training_masks/augmented_cards/aug_03906.png
aug_03907,r_5,project/training_data/training_masks/augmented_cards/aug_03907.png
aug_03908,r_4,project/training_data/training_masks/augmented_cards/aug_03908.png
aug_03909,y_6,project/training_data/training_masks/augmented_cards/aug_03909.png
aug_03910,y_4,project/training_data/training_masks/augmented_cards/aug_03910.png
aug_03911,y_5,project/training_data/training_masks/augmented_cards/aug_03911.png
aug_03912,b_9,project/training_data/training_masks/augmented_cards/aug_03912.png
aug_03913,g_7,project/training_data/training_masks/augmented_cards/aug_03913.png
aug_03914,r_9,project/training_data/training_masks/augmented_cards/aug_03914.png
aug_03915,r_8,project/training_data/training_masks/augmented_cards/aug_03915.png
aug_03916,b_7,project/training_data/training_masks/augmented_cards/aug_03916.png
aug_03917,wild,project/training_data/training_masks/augmented_cards/aug_03917.png
aug_03918,g_9,project/training_data/training_masks/augmented_cards/aug_03918.png
aug_03919,g_8,project/training_data/training_masks/augmented_cards/aug_03919.png
aug_03920,b_8,project/training_data/training_masks/augmented_cards/aug_03920.png
aug_03921,draw_4,project/training_data/training_masks/augmented_cards/aug_03921.png
aug_03922,r_7,project/training_data/training_masks/augmented_cards/aug_03922.png
aug_03923,y_9,project/training_data/training_masks/augmented_cards/aug_03923.png
aug_03924,y_7,project/training_data/training_masks/augmented_cards/aug_03924.png
aug_03925,y_8,project/training_data/training_masks/augmented_cards/aug_03925.png
aug_03926,g_skip,project/training_data/training_masks/augmented_cards/aug_03926.png
aug_03927,g_reverse,project/training_data/training_masks/augmented_cards/aug_03927.png
aug_03928,b_reverse,project/training_data/training_masks/augmented_cards/aug_03928.png
aug_03929,b_0,project/training_data/training_masks/augmented_cards/aug_03929.png
aug_03930,b_skip,project/training_data/training_masks/augmented_cards/aug_03930.png
aug_03931,r_skip,project/training_data/training_masks/augmented_cards/aug_03931.png
aug_03932,g_0,project/training_data/training_masks/augmented_cards/aug_03932.png
aug_03933,r_reverse,project/training_data/training_masks/augmented_cards/aug_03933.png
aug_03934,r_0,project/training_data/training_masks/augmented_cards/aug_03934.png
aug_03935,b_draw_2,project/training_data/training_masks/augmented_cards/aug_03935.png
aug_03936,r_draw_2,project/training_data/training_masks/augmented_cards/aug_03936.png
aug_03937,y_skip,project/training_data/training_masks/augmented_cards/aug_03937.png
aug_03938,y_reverse,project/training_data/training_masks/augmented_cards/aug_03938.png
aug_03939,y_0,project/training_data/training_masks/augmented_cards/aug_03939.png
aug_03940,g_draw_2,project/training_data/training_masks/augmented_cards/aug_03940.png
aug_03941,y_draw_2,project/training_data/training_masks/augmented_cards/aug_03941.png
aug_03942,b_3,project/training_data/training_masks/augmented_cards/aug_03942.png
aug_03943,b_2,project/training_data/training_masks/augmented_cards/aug_03943.png
aug_03944,g_3,project/training_data/training_masks/augmented_cards/aug_03944.png
aug_03945,r_3,project/training_data/training_masks/augmented_cards/aug_03945.png
aug_03946,g_2,project/training_data/training_masks/augmented_cards/aug_03946.png
aug_03947,g_1,project/training_data/training_masks/augmented_cards/aug_03947.png
aug_03948,b_1,project/training_data/training_masks/augmented_cards/aug_03948.png
aug_03949,r_2,project/training_data/training_masks/augmented_cards/aug_03949.png
aug_03950,y_3,project/training_data/training_masks/augmented_cards/aug_03950.png
aug_03951,r_1,project/training_data/training_masks/augmented_cards/aug_03951.png
aug_03952,y_2,project/training_data/training_masks/augmented_cards/aug_03952.png
aug_03953,y_1,project/training_data/training_masks/augmented_cards/aug_03953.png
aug_03954,g_6,project/training_data/training_masks/augmented_cards/aug_03954.png
aug_03955,g_5,project/training_data/training_masks/augmented_cards/aug_03955.png
aug_03956,b_5,project/training_data/training_masks/augmented_cards/aug_03956.png
aug_03957,b_6,project/training_data/training_masks/augmented_cards/aug_03957.png
aug_03958,r_6,project/training_data/training_masks/augmented_cards/aug_03958.png
aug_03959,b_4,project/training_data/training_masks/augmented_cards/aug_03959.png
aug_03960,g_4,project/training_data/training_masks/augmented_cards/aug_03960.png
aug_03961,r_5,project/training_data/training_masks/augmented_cards/aug_03961.png
aug_03962,r_4,project/training_data/training_masks/augmented_cards/aug_03962.png
aug_03963,y_6,project/training_data/training_masks/augmented_cards/aug_03963.png
aug_03964,y_4,project/training_data/training_masks/augmented_cards/aug_03964.png
aug_03965,y_5,project/training_data/training_masks/augmented_cards/aug_03965.png
aug_03966,b_9,project/training_data/training_masks/augmented_cards/aug_03966.png
aug_03967,g_7,project/training_data/training_masks/augmented_cards/aug_03967.png
aug_03968,r_9,project/training_data/training_masks/augmented_cards/aug_03968.png
aug_03969,r_8,project/training_data/training_masks/augmented_cards/aug_03969.png
aug_03970,b_7,project/training_data/training_masks/augmented_cards/aug_03970.png
aug_03971,wild,project/training_data/training_masks/augmented_cards/aug_03971.png
aug_03972,g_9,project/training_data/training_masks/augmented_cards/aug_03972.png
aug_03973,g_8,project/training_data/training_masks/augmented_cards/aug_03973.png
aug_03974,b_8,project/training_data/training_masks/augmented_cards/aug_03974.png
aug_03975,draw_4,project/training_data/training_masks/augmented_cards/aug_03975.png
aug_03976,r_7,project/training_data/training_masks/augmented_cards/aug_03976.png
aug_03977,y_9,project/training_data/training_masks/augmented_cards/aug_03977.png
aug_03978,y_7,project/training_data/training_masks/augmented_cards/aug_03978.png
aug_03979,y_8,project/training_data/training_masks/augmented_cards/aug_03979.png
aug_03980,g_skip,project/training_data/training_masks/augmented_cards/aug_03980.png
aug_03981,g_reverse,project/training_data/training_masks/augmented_cards/aug_03981.png
aug_03982,b_reverse,project/training_data/training_masks/augmented_cards/aug_03982.png
aug_03983,b_0,project/training_data/training_masks/augmented_cards/aug_03983.png
aug_03984,b_skip,project/training_data/training_masks/augmented_cards/aug_03984.png
aug_03985,r_skip,project/training_data/training_masks/augmented_cards/aug_03985.png
aug_03986,g_0,project/training_data/training_masks/augmented_cards/aug_03986.png
aug_03987,r_reverse,project/training_data/training_masks/augmented_cards/aug_03987.png
aug_03988,r_0,project/training_data/training_masks/augmented_cards/aug_03988.png
aug_03989,b_draw_2,project/training_data/training_masks/augmented_cards/aug_03989.png
aug_03990,r_draw_2,project/training_data/training_masks/augmented_cards/aug_03990.png
aug_03991,y_skip,project/training_data/training_masks/augmented_cards/aug_03991.png
aug_03992,y_reverse,project/training_data/training_masks/augmented_cards/aug_03992.png
aug_03993,y_0,project/training_data/training_masks/augmented_cards/aug_03993.png
aug_03994,g_draw_2,project/training_data/training_masks/augmented_cards/aug_03994.png
aug_03995,y_draw_2,project/training_data/training_masks/augmented_cards/aug_03995.png
aug_03996,b_3,project/training_data/training_masks/augmented_cards/aug_03996.png
aug_03997,b_2,project/training_data/training_masks/augmented_cards/aug_03997.png
aug_03998,g_3,project/training_data/training_masks/augmented_cards/aug_03998.png
aug_03999,r_3,project/training_data/training_masks/augmented_cards/aug_03999.png
aug_04000,g_2,project/training_data/training_masks/augmented_cards/aug_04000.png
aug_04001,g_1,project/training_data/training_masks/augmented_cards/aug_04001.png
aug_04002,b_1,project/training_data/training_masks/augmented_cards/aug_04002.png
aug_04003,r_2,project/training_data/training_masks/augmented_cards/aug_04003.png
aug_04004,y_3,project/training_data/training_masks/augmented_cards/aug_04004.png
aug_04005,r_1,project/training_data/training_masks/augmented_cards/aug_04005.png
aug_04006,y_2,project/training_data/training_masks/augmented_cards/aug_04006.png
aug_04007,y_1,project/training_data/training_masks/augmented_cards/aug_04007.png
aug_04008,g_6,project/training_data/training_masks/augmented_cards/aug_04008.png
aug_04009,g_5,project/training_data/training_masks/augmented_cards/aug_04009.png
aug_04010,b_5,project/training_data/training_masks/augmented_cards/aug_04010.png
aug_04011,b_6,project/training_data/training_masks/augmented_cards/aug_04011.png
aug_04012,r_6,project/training_data/training_masks/augmented_cards/aug_04012.png
aug_04013,b_4,project/training_data/training_masks/augmented_cards/aug_04013.png
aug_04014,g_4,project/training_data/training_masks/augmented_cards/aug_04014.png
aug_04015,r_5,project/training_data/training_masks/augmented_cards/aug_04015.png
aug_04016,r_4,project/training_data/training_masks/augmented_cards/aug_04016.png
aug_04017,y_6,project/training_data/training_masks/augmented_cards/aug_04017.png
aug_04018,y_4,project/training_data/training_masks/augmented_cards/aug_04018.png
aug_04019,y_5,project/training_data/training_masks/augmented_cards/aug_04019.png
aug_04020,b_9,project/training_data/training_masks/augmented_cards/aug_04020.png
aug_04021,g_7,project/training_data/training_masks/augmented_cards/aug_04021.png
aug_04022,r_9,project/training_data/training_masks/augmented_cards/aug_04022.png
aug_04023,r_8,project/training_data/training_masks/augmented_cards/aug_04023.png
aug_04024,b_7,project/training_data/training_masks/augmented_cards/aug_04024.png
aug_04025,wild,project/training_data/training_masks/augmented_cards/aug_04025.png
aug_04026,g_9,project/training_data/training_masks/augmented_cards/aug_04026.png
aug_04027,g_8,project/training_data/training_masks/augmented_cards/aug_04027.png
aug_04028,b_8,project/training_data/training_masks/augmented_cards/aug_04028.png
aug_04029,draw_4,project/training_data/training_masks/augmented_cards/aug_04029.png
aug_04030,r_7,project/training_data/training_masks/augmented_cards/aug_04030.png
aug_04031,y_9,project/training_data/training_masks/augmented_cards/aug_04031.png
aug_04032,y_7,project/training_data/training_masks/augmented_cards/aug_04032.png
aug_04033,y_8,project/training_data/training_masks/augmented_cards/aug_04033.png
aug_04034,g_skip,project/training_data/training_masks/augmented_cards/aug_04034.png
aug_04035,g_reverse,project/training_data/training_masks/augmented_cards/aug_04035.png
aug_04036,b_reverse,project/training_data/training_masks/augmented_cards/aug_04036.png
aug_04037,b_0,project/training_data/training_masks/augmented_cards/aug_04037.png
aug_04038,b_skip,project/training_data/training_masks/augmented_cards/aug_04038.png
aug_04039,r_skip,project/training_data/training_masks/augmented_cards/aug_04039.png
aug_04040,g_0,project/training_data/training_masks/augmented_cards/aug_04040.png
aug_04041,r_reverse,project/training_data/training_masks/augmented_cards/aug_04041.png
aug_04042,r_0,project/training_data/training_masks/augmented_cards/aug_04042.png
aug_04043,b_draw_2,project/training_data/training_masks/augmented_cards/aug_04043.png
aug_04044,r_draw_2,project/training_data/training_masks/augmented_cards/aug_04044.png
aug_04045,y_skip,project/training_data/training_masks/augmented_cards/aug_04045.png
aug_04046,y_reverse,project/training_data/training_masks/augmented_cards/aug_04046.png
aug_04047,y_0,project/training_data/training_masks/augmented_cards/aug_04047.png
aug_04048,g_draw_2,project/training_data/training_masks/augmented_cards/aug_04048.png
aug_04049,y_draw_2,project/training_data/training_masks/augmented_cards/aug_04049.png
aug_04050,b_3,project/training_data/training_masks/augmented_cards/aug_04050.png
aug_04051,b_2,project/training_data/training_masks/augmented_cards/aug_04051.png
aug_04052,g_3,project/training_data/training_masks/augmented_cards/aug_04052.png
aug_04053,r_3,project/training_data/training_masks/augmented_cards/aug_04053.png
aug_04054,g_2,project/training_data/training_masks/augmented_cards/aug_04054.png
aug_04055,g_1,project/training_data/training_masks/augmented_cards/aug_04055.png
aug_04056,b_1,project/training_data/training_masks/augmented_cards/aug_04056.png
aug_04057,r_2,project/training_data/training_masks/augmented_cards/aug_04057.png
aug_04058,y_3,project/training_data/training_masks/augmented_cards/aug_04058.png
aug_04059,r_1,project/training_data/training_masks/augmented_cards/aug_04059.png
aug_04060,y_2,project/training_data/training_masks/augmented_cards/aug_04060.png
aug_04061,y_1,project/training_data/training_masks/augmented_cards/aug_04061.png
aug_04062,g_6,project/training_data/training_masks/augmented_cards/aug_04062.png
aug_04063,g_5,project/training_data/training_masks/augmented_cards/aug_04063.png
aug_04064,b_5,project/training_data/training_masks/augmented_cards/aug_04064.png
aug_04065,b_6,project/training_data/training_masks/augmented_cards/aug_04065.png
aug_04066,r_6,project/training_data/training_masks/augmented_cards/aug_04066.png
aug_04067,b_4,project/training_data/training_masks/augmented_cards/aug_04067.png
aug_04068,g_4,project/training_data/training_masks/augmented_cards/aug_04068.png
aug_04069,r_5,project/training_data/training_masks/augmented_cards/aug_04069.png
aug_04070,r_4,project/training_data/training_masks/augmented_cards/aug_04070.png
aug_04071,y_6,project/training_data/training_masks/augmented_cards/aug_04071.png
aug_04072,y_4,project/training_data/training_masks/augmented_cards/aug_04072.png
aug_04073,y_5,project/training_data/training_masks/augmented_cards/aug_04073.png
aug_04074,b_9,project/training_data/training_masks/augmented_cards/aug_04074.png
aug_04075,g_7,project/training_data/training_masks/augmented_cards/aug_04075.png
aug_04076,r_9,project/training_data/training_masks/augmented_cards/aug_04076.png
aug_04077,r_8,project/training_data/training_masks/augmented_cards/aug_04077.png
aug_04078,b_7,project/training_data/training_masks/augmented_cards/aug_04078.png
aug_04079,wild,project/training_data/training_masks/augmented_cards/aug_04079.png
aug_04080,g_9,project/training_data/training_masks/augmented_cards/aug_04080.png
aug_04081,g_8,project/training_data/training_masks/augmented_cards/aug_04081.png
aug_04082,b_8,project/training_data/training_masks/augmented_cards/aug_04082.png
aug_04083,draw_4,project/training_data/training_masks/augmented_cards/aug_04083.png
aug_04084,r_7,project/training_data/training_masks/augmented_cards/aug_04084.png
aug_04085,y_9,project/training_data/training_masks/augmented_cards/aug_04085.png
aug_04086,y_7,project/training_data/training_masks/augmented_cards/aug_04086.png
aug_04087,y_8,project/training_data/training_masks/augmented_cards/aug_04087.png
aug_04088,g_skip,project/training_data/training_masks/augmented_cards/aug_04088.png
aug_04089,g_reverse,project/training_data/training_masks/augmented_cards/aug_04089.png
aug_04090,b_reverse,project/training_data/training_masks/augmented_cards/aug_04090.png
aug_04091,b_0,project/training_data/training_masks/augmented_cards/aug_04091.png
aug_04092,b_skip,project/training_data/training_masks/augmented_cards/aug_04092.png
aug_04093,r_skip,project/training_data/training_masks/augmented_cards/aug_04093.png
aug_04094,g_0,project/training_data/training_masks/augmented_cards/aug_04094.png
aug_04095,r_reverse,project/training_data/training_masks/augmented_cards/aug_04095.png
aug_04096,r_0,project/training_data/training_masks/augmented_cards/aug_04096.png
aug_04097,b_draw_2,project/training_data/training_masks/augmented_cards/aug_04097.png
aug_04098,r_draw_2,project/training_data/training_masks/augmented_cards/aug_04098.png
aug_04099,y_skip,project/training_data/training_masks/augmented_cards/aug_04099.png
aug_04100,y_reverse,project/training_data/training_masks/augmented_cards/aug_04100.png
aug_04101,y_0,project/training_data/training_masks/augmented_cards/aug_04101.png
aug_04102,g_draw_2,project/training_data/training_masks/augmented_cards/aug_04102.png
aug_04103,y_draw_2,project/training_data/training_masks/augmented_cards/aug_04103.png
aug_04104,b_3,project/training_data/training_masks/augmented_cards/aug_04104.png
aug_04105,b_2,project/training_data/training_masks/augmented_cards/aug_04105.png
aug_04106,g_3,project/training_data/training_masks/augmented_cards/aug_04106.png
aug_04107,r_3,project/training_data/training_masks/augmented_cards/aug_04107.png
aug_04108,g_2,project/training_data/training_masks/augmented_cards/aug_04108.png
aug_04109,g_1,project/training_data/training_masks/augmented_cards/aug_04109.png
aug_04110,b_1,project/training_data/training_masks/augmented_cards/aug_04110.png
aug_04111,r_2,project/training_data/training_masks/augmented_cards/aug_04111.png
aug_04112,y_3,project/training_data/training_masks/augmented_cards/aug_04112.png
aug_04113,r_1,project/training_data/training_masks/augmented_cards/aug_04113.png
aug_04114,y_2,project/training_data/training_masks/augmented_cards/aug_04114.png
aug_04115,y_1,project/training_data/training_masks/augmented_cards/aug_04115.png
aug_04116,g_6,project/training_data/training_masks/augmented_cards/aug_04116.png
aug_04117,g_5,project/training_data/training_masks/augmented_cards/aug_04117.png
aug_04118,b_5,project/training_data/training_masks/augmented_cards/aug_04118.png
aug_04119,b_6,project/training_data/training_masks/augmented_cards/aug_04119.png
aug_04120,r_6,project/training_data/training_masks/augmented_cards/aug_04120.png
aug_04121,b_4,project/training_data/training_masks/augmented_cards/aug_04121.png
aug_04122,g_4,project/training_data/training_masks/augmented_cards/aug_04122.png
aug_04123,r_5,project/training_data/training_masks/augmented_cards/aug_04123.png
aug_04124,r_4,project/training_data/training_masks/augmented_cards/aug_04124.png
aug_04125,y_6,project/training_data/training_masks/augmented_cards/aug_04125.png
aug_04126,y_4,project/training_data/training_masks/augmented_cards/aug_04126.png
aug_04127,y_5,project/training_data/training_masks/augmented_cards/aug_04127.png
aug_04128,b_9,project/training_data/training_masks/augmented_cards/aug_04128.png
aug_04129,g_7,project/training_data/training_masks/augmented_cards/aug_04129.png
aug_04130,r_9,project/training_data/training_masks/augmented_cards/aug_04130.png
aug_04131,r_8,project/training_data/training_masks/augmented_cards/aug_04131.png
aug_04132,b_7,project/training_data/training_masks/augmented_cards/aug_04132.png
aug_04133,wild,project/training_data/training_masks/augmented_cards/aug_04133.png
aug_04134,g_9,project/training_data/training_masks/augmented_cards/aug_04134.png
aug_04135,g_8,project/training_data/training_masks/augmented_cards/aug_04135.png
aug_04136,b_8,project/training_data/training_masks/augmented_cards/aug_04136.png
aug_04137,draw_4,project/training_data/training_masks/augmented_cards/aug_04137.png
aug_04138,r_7,project/training_data/training_masks/augmented_cards/aug_04138.png
aug_04139,y_9,project/training_data/training_masks/augmented_cards/aug_04139.png
aug_04140,y_7,project/training_data/training_masks/augmented_cards/aug_04140.png
aug_04141,y_8,project/training_data/training_masks/augmented_cards/aug_04141.png
aug_04142,g_skip,project/training_data/training_masks/augmented_cards/aug_04142.png
aug_04143,g_reverse,project/training_data/training_masks/augmented_cards/aug_04143.png
aug_04144,b_reverse,project/training_data/training_masks/augmented_cards/aug_04144.png
aug_04145,b_0,project/training_data/training_masks/augmented_cards/aug_04145.png
aug_04146,b_skip,project/training_data/training_masks/augmented_cards/aug_04146.png
aug_04147,r_skip,project/training_data/training_masks/augmented_cards/aug_04147.png
aug_04148,g_0,project/training_data/training_masks/augmented_cards/aug_04148.png
aug_04149,r_reverse,project/training_data/training_masks/augmented_cards/aug_04149.png
aug_04150,r_0,project/training_data/training_masks/augmented_cards/aug_04150.png
aug_04151,b_draw_2,project/training_data/training_masks/augmented_cards/aug_04151.png
aug_04152,r_draw_2,project/training_data/training_masks/augmented_cards/aug_04152.png
aug_04153,y_skip,project/training_data/training_masks/augmented_cards/aug_04153.png
aug_04154,y_reverse,project/training_data/training_masks/augmented_cards/aug_04154.png
aug_04155,y_0,project/training_data/training_masks/augmented_cards/aug_04155.png
aug_04156,g_draw_2,project/training_data/training_masks/augmented_cards/aug_04156.png
aug_04157,y_draw_2,project/training_data/training_masks/augmented_cards/aug_04157.png
aug_04158,b_3,project/training_data/training_masks/augmented_cards/aug_04158.png
aug_04159,b_2,project/training_data/training_masks/augmented_cards/aug_04159.png
aug_04160,g_3,project/training_data/training_masks/augmented_cards/aug_04160.png
aug_04161,r_3,project/training_data/training_masks/augmented_cards/aug_04161.png
aug_04162,g_2,project/training_data/training_masks/augmented_cards/aug_04162.png
aug_04163,g_1,project/training_data/training_masks/augmented_cards/aug_04163.png
aug_04164,b_1,project/training_data/training_masks/augmented_cards/aug_04164.png
aug_04165,r_2,project/training_data/training_masks/augmented_cards/aug_04165.png
aug_04166,y_3,project/training_data/training_masks/augmented_cards/aug_04166.png
aug_04167,r_1,project/training_data/training_masks/augmented_cards/aug_04167.png
aug_04168,y_2,project/training_data/training_masks/augmented_cards/aug_04168.png
aug_04169,y_1,project/training_data/training_masks/augmented_cards/aug_04169.png
aug_04170,g_6,project/training_data/training_masks/augmented_cards/aug_04170.png
aug_04171,g_5,project/training_data/training_masks/augmented_cards/aug_04171.png
aug_04172,b_5,project/training_data/training_masks/augmented_cards/aug_04172.png
aug_04173,b_6,project/training_data/training_masks/augmented_cards/aug_04173.png
aug_04174,r_6,project/training_data/training_masks/augmented_cards/aug_04174.png
aug_04175,b_4,project/training_data/training_masks/augmented_cards/aug_04175.png
aug_04176,g_4,project/training_data/training_masks/augmented_cards/aug_04176.png
aug_04177,r_5,project/training_data/training_masks/augmented_cards/aug_04177.png
aug_04178,r_4,project/training_data/training_masks/augmented_cards/aug_04178.png
aug_04179,y_6,project/training_data/training_masks/augmented_cards/aug_04179.png
aug_04180,y_4,project/training_data/training_masks/augmented_cards/aug_04180.png
aug_04181,y_5,project/training_data/training_masks/augmented_cards/aug_04181.png
aug_04182,b_9,project/training_data/training_masks/augmented_cards/aug_04182.png
aug_04183,g_7,project/training_data/training_masks/augmented_cards/aug_04183.png
aug_04184,r_9,project/training_data/training_masks/augmented_cards/aug_04184.png
aug_04185,r_8,project/training_data/training_masks/augmented_cards/aug_04185.png
aug_04186,b_7,project/training_data/training_masks/augmented_cards/aug_04186.png
aug_04187,wild,project/training_data/training_masks/augmented_cards/aug_04187.png
aug_04188,g_9,project/training_data/training_masks/augmented_cards/aug_04188.png
aug_04189,g_8,project/training_data/training_masks/augmented_cards/aug_04189.png
aug_04190,b_8,project/training_data/training_masks/augmented_cards/aug_04190.png
aug_04191,draw_4,project/training_data/training_masks/augmented_cards/aug_04191.png
aug_04192,r_7,project/training_data/training_masks/augmented_cards/aug_04192.png
aug_04193,y_9,project/training_data/training_masks/augmented_cards/aug_04193.png
aug_04194,y_7,project/training_data/training_masks/augmented_cards/aug_04194.png
aug_04195,y_8,project/training_data/training_masks/augmented_cards/aug_04195.png
aug_04196,g_skip,project/training_data/training_masks/augmented_cards/aug_04196.png
aug_04197,g_reverse,project/training_data/training_masks/augmented_cards/aug_04197.png
aug_04198,b_reverse,project/training_data/training_masks/augmented_cards/aug_04198.png
aug_04199,b_0,project/training_data/training_masks/augmented_cards/aug_04199.png
aug_04200,b_skip,project/training_data/training_masks/augmented_cards/aug_04200.png
aug_04201,r_skip,project/training_data/training_masks/augmented_cards/aug_04201.png
aug_04202,g_0,project/training_data/training_masks/augmented_cards/aug_04202.png
aug_04203,r_reverse,project/training_data/training_masks/augmented_cards/aug_04203.png
aug_04204,r_0,project/training_data/training_masks/augmented_cards/aug_04204.png
aug_04205,b_draw_2,project/training_data/training_masks/augmented_cards/aug_04205.png
aug_04206,r_draw_2,project/training_data/training_masks/augmented_cards/aug_04206.png
aug_04207,y_skip,project/training_data/training_masks/augmented_cards/aug_04207.png
aug_04208,y_reverse,project/training_data/training_masks/augmented_cards/aug_04208.png
aug_04209,y_0,project/training_data/training_masks/augmented_cards/aug_04209.png
aug_04210,g_draw_2,project/training_data/training_masks/augmented_cards/aug_04210.png
aug_04211,y_draw_2,project/training_data/training_masks/augmented_cards/aug_04211.png
aug_04212,b_3,project/training_data/training_masks/augmented_cards/aug_04212.png
aug_04213,b_2,project/training_data/training_masks/augmented_cards/aug_04213.png
aug_04214,g_3,project/training_data/training_masks/augmented_cards/aug_04214.png
aug_04215,r_3,project/training_data/training_masks/augmented_cards/aug_04215.png
aug_04216,g_2,project/training_data/training_masks/augmented_cards/aug_04216.png
aug_04217,g_1,project/training_data/training_masks/augmented_cards/aug_04217.png
aug_04218,b_1,project/training_data/training_masks/augmented_cards/aug_04218.png
aug_04219,r_2,project/training_data/training_masks/augmented_cards/aug_04219.png
aug_04220,y_3,project/training_data/training_masks/augmented_cards/aug_04220.png
aug_04221,r_1,project/training_data/training_masks/augmented_cards/aug_04221.png
aug_04222,y_2,project/training_data/training_masks/augmented_cards/aug_04222.png
aug_04223,y_1,project/training_data/training_masks/augmented_cards/aug_04223.png
aug_04224,g_6,project/training_data/training_masks/augmented_cards/aug_04224.png
aug_04225,g_5,project/training_data/training_masks/augmented_cards/aug_04225.png
aug_04226,b_5,project/training_data/training_masks/augmented_cards/aug_04226.png
aug_04227,b_6,project/training_data/training_masks/augmented_cards/aug_04227.png
aug_04228,r_6,project/training_data/training_masks/augmented_cards/aug_04228.png
aug_04229,b_4,project/training_data/training_masks/augmented_cards/aug_04229.png
aug_04230,g_4,project/training_data/training_masks/augmented_cards/aug_04230.png
aug_04231,r_5,project/training_data/training_masks/augmented_cards/aug_04231.png
aug_04232,r_4,project/training_data/training_masks/augmented_cards/aug_04232.png
aug_04233,y_6,project/training_data/training_masks/augmented_cards/aug_04233.png
aug_04234,y_4,project/training_data/training_masks/augmented_cards/aug_04234.png
aug_04235,y_5,project/training_data/training_masks/augmented_cards/aug_04235.png
aug_04236,b_9,project/training_data/training_masks/augmented_cards/aug_04236.png
aug_04237,g_7,project/training_data/training_masks/augmented_cards/aug_04237.png
aug_04238,r_9,project/training_data/training_masks/augmented_cards/aug_04238.png
aug_04239,r_8,project/training_data/training_masks/augmented_cards/aug_04239.png
aug_04240,b_7,project/training_data/training_masks/augmented_cards/aug_04240.png
aug_04241,wild,project/training_data/training_masks/augmented_cards/aug_04241.png
aug_04242,g_9,project/training_data/training_masks/augmented_cards/aug_04242.png
aug_04243,g_8,project/training_data/training_masks/augmented_cards/aug_04243.png
aug_04244,b_8,project/training_data/training_masks/augmented_cards/aug_04244.png
aug_04245,draw_4,project/training_data/training_masks/augmented_cards/aug_04245.png
aug_04246,r_7,project/training_data/training_masks/augmented_cards/aug_04246.png
aug_04247,y_9,project/training_data/training_masks/augmented_cards/aug_04247.png
aug_04248,y_7,project/training_data/training_masks/augmented_cards/aug_04248.png
aug_04249,y_8,project/training_data/training_masks/augmented_cards/aug_04249.png
aug_04250,g_skip,project/training_data/training_masks/augmented_cards/aug_04250.png
aug_04251,g_reverse,project/training_data/training_masks/augmented_cards/aug_04251.png
aug_04252,b_reverse,project/training_data/training_masks/augmented_cards/aug_04252.png
aug_04253,b_0,project/training_data/training_masks/augmented_cards/aug_04253.png
aug_04254,b_skip,project/training_data/training_masks/augmented_cards/aug_04254.png
aug_04255,r_skip,project/training_data/training_masks/augmented_cards/aug_04255.png
aug_04256,g_0,project/training_data/training_masks/augmented_cards/aug_04256.png
aug_04257,r_reverse,project/training_data/training_masks/augmented_cards/aug_04257.png
aug_04258,r_0,project/training_data/training_masks/augmented_cards/aug_04258.png
aug_04259,b_draw_2,project/training_data/training_masks/augmented_cards/aug_04259.png
aug_04260,r_draw_2,project/training_data/training_masks/augmented_cards/aug_04260.png
aug_04261,y_skip,project/training_data/training_masks/augmented_cards/aug_04261.png
aug_04262,y_reverse,project/training_data/training_masks/augmented_cards/aug_04262.png
aug_04263,y_0,project/training_data/training_masks/augmented_cards/aug_04263.png
aug_04264,g_draw_2,project/training_data/training_masks/augmented_cards/aug_04264.png
aug_04265,y_draw_2,project/training_data/training_masks/augmented_cards/aug_04265.png
aug_04266,b_3,project/training_data/training_masks/augmented_cards/aug_04266.png
aug_04267,b_2,project/training_data/training_masks/augmented_cards/aug_04267.png
aug_04268,g_3,project/training_data/training_masks/augmented_cards/aug_04268.png
aug_04269,r_3,project/training_data/training_masks/augmented_cards/aug_04269.png
aug_04270,g_2,project/training_data/training_masks/augmented_cards/aug_04270.png
aug_04271,g_1,project/training_data/training_masks/augmented_cards/aug_04271.png
aug_04272,b_1,project/training_data/training_masks/augmented_cards/aug_04272.png
aug_04273,r_2,project/training_data/training_masks/augmented_cards/aug_04273.png
aug_04274,y_3,project/training_data/training_masks/augmented_cards/aug_04274.png
aug_04275,r_1,project/training_data/training_masks/augmented_cards/aug_04275.png
aug_04276,y_2,project/training_data/training_masks/augmented_cards/aug_04276.png
aug_04277,y_1,project/training_data/training_masks/augmented_cards/aug_04277.png
aug_04278,g_6,project/training_data/training_masks/augmented_cards/aug_04278.png
aug_04279,g_5,project/training_data/training_masks/augmented_cards/aug_04279.png
aug_04280,b_5,project/training_data/training_masks/augmented_cards/aug_04280.png
aug_04281,b_6,project/training_data/training_masks/augmented_cards/aug_04281.png
aug_04282,r_6,project/training_data/training_masks/augmented_cards/aug_04282.png
aug_04283,b_4,project/training_data/training_masks/augmented_cards/aug_04283.png
aug_04284,g_4,project/training_data/training_masks/augmented_cards/aug_04284.png
aug_04285,r_5,project/training_data/training_masks/augmented_cards/aug_04285.png
aug_04286,r_4,project/training_data/training_masks/augmented_cards/aug_04286.png
aug_04287,y_6,project/training_data/training_masks/augmented_cards/aug_04287.png
aug_04288,y_4,project/training_data/training_masks/augmented_cards/aug_04288.png
aug_04289,y_5,project/training_data/training_masks/augmented_cards/aug_04289.png
aug_04290,b_9,project/training_data/training_masks/augmented_cards/aug_04290.png
aug_04291,g_7,project/training_data/training_masks/augmented_cards/aug_04291.png
aug_04292,r_9,project/training_data/training_masks/augmented_cards/aug_04292.png
aug_04293,r_8,project/training_data/training_masks/augmented_cards/aug_04293.png
aug_04294,b_7,project/training_data/training_masks/augmented_cards/aug_04294.png
aug_04295,wild,project/training_data/training_masks/augmented_cards/aug_04295.png
aug_04296,g_9,project/training_data/training_masks/augmented_cards/aug_04296.png
aug_04297,g_8,project/training_data/training_masks/augmented_cards/aug_04297.png
aug_04298,b_8,project/training_data/training_masks/augmented_cards/aug_04298.png
aug_04299,draw_4,project/training_data/training_masks/augmented_cards/aug_04299.png
aug_04300,r_7,project/training_data/training_masks/augmented_cards/aug_04300.png
aug_04301,y_9,project/training_data/training_masks/augmented_cards/aug_04301.png
aug_04302,y_7,project/training_data/training_masks/augmented_cards/aug_04302.png
aug_04303,y_8,project/training_data/training_masks/augmented_cards/aug_04303.png
aug_04304,g_skip,project/training_data/training_masks/augmented_cards/aug_04304.png
aug_04305,g_reverse,project/training_data/training_masks/augmented_cards/aug_04305.png
aug_04306,b_reverse,project/training_data/training_masks/augmented_cards/aug_04306.png
aug_04307,b_0,project/training_data/training_masks/augmented_cards/aug_04307.png
aug_04308,b_skip,project/training_data/training_masks/augmented_cards/aug_04308.png
aug_04309,r_skip,project/training_data/training_masks/augmented_cards/aug_04309.png
aug_04310,g_0,project/training_data/training_masks/augmented_cards/aug_04310.png
aug_04311,r_reverse,project/training_data/training_masks/augmented_cards/aug_04311.png
aug_04312,r_0,project/training_data/training_masks/augmented_cards/aug_04312.png
aug_04313,b_draw_2,project/training_data/training_masks/augmented_cards/aug_04313.png
aug_04314,r_draw_2,project/training_data/training_masks/augmented_cards/aug_04314.png
aug_04315,y_skip,project/training_data/training_masks/augmented_cards/aug_04315.png
aug_04316,y_reverse,project/training_data/training_masks/augmented_cards/aug_04316.png
aug_04317,y_0,project/training_data/training_masks/augmented_cards/aug_04317.png
aug_04318,g_draw_2,project/training_data/training_masks/augmented_cards/aug_04318.png
aug_04319,y_draw_2,project/training_data/training_masks/augmented_cards/aug_04319.png
aug_04320,b_3,project/training_data/training_masks/augmented_cards/aug_04320.png
aug_04321,b_2,project/training_data/training_masks/augmented_cards/aug_04321.png
aug_04322,g_3,project/training_data/training_masks/augmented_cards/aug_04322.png
aug_04323,r_3,project/training_data/training_masks/augmented_cards/aug_04323.png
aug_04324,g_2,project/training_data/training_masks/augmented_cards/aug_04324.png
aug_04325,g_1,project/training_data/training_masks/augmented_cards/aug_04325.png
aug_04326,b_1,project/training_data/training_masks/augmented_cards/aug_04326.png
aug_04327,r_2,project/training_data/training_masks/augmented_cards/aug_04327.png
aug_04328,y_3,project/training_data/training_masks/augmented_cards/aug_04328.png
aug_04329,r_1,project/training_data/training_masks/augmented_cards/aug_04329.png
aug_04330,y_2,project/training_data/training_masks/augmented_cards/aug_04330.png
aug_04331,y_1,project/training_data/training_masks/augmented_cards/aug_04331.png
aug_04332,g_6,project/training_data/training_masks/augmented_cards/aug_04332.png
aug_04333,g_5,project/training_data/training_masks/augmented_cards/aug_04333.png
aug_04334,b_5,project/training_data/training_masks/augmented_cards/aug_04334.png
aug_04335,b_6,project/training_data/training_masks/augmented_cards/aug_04335.png
aug_04336,r_6,project/training_data/training_masks/augmented_cards/aug_04336.png
aug_04337,b_4,project/training_data/training_masks/augmented_cards/aug_04337.png
aug_04338,g_4,project/training_data/training_masks/augmented_cards/aug_04338.png
aug_04339,r_5,project/training_data/training_masks/augmented_cards/aug_04339.png
aug_04340,r_4,project/training_data/training_masks/augmented_cards/aug_04340.png
aug_04341,y_6,project/training_data/training_masks/augmented_cards/aug_04341.png
aug_04342,y_4,project/training_data/training_masks/augmented_cards/aug_04342.png
aug_04343,y_5,project/training_data/training_masks/augmented_cards/aug_04343.png
aug_04344,b_9,project/training_data/training_masks/augmented_cards/aug_04344.png
aug_04345,g_7,project/training_data/training_masks/augmented_cards/aug_04345.png
aug_04346,r_9,project/training_data/training_masks/augmented_cards/aug_04346.png
aug_04347,r_8,project/training_data/training_masks/augmented_cards/aug_04347.png
aug_04348,b_7,project/training_data/training_masks/augmented_cards/aug_04348.png
aug_04349,wild,project/training_data/training_masks/augmented_cards/aug_04349.png
aug_04350,g_9,project/training_data/training_masks/augmented_cards/aug_04350.png
aug_04351,g_8,project/training_data/training_masks/augmented_cards/aug_04351.png
aug_04352,b_8,project/training_data/training_masks/augmented_cards/aug_04352.png
aug_04353,draw_4,project/training_data/training_masks/augmented_cards/aug_04353.png
aug_04354,r_7,project/training_data/training_masks/augmented_cards/aug_04354.png
aug_04355,y_9,project/training_data/training_masks/augmented_cards/aug_04355.png
aug_04356,y_7,project/training_data/training_masks/augmented_cards/aug_04356.png
aug_04357,y_8,project/training_data/training_masks/augmented_cards/aug_04357.png
aug_04358,g_skip,project/training_data/training_masks/augmented_cards/aug_04358.png
aug_04359,g_reverse,project/training_data/training_masks/augmented_cards/aug_04359.png
aug_04360,b_reverse,project/training_data/training_masks/augmented_cards/aug_04360.png
aug_04361,b_0,project/training_data/training_masks/augmented_cards/aug_04361.png
aug_04362,b_skip,project/training_data/training_masks/augmented_cards/aug_04362.png
aug_04363,r_skip,project/training_data/training_masks/augmented_cards/aug_04363.png
aug_04364,g_0,project/training_data/training_masks/augmented_cards/aug_04364.png
aug_04365,r_reverse,project/training_data/training_masks/augmented_cards/aug_04365.png
aug_04366,r_0,project/training_data/training_masks/augmented_cards/aug_04366.png
aug_04367,b_draw_2,project/training_data/training_masks/augmented_cards/aug_04367.png
aug_04368,r_draw_2,project/training_data/training_masks/augmented_cards/aug_04368.png
aug_04369,y_skip,project/training_data/training_masks/augmented_cards/aug_04369.png
aug_04370,y_reverse,project/training_data/training_masks/augmented_cards/aug_04370.png
aug_04371,y_0,project/training_data/training_masks/augmented_cards/aug_04371.png
aug_04372,g_draw_2,project/training_data/training_masks/augmented_cards/aug_04372.png
aug_04373,y_draw_2,project/training_data/training_masks/augmented_cards/aug_04373.png
aug_04374,b_3,project/training_data/training_masks/augmented_cards/aug_04374.png
aug_04375,b_2,project/training_data/training_masks/augmented_cards/aug_04375.png
aug_04376,g_3,project/training_data/training_masks/augmented_cards/aug_04376.png
aug_04377,r_3,project/training_data/training_masks/augmented_cards/aug_04377.png
aug_04378,g_2,project/training_data/training_masks/augmented_cards/aug_04378.png
aug_04379,g_1,project/training_data/training_masks/augmented_cards/aug_04379.png
aug_04380,b_1,project/training_data/training_masks/augmented_cards/aug_04380.png
aug_04381,r_2,project/training_data/training_masks/augmented_cards/aug_04381.png
aug_04382,y_3,project/training_data/training_masks/augmented_cards/aug_04382.png
aug_04383,r_1,project/training_data/training_masks/augmented_cards/aug_04383.png
aug_04384,y_2,project/training_data/training_masks/augmented_cards/aug_04384.png
aug_04385,y_1,project/training_data/training_masks/augmented_cards/aug_04385.png
aug_04386,g_6,project/training_data/training_masks/augmented_cards/aug_04386.png
aug_04387,g_5,project/training_data/training_masks/augmented_cards/aug_04387.png
aug_04388,b_5,project/training_data/training_masks/augmented_cards/aug_04388.png
aug_04389,b_6,project/training_data/training_masks/augmented_cards/aug_04389.png
aug_04390,r_6,project/training_data/training_masks/augmented_cards/aug_04390.png
aug_04391,b_4,project/training_data/training_masks/augmented_cards/aug_04391.png
aug_04392,g_4,project/training_data/training_masks/augmented_cards/aug_04392.png
aug_04393,r_5,project/training_data/training_masks/augmented_cards/aug_04393.png
aug_04394,r_4,project/training_data/training_masks/augmented_cards/aug_04394.png
aug_04395,y_6,project/training_data/training_masks/augmented_cards/aug_04395.png
aug_04396,y_4,project/training_data/training_masks/augmented_cards/aug_04396.png
aug_04397,y_5,project/training_data/training_masks/augmented_cards/aug_04397.png
aug_04398,b_9,project/training_data/training_masks/augmented_cards/aug_04398.png
aug_04399,g_7,project/training_data/training_masks/augmented_cards/aug_04399.png
aug_04400,r_9,project/training_data/training_masks/augmented_cards/aug_04400.png
aug_04401,r_8,project/training_data/training_masks/augmented_cards/aug_04401.png
aug_04402,b_7,project/training_data/training_masks/augmented_cards/aug_04402.png
aug_04403,wild,project/training_data/training_masks/augmented_cards/aug_04403.png
aug_04404,g_9,project/training_data/training_masks/augmented_cards/aug_04404.png
aug_04405,g_8,project/training_data/training_masks/augmented_cards/aug_04405.png
aug_04406,b_8,project/training_data/training_masks/augmented_cards/aug_04406.png
aug_04407,draw_4,project/training_data/training_masks/augmented_cards/aug_04407.png
aug_04408,r_7,project/training_data/training_masks/augmented_cards/aug_04408.png
aug_04409,y_9,project/training_data/training_masks/augmented_cards/aug_04409.png
aug_04410,y_7,project/training_data/training_masks/augmented_cards/aug_04410.png
aug_04411,y_8,project/training_data/training_masks/augmented_cards/aug_04411.png
aug_04412,g_skip,project/training_data/training_masks/augmented_cards/aug_04412.png
aug_04413,g_reverse,project/training_data/training_masks/augmented_cards/aug_04413.png
aug_04414,b_reverse,project/training_data/training_masks/augmented_cards/aug_04414.png
aug_04415,b_0,project/training_data/training_masks/augmented_cards/aug_04415.png
aug_04416,b_skip,project/training_data/training_masks/augmented_cards/aug_04416.png
aug_04417,r_skip,project/training_data/training_masks/augmented_cards/aug_04417.png
aug_04418,g_0,project/training_data/training_masks/augmented_cards/aug_04418.png
aug_04419,r_reverse,project/training_data/training_masks/augmented_cards/aug_04419.png
aug_04420,r_0,project/training_data/training_masks/augmented_cards/aug_04420.png
aug_04421,b_draw_2,project/training_data/training_masks/augmented_cards/aug_04421.png
aug_04422,r_draw_2,project/training_data/training_masks/augmented_cards/aug_04422.png
aug_04423,y_skip,project/training_data/training_masks/augmented_cards/aug_04423.png
aug_04424,y_reverse,project/training_data/training_masks/augmented_cards/aug_04424.png
aug_04425,y_0,project/training_data/training_masks/augmented_cards/aug_04425.png
aug_04426,g_draw_2,project/training_data/training_masks/augmented_cards/aug_04426.png
aug_04427,y_draw_2,project/training_data/training_masks/augmented_cards/aug_04427.png
aug_04428,b_3,project/training_data/training_masks/augmented_cards/aug_04428.png
aug_04429,b_2,project/training_data/training_masks/augmented_cards/aug_04429.png
aug_04430,g_3,project/training_data/training_masks/augmented_cards/aug_04430.png
aug_04431,r_3,project/training_data/training_masks/augmented_cards/aug_04431.png
aug_04432,g_2,project/training_data/training_masks/augmented_cards/aug_04432.png
aug_04433,g_1,project/training_data/training_masks/augmented_cards/aug_04433.png
aug_04434,b_1,project/training_data/training_masks/augmented_cards/aug_04434.png
aug_04435,r_2,project/training_data/training_masks/augmented_cards/aug_04435.png
aug_04436,y_3,project/training_data/training_masks/augmented_cards/aug_04436.png
aug_04437,r_1,project/training_data/training_masks/augmented_cards/aug_04437.png
aug_04438,y_2,project/training_data/training_masks/augmented_cards/aug_04438.png
aug_04439,y_1,project/training_data/training_masks/augmented_cards/aug_04439.png
aug_04440,g_6,project/training_data/training_masks/augmented_cards/aug_04440.png
aug_04441,g_5,project/training_data/training_masks/augmented_cards/aug_04441.png
aug_04442,b_5,project/training_data/training_masks/augmented_cards/aug_04442.png
aug_04443,b_6,project/training_data/training_masks/augmented_cards/aug_04443.png
aug_04444,r_6,project/training_data/training_masks/augmented_cards/aug_04444.png
aug_04445,b_4,project/training_data/training_masks/augmented_cards/aug_04445.png
aug_04446,g_4,project/training_data/training_masks/augmented_cards/aug_04446.png
aug_04447,r_5,project/training_data/training_masks/augmented_cards/aug_04447.png
aug_04448,r_4,project/training_data/training_masks/augmented_cards/aug_04448.png
aug_04449,y_6,project/training_data/training_masks/augmented_cards/aug_04449.png
aug_04450,y_4,project/training_data/training_masks/augmented_cards/aug_04450.png
aug_04451,y_5,project/training_data/training_masks/augmented_cards/aug_04451.png
aug_04452,b_9,project/training_data/training_masks/augmented_cards/aug_04452.png
aug_04453,g_7,project/training_data/training_masks/augmented_cards/aug_04453.png
aug_04454,r_9,project/training_data/training_masks/augmented_cards/aug_04454.png
aug_04455,r_8,project/training_data/training_masks/augmented_cards/aug_04455.png
aug_04456,b_7,project/training_data/training_masks/augmented_cards/aug_04456.png
aug_04457,wild,project/training_data/training_masks/augmented_cards/aug_04457.png
aug_04458,g_9,project/training_data/training_masks/augmented_cards/aug_04458.png
aug_04459,g_8,project/training_data/training_masks/augmented_cards/aug_04459.png
aug_04460,b_8,project/training_data/training_masks/augmented_cards/aug_04460.png
aug_04461,draw_4,project/training_data/training_masks/augmented_cards/aug_04461.png
aug_04462,r_7,project/training_data/training_masks/augmented_cards/aug_04462.png
aug_04463,y_9,project/training_data/training_masks/augmented_cards/aug_04463.png
aug_04464,y_7,project/training_data/training_masks/augmented_cards/aug_04464.png
aug_04465,y_8,project/training_data/training_masks/augmented_cards/aug_04465.png
aug_04466,g_skip,project/training_data/training_masks/augmented_cards/aug_04466.png
aug_04467,g_reverse,project/training_data/training_masks/augmented_cards/aug_04467.png
aug_04468,b_reverse,project/training_data/training_masks/augmented_cards/aug_04468.png
aug_04469,b_0,project/training_data/training_masks/augmented_cards/aug_04469.png
aug_04470,b_skip,project/training_data/training_masks/augmented_cards/aug_04470.png
aug_04471,r_skip,project/training_data/training_masks/augmented_cards/aug_04471.png
aug_04472,g_0,project/training_data/training_masks/augmented_cards/aug_04472.png
aug_04473,r_reverse,project/training_data/training_masks/augmented_cards/aug_04473.png
aug_04474,r_0,project/training_data/training_masks/augmented_cards/aug_04474.png
aug_04475,b_draw_2,project/training_data/training_masks/augmented_cards/aug_04475.png
aug_04476,r_draw_2,project/training_data/training_masks/augmented_cards/aug_04476.png
aug_04477,y_skip,project/training_data/training_masks/augmented_cards/aug_04477.png
aug_04478,y_reverse,project/training_data/training_masks/augmented_cards/aug_04478.png
aug_04479,y_0,project/training_data/training_masks/augmented_cards/aug_04479.png
aug_04480,g_draw_2,project/training_data/training_masks/augmented_cards/aug_04480.png
aug_04481,y_draw_2,project/training_data/training_masks/augmented_cards/aug_04481.png
aug_04482,b_3,project/training_data/training_masks/augmented_cards/aug_04482.png
aug_04483,b_2,project/training_data/training_masks/augmented_cards/aug_04483.png
aug_04484,g_3,project/training_data/training_masks/augmented_cards/aug_04484.png
aug_04485,r_3,project/training_data/training_masks/augmented_cards/aug_04485.png
aug_04486,g_2,project/training_data/training_masks/augmented_cards/aug_04486.png
aug_04487,g_1,project/training_data/training_masks/augmented_cards/aug_04487.png
aug_04488,b_1,project/training_data/training_masks/augmented_cards/aug_04488.png
aug_04489,r_2,project/training_data/training_masks/augmented_cards/aug_04489.png
aug_04490,y_3,project/training_data/training_masks/augmented_cards/aug_04490.png
aug_04491,r_1,project/training_data/training_masks/augmented_cards/aug_04491.png
aug_04492,y_2,project/training_data/training_masks/augmented_cards/aug_04492.png
aug_04493,y_1,project/training_data/training_masks/augmented_cards/aug_04493.png
aug_04494,g_6,project/training_data/training_masks/augmented_cards/aug_04494.png
aug_04495,g_5,project/training_data/training_masks/augmented_cards/aug_04495.png
aug_04496,b_5,project/training_data/training_masks/augmented_cards/aug_04496.png
aug_04497,b_6,project/training_data/training_masks/augmented_cards/aug_04497.png
aug_04498,r_6,project/training_data/training_masks/augmented_cards/aug_04498.png
aug_04499,b_4,project/training_data/training_masks/augmented_cards/aug_04499.png
aug_04500,g_4,project/training_data/training_masks/augmented_cards/aug_04500.png
aug_04501,r_5,project/training_data/training_masks/augmented_cards/aug_04501.png
aug_04502,r_4,project/training_data/training_masks/augmented_cards/aug_04502.png
aug_04503,y_6,project/training_data/training_masks/augmented_cards/aug_04503.png
aug_04504,y_4,project/training_data/training_masks/augmented_cards/aug_04504.png
aug_04505,y_5,project/training_data/training_masks/augmented_cards/aug_04505.png
aug_04506,b_9,project/training_data/training_masks/augmented_cards/aug_04506.png
aug_04507,g_7,project/training_data/training_masks/augmented_cards/aug_04507.png
aug_04508,r_9,project/training_data/training_masks/augmented_cards/aug_04508.png
aug_04509,r_8,project/training_data/training_masks/augmented_cards/aug_04509.png
aug_04510,b_7,project/training_data/training_masks/augmented_cards/aug_04510.png
aug_04511,wild,project/training_data/training_masks/augmented_cards/aug_04511.png
aug_04512,g_9,project/training_data/training_masks/augmented_cards/aug_04512.png
aug_04513,g_8,project/training_data/training_masks/augmented_cards/aug_04513.png
aug_04514,b_8,project/training_data/training_masks/augmented_cards/aug_04514.png
aug_04515,draw_4,project/training_data/training_masks/augmented_cards/aug_04515.png
aug_04516,r_7,project/training_data/training_masks/augmented_cards/aug_04516.png
aug_04517,y_9,project/training_data/training_masks/augmented_cards/aug_04517.png
aug_04518,y_7,project/training_data/training_masks/augmented_cards/aug_04518.png
aug_04519,y_8,project/training_data/training_masks/augmented_cards/aug_04519.png
aug_04520,g_skip,project/training_data/training_masks/augmented_cards/aug_04520.png
aug_04521,g_reverse,project/training_data/training_masks/augmented_cards/aug_04521.png
aug_04522,b_reverse,project/training_data/training_masks/augmented_cards/aug_04522.png
aug_04523,b_0,project/training_data/training_masks/augmented_cards/aug_04523.png
aug_04524,b_skip,project/training_data/training_masks/augmented_cards/aug_04524.png
aug_04525,r_skip,project/training_data/training_masks/augmented_cards/aug_04525.png
aug_04526,g_0,project/training_data/training_masks/augmented_cards/aug_04526.png
aug_04527,r_reverse,project/training_data/training_masks/augmented_cards/aug_04527.png
aug_04528,r_0,project/training_data/training_masks/augmented_cards/aug_04528.png
aug_04529,b_draw_2,project/training_data/training_masks/augmented_cards/aug_04529.png
aug_04530,r_draw_2,project/training_data/training_masks/augmented_cards/aug_04530.png
aug_04531,y_skip,project/training_data/training_masks/augmented_cards/aug_04531.png
aug_04532,y_reverse,project/training_data/training_masks/augmented_cards/aug_04532.png
aug_04533,y_0,project/training_data/training_masks/augmented_cards/aug_04533.png
aug_04534,g_draw_2,project/training_data/training_masks/augmented_cards/aug_04534.png
aug_04535,y_draw_2,project/training_data/training_masks/augmented_cards/aug_04535.png
aug_04536,b_3,project/training_data/training_masks/augmented_cards/aug_04536.png
aug_04537,b_2,project/training_data/training_masks/augmented_cards/aug_04537.png
aug_04538,g_3,project/training_data/training_masks/augmented_cards/aug_04538.png
aug_04539,r_3,project/training_data/training_masks/augmented_cards/aug_04539.png
aug_04540,g_2,project/training_data/training_masks/augmented_cards/aug_04540.png
aug_04541,g_1,project/training_data/training_masks/augmented_cards/aug_04541.png
aug_04542,b_1,project/training_data/training_masks/augmented_cards/aug_04542.png
aug_04543,r_2,project/training_data/training_masks/augmented_cards/aug_04543.png
aug_04544,y_3,project/training_data/training_masks/augmented_cards/aug_04544.png
aug_04545,r_1,project/training_data/training_masks/augmented_cards/aug_04545.png
aug_04546,y_2,project/training_data/training_masks/augmented_cards/aug_04546.png
aug_04547,y_1,project/training_data/training_masks/augmented_cards/aug_04547.png
aug_04548,g_6,project/training_data/training_masks/augmented_cards/aug_04548.png
aug_04549,g_5,project/training_data/training_masks/augmented_cards/aug_04549.png
aug_04550,b_5,project/training_data/training_masks/augmented_cards/aug_04550.png
aug_04551,b_6,project/training_data/training_masks/augmented_cards/aug_04551.png
aug_04552,r_6,project/training_data/training_masks/augmented_cards/aug_04552.png
aug_04553,b_4,project/training_data/training_masks/augmented_cards/aug_04553.png
aug_04554,g_4,project/training_data/training_masks/augmented_cards/aug_04554.png
aug_04555,r_5,project/training_data/training_masks/augmented_cards/aug_04555.png
aug_04556,r_4,project/training_data/training_masks/augmented_cards/aug_04556.png
aug_04557,y_6,project/training_data/training_masks/augmented_cards/aug_04557.png
aug_04558,y_4,project/training_data/training_masks/augmented_cards/aug_04558.png
aug_04559,y_5,project/training_data/training_masks/augmented_cards/aug_04559.png
aug_04560,b_9,project/training_data/training_masks/augmented_cards/aug_04560.png
aug_04561,g_7,project/training_data/training_masks/augmented_cards/aug_04561.png
aug_04562,r_9,project/training_data/training_masks/augmented_cards/aug_04562.png
aug_04563,r_8,project/training_data/training_masks/augmented_cards/aug_04563.png
aug_04564,b_7,project/training_data/training_masks/augmented_cards/aug_04564.png
aug_04565,wild,project/training_data/training_masks/augmented_cards/aug_04565.png
aug_04566,g_9,project/training_data/training_masks/augmented_cards/aug_04566.png
aug_04567,g_8,project/training_data/training_masks/augmented_cards/aug_04567.png
aug_04568,b_8,project/training_data/training_masks/augmented_cards/aug_04568.png
aug_04569,draw_4,project/training_data/training_masks/augmented_cards/aug_04569.png
aug_04570,r_7,project/training_data/training_masks/augmented_cards/aug_04570.png
aug_04571,y_9,project/training_data/training_masks/augmented_cards/aug_04571.png
aug_04572,y_7,project/training_data/training_masks/augmented_cards/aug_04572.png
aug_04573,y_8,project/training_data/training_masks/augmented_cards/aug_04573.png
aug_04574,g_skip,project/training_data/training_masks/augmented_cards/aug_04574.png
aug_04575,g_reverse,project/training_data/training_masks/augmented_cards/aug_04575.png
aug_04576,b_reverse,project/training_data/training_masks/augmented_cards/aug_04576.png
aug_04577,b_0,project/training_data/training_masks/augmented_cards/aug_04577.png
aug_04578,b_skip,project/training_data/training_masks/augmented_cards/aug_04578.png
aug_04579,r_skip,project/training_data/training_masks/augmented_cards/aug_04579.png
aug_04580,g_0,project/training_data/training_masks/augmented_cards/aug_04580.png
aug_04581,r_reverse,project/training_data/training_masks/augmented_cards/aug_04581.png
aug_04582,r_0,project/training_data/training_masks/augmented_cards/aug_04582.png
aug_04583,b_draw_2,project/training_data/training_masks/augmented_cards/aug_04583.png
aug_04584,r_draw_2,project/training_data/training_masks/augmented_cards/aug_04584.png
aug_04585,y_skip,project/training_data/training_masks/augmented_cards/aug_04585.png
aug_04586,y_reverse,project/training_data/training_masks/augmented_cards/aug_04586.png
aug_04587,y_0,project/training_data/training_masks/augmented_cards/aug_04587.png
aug_04588,g_draw_2,project/training_data/training_masks/augmented_cards/aug_04588.png
aug_04589,y_draw_2,project/training_data/training_masks/augmented_cards/aug_04589.png
aug_04590,b_3,project/training_data/training_masks/augmented_cards/aug_04590.png
aug_04591,b_2,project/training_data/training_masks/augmented_cards/aug_04591.png
aug_04592,g_3,project/training_data/training_masks/augmented_cards/aug_04592.png
aug_04593,r_3,project/training_data/training_masks/augmented_cards/aug_04593.png
aug_04594,g_2,project/training_data/training_masks/augmented_cards/aug_04594.png
aug_04595,g_1,project/training_data/training_masks/augmented_cards/aug_04595.png
aug_04596,b_1,project/training_data/training_masks/augmented_cards/aug_04596.png
aug_04597,r_2,project/training_data/training_masks/augmented_cards/aug_04597.png
aug_04598,y_3,project/training_data/training_masks/augmented_cards/aug_04598.png
aug_04599,r_1,project/training_data/training_masks/augmented_cards/aug_04599.png
aug_04600,y_2,project/training_data/training_masks/augmented_cards/aug_04600.png
aug_04601,y_1,project/training_data/training_masks/augmented_cards/aug_04601.png
aug_04602,g_6,project/training_data/training_masks/augmented_cards/aug_04602.png
aug_04603,g_5,project/training_data/training_masks/augmented_cards/aug_04603.png
aug_04604,b_5,project/training_data/training_masks/augmented_cards/aug_04604.png
aug_04605,b_6,project/training_data/training_masks/augmented_cards/aug_04605.png
aug_04606,r_6,project/training_data/training_masks/augmented_cards/aug_04606.png
aug_04607,b_4,project/training_data/training_masks/augmented_cards/aug_04607.png
aug_04608,g_4,project/training_data/training_masks/augmented_cards/aug_04608.png
aug_04609,r_5,project/training_data/training_masks/augmented_cards/aug_04609.png
aug_04610,r_4,project/training_data/training_masks/augmented_cards/aug_04610.png
aug_04611,y_6,project/training_data/training_masks/augmented_cards/aug_04611.png
aug_04612,y_4,project/training_data/training_masks/augmented_cards/aug_04612.png
aug_04613,y_5,project/training_data/training_masks/augmented_cards/aug_04613.png
aug_04614,b_9,project/training_data/training_masks/augmented_cards/aug_04614.png
aug_04615,g_7,project/training_data/training_masks/augmented_cards/aug_04615.png
aug_04616,r_9,project/training_data/training_masks/augmented_cards/aug_04616.png
aug_04617,r_8,project/training_data/training_masks/augmented_cards/aug_04617.png
aug_04618,b_7,project/training_data/training_masks/augmented_cards/aug_04618.png
aug_04619,wild,project/training_data/training_masks/augmented_cards/aug_04619.png
aug_04620,g_9,project/training_data/training_masks/augmented_cards/aug_04620.png
aug_04621,g_8,project/training_data/training_masks/augmented_cards/aug_04621.png
aug_04622,b_8,project/training_data/training_masks/augmented_cards/aug_04622.png
aug_04623,draw_4,project/training_data/training_masks/augmented_cards/aug_04623.png
aug_04624,r_7,project/training_data/training_masks/augmented_cards/aug_04624.png
aug_04625,y_9,project/training_data/training_masks/augmented_cards/aug_04625.png
aug_04626,y_7,project/training_data/training_masks/augmented_cards/aug_04626.png
aug_04627,y_8,project/training_data/training_masks/augmented_cards/aug_04627.png
aug_04628,g_skip,project/training_data/training_masks/augmented_cards/aug_04628.png
aug_04629,g_reverse,project/training_data/training_masks/augmented_cards/aug_04629.png
aug_04630,b_reverse,project/training_data/training_masks/augmented_cards/aug_04630.png
aug_04631,b_0,project/training_data/training_masks/augmented_cards/aug_04631.png
aug_04632,b_skip,project/training_data/training_masks/augmented_cards/aug_04632.png
aug_04633,r_skip,project/training_data/training_masks/augmented_cards/aug_04633.png
aug_04634,g_0,project/training_data/training_masks/augmented_cards/aug_04634.png
aug_04635,r_reverse,project/training_data/training_masks/augmented_cards/aug_04635.png
aug_04636,r_0,project/training_data/training_masks/augmented_cards/aug_04636.png
aug_04637,b_draw_2,project/training_data/training_masks/augmented_cards/aug_04637.png
aug_04638,r_draw_2,project/training_data/training_masks/augmented_cards/aug_04638.png
aug_04639,y_skip,project/training_data/training_masks/augmented_cards/aug_04639.png
aug_04640,y_reverse,project/training_data/training_masks/augmented_cards/aug_04640.png
aug_04641,y_0,project/training_data/training_masks/augmented_cards/aug_04641.png
aug_04642,g_draw_2,project/training_data/training_masks/augmented_cards/aug_04642.png
aug_04643,y_draw_2,project/training_data/training_masks/augmented_cards/aug_04643.png
aug_04644,b_3,project/training_data/training_masks/augmented_cards/aug_04644.png
aug_04645,b_2,project/training_data/training_masks/augmented_cards/aug_04645.png
aug_04646,g_3,project/training_data/training_masks/augmented_cards/aug_04646.png
aug_04647,r_3,project/training_data/training_masks/augmented_cards/aug_04647.png
aug_04648,g_2,project/training_data/training_masks/augmented_cards/aug_04648.png
aug_04649,g_1,project/training_data/training_masks/augmented_cards/aug_04649.png
aug_04650,b_1,project/training_data/training_masks/augmented_cards/aug_04650.png
aug_04651,r_2,project/training_data/training_masks/augmented_cards/aug_04651.png
aug_04652,y_3,project/training_data/training_masks/augmented_cards/aug_04652.png
aug_04653,r_1,project/training_data/training_masks/augmented_cards/aug_04653.png
aug_04654,y_2,project/training_data/training_masks/augmented_cards/aug_04654.png
aug_04655,y_1,project/training_data/training_masks/augmented_cards/aug_04655.png
aug_04656,g_6,project/training_data/training_masks/augmented_cards/aug_04656.png
aug_04657,g_5,project/training_data/training_masks/augmented_cards/aug_04657.png
aug_04658,b_5,project/training_data/training_masks/augmented_cards/aug_04658.png
aug_04659,b_6,project/training_data/training_masks/augmented_cards/aug_04659.png
aug_04660,r_6,project/training_data/training_masks/augmented_cards/aug_04660.png
aug_04661,b_4,project/training_data/training_masks/augmented_cards/aug_04661.png
aug_04662,g_4,project/training_data/training_masks/augmented_cards/aug_04662.png
aug_04663,r_5,project/training_data/training_masks/augmented_cards/aug_04663.png
aug_04664,r_4,project/training_data/training_masks/augmented_cards/aug_04664.png
aug_04665,y_6,project/training_data/training_masks/augmented_cards/aug_04665.png
aug_04666,y_4,project/training_data/training_masks/augmented_cards/aug_04666.png
aug_04667,y_5,project/training_data/training_masks/augmented_cards/aug_04667.png
aug_04668,b_9,project/training_data/training_masks/augmented_cards/aug_04668.png
aug_04669,g_7,project/training_data/training_masks/augmented_cards/aug_04669.png
aug_04670,r_9,project/training_data/training_masks/augmented_cards/aug_04670.png
aug_04671,r_8,project/training_data/training_masks/augmented_cards/aug_04671.png
aug_04672,b_7,project/training_data/training_masks/augmented_cards/aug_04672.png
aug_04673,wild,project/training_data/training_masks/augmented_cards/aug_04673.png
aug_04674,g_9,project/training_data/training_masks/augmented_cards/aug_04674.png
aug_04675,g_8,project/training_data/training_masks/augmented_cards/aug_04675.png
aug_04676,b_8,project/training_data/training_masks/augmented_cards/aug_04676.png
aug_04677,draw_4,project/training_data/training_masks/augmented_cards/aug_04677.png
aug_04678,r_7,project/training_data/training_masks/augmented_cards/aug_04678.png
aug_04679,y_9,project/training_data/training_masks/augmented_cards/aug_04679.png
aug_04680,y_7,project/training_data/training_masks/augmented_cards/aug_04680.png
aug_04681,y_8,project/training_data/training_masks/augmented_cards/aug_04681.png
aug_04682,g_skip,project/training_data/training_masks/augmented_cards/aug_04682.png
aug_04683,g_reverse,project/training_data/training_masks/augmented_cards/aug_04683.png
aug_04684,b_reverse,project/training_data/training_masks/augmented_cards/aug_04684.png
aug_04685,b_0,project/training_data/training_masks/augmented_cards/aug_04685.png
aug_04686,b_skip,project/training_data/training_masks/augmented_cards/aug_04686.png
aug_04687,r_skip,project/training_data/training_masks/augmented_cards/aug_04687.png
aug_04688,g_0,project/training_data/training_masks/augmented_cards/aug_04688.png
aug_04689,r_reverse,project/training_data/training_masks/augmented_cards/aug_04689.png
aug_04690,r_0,project/training_data/training_masks/augmented_cards/aug_04690.png
aug_04691,b_draw_2,project/training_data/training_masks/augmented_cards/aug_04691.png
aug_04692,r_draw_2,project/training_data/training_masks/augmented_cards/aug_04692.png
aug_04693,y_skip,project/training_data/training_masks/augmented_cards/aug_04693.png
aug_04694,y_reverse,project/training_data/training_masks/augmented_cards/aug_04694.png
aug_04695,y_0,project/training_data/training_masks/augmented_cards/aug_04695.png
aug_04696,g_draw_2,project/training_data/training_masks/augmented_cards/aug_04696.png
aug_04697,y_draw_2,project/training_data/training_masks/augmented_cards/aug_04697.png
aug_04698,b_3,project/training_data/training_masks/augmented_cards/aug_04698.png
aug_04699,b_2,project/training_data/training_masks/augmented_cards/aug_04699.png
aug_04700,g_3,project/training_data/training_masks/augmented_cards/aug_04700.png
aug_04701,r_3,project/training_data/training_masks/augmented_cards/aug_04701.png
aug_04702,g_2,project/training_data/training_masks/augmented_cards/aug_04702.png
aug_04703,g_1,project/training_data/training_masks/augmented_cards/aug_04703.png
aug_04704,b_1,project/training_data/training_masks/augmented_cards/aug_04704.png
aug_04705,r_2,project/training_data/training_masks/augmented_cards/aug_04705.png
aug_04706,y_3,project/training_data/training_masks/augmented_cards/aug_04706.png
aug_04707,r_1,project/training_data/training_masks/augmented_cards/aug_04707.png
aug_04708,y_2,project/training_data/training_masks/augmented_cards/aug_04708.png
aug_04709,y_1,project/training_data/training_masks/augmented_cards/aug_04709.png
aug_04710,g_6,project/training_data/training_masks/augmented_cards/aug_04710.png
aug_04711,g_5,project/training_data/training_masks/augmented_cards/aug_04711.png
aug_04712,b_5,project/training_data/training_masks/augmented_cards/aug_04712.png
aug_04713,b_6,project/training_data/training_masks/augmented_cards/aug_04713.png
aug_04714,r_6,project/training_data/training_masks/augmented_cards/aug_04714.png
aug_04715,b_4,project/training_data/training_masks/augmented_cards/aug_04715.png
aug_04716,g_4,project/training_data/training_masks/augmented_cards/aug_04716.png
aug_04717,r_5,project/training_data/training_masks/augmented_cards/aug_04717.png
aug_04718,r_4,project/training_data/training_masks/augmented_cards/aug_04718.png
aug_04719,y_6,project/training_data/training_masks/augmented_cards/aug_04719.png
aug_04720,y_4,project/training_data/training_masks/augmented_cards/aug_04720.png
aug_04721,y_5,project/training_data/training_masks/augmented_cards/aug_04721.png
aug_04722,b_9,project/training_data/training_masks/augmented_cards/aug_04722.png
aug_04723,g_7,project/training_data/training_masks/augmented_cards/aug_04723.png
aug_04724,r_9,project/training_data/training_masks/augmented_cards/aug_04724.png
aug_04725,r_8,project/training_data/training_masks/augmented_cards/aug_04725.png
aug_04726,b_7,project/training_data/training_masks/augmented_cards/aug_04726.png
aug_04727,wild,project/training_data/training_masks/augmented_cards/aug_04727.png
aug_04728,g_9,project/training_data/training_masks/augmented_cards/aug_04728.png
aug_04729,g_8,project/training_data/training_masks/augmented_cards/aug_04729.png
aug_04730,b_8,project/training_data/training_masks/augmented_cards/aug_04730.png
aug_04731,draw_4,project/training_data/training_masks/augmented_cards/aug_04731.png
aug_04732,r_7,project/training_data/training_masks/augmented_cards/aug_04732.png
aug_04733,y_9,project/training_data/training_masks/augmented_cards/aug_04733.png
aug_04734,y_7,project/training_data/training_masks/augmented_cards/aug_04734.png
aug_04735,y_8,project/training_data/training_masks/augmented_cards/aug_04735.png
aug_04736,g_skip,project/training_data/training_masks/augmented_cards/aug_04736.png
aug_04737,g_reverse,project/training_data/training_masks/augmented_cards/aug_04737.png
aug_04738,b_reverse,project/training_data/training_masks/augmented_cards/aug_04738.png
aug_04739,b_0,project/training_data/training_masks/augmented_cards/aug_04739.png
aug_04740,b_skip,project/training_data/training_masks/augmented_cards/aug_04740.png
aug_04741,r_skip,project/training_data/training_masks/augmented_cards/aug_04741.png
aug_04742,g_0,project/training_data/training_masks/augmented_cards/aug_04742.png
aug_04743,r_reverse,project/training_data/training_masks/augmented_cards/aug_04743.png
aug_04744,r_0,project/training_data/training_masks/augmented_cards/aug_04744.png
aug_04745,b_draw_2,project/training_data/training_masks/augmented_cards/aug_04745.png
aug_04746,r_draw_2,project/training_data/training_masks/augmented_cards/aug_04746.png
aug_04747,y_skip,project/training_data/training_masks/augmented_cards/aug_04747.png
aug_04748,y_reverse,project/training_data/training_masks/augmented_cards/aug_04748.png
aug_04749,y_0,project/training_data/training_masks/augmented_cards/aug_04749.png
aug_04750,g_draw_2,project/training_data/training_masks/augmented_cards/aug_04750.png
aug_04751,y_draw_2,project/training_data/training_masks/augmented_cards/aug_04751.png
aug_04752,b_3,project/training_data/training_masks/augmented_cards/aug_04752.png
aug_04753,b_2,project/training_data/training_masks/augmented_cards/aug_04753.png
aug_04754,g_3,project/training_data/training_masks/augmented_cards/aug_04754.png
aug_04755,r_3,project/training_data/training_masks/augmented_cards/aug_04755.png
aug_04756,g_2,project/training_data/training_masks/augmented_cards/aug_04756.png
aug_04757,g_1,project/training_data/training_masks/augmented_cards/aug_04757.png
aug_04758,b_1,project/training_data/training_masks/augmented_cards/aug_04758.png
aug_04759,r_2,project/training_data/training_masks/augmented_cards/aug_04759.png
aug_04760,y_3,project/training_data/training_masks/augmented_cards/aug_04760.png
aug_04761,r_1,project/training_data/training_masks/augmented_cards/aug_04761.png
aug_04762,y_2,project/training_data/training_masks/augmented_cards/aug_04762.png
aug_04763,y_1,project/training_data/training_masks/augmented_cards/aug_04763.png
aug_04764,g_6,project/training_data/training_masks/augmented_cards/aug_04764.png
aug_04765,g_5,project/training_data/training_masks/augmented_cards/aug_04765.png
aug_04766,b_5,project/training_data/training_masks/augmented_cards/aug_04766.png
aug_04767,b_6,project/training_data/training_masks/augmented_cards/aug_04767.png
aug_04768,r_6,project/training_data/training_masks/augmented_cards/aug_04768.png
aug_04769,b_4,project/training_data/training_masks/augmented_cards/aug_04769.png
aug_04770,g_4,project/training_data/training_masks/augmented_cards/aug_04770.png
aug_04771,r_5,project/training_data/training_masks/augmented_cards/aug_04771.png
aug_04772,r_4,project/training_data/training_masks/augmented_cards/aug_04772.png
aug_04773,y_6,project/training_data/training_masks/augmented_cards/aug_04773.png
aug_04774,y_4,project/training_data/training_masks/augmented_cards/aug_04774.png
aug_04775,y_5,project/training_data/training_masks/augmented_cards/aug_04775.png
aug_04776,b_9,project/training_data/training_masks/augmented_cards/aug_04776.png
aug_04777,g_7,project/training_data/training_masks/augmented_cards/aug_04777.png
aug_04778,r_9,project/training_data/training_masks/augmented_cards/aug_04778.png
aug_04779,r_8,project/training_data/training_masks/augmented_cards/aug_04779.png
aug_04780,b_7,project/training_data/training_masks/augmented_cards/aug_04780.png
aug_04781,wild,project/training_data/training_masks/augmented_cards/aug_04781.png
aug_04782,g_9,project/training_data/training_masks/augmented_cards/aug_04782.png
aug_04783,g_8,project/training_data/training_masks/augmented_cards/aug_04783.png
aug_04784,b_8,project/training_data/training_masks/augmented_cards/aug_04784.png
aug_04785,draw_4,project/training_data/training_masks/augmented_cards/aug_04785.png
aug_04786,r_7,project/training_data/training_masks/augmented_cards/aug_04786.png
aug_04787,y_9,project/training_data/training_masks/augmented_cards/aug_04787.png
aug_04788,y_7,project/training_data/training_masks/augmented_cards/aug_04788.png
aug_04789,y_8,project/training_data/training_masks/augmented_cards/aug_04789.png
aug_04790,g_skip,project/training_data/training_masks/augmented_cards/aug_04790.png
aug_04791,g_reverse,project/training_data/training_masks/augmented_cards/aug_04791.png
aug_04792,b_reverse,project/training_data/training_masks/augmented_cards/aug_04792.png
aug_04793,b_0,project/training_data/training_masks/augmented_cards/aug_04793.png
aug_04794,b_skip,project/training_data/training_masks/augmented_cards/aug_04794.png
aug_04795,r_skip,project/training_data/training_masks/augmented_cards/aug_04795.png
aug_04796,g_0,project/training_data/training_masks/augmented_cards/aug_04796.png
aug_04797,r_reverse,project/training_data/training_masks/augmented_cards/aug_04797.png
aug_04798,r_0,project/training_data/training_masks/augmented_cards/aug_04798.png
aug_04799,b_draw_2,project/training_data/training_masks/augmented_cards/aug_04799.png
aug_04800,r_draw_2,project/training_data/training_masks/augmented_cards/aug_04800.png
aug_04801,y_skip,project/training_data/training_masks/augmented_cards/aug_04801.png
aug_04802,y_reverse,project/training_data/training_masks/augmented_cards/aug_04802.png
aug_04803,y_0,project/training_data/training_masks/augmented_cards/aug_04803.png
aug_04804,g_draw_2,project/training_data/training_masks/augmented_cards/aug_04804.png
aug_04805,y_draw_2,project/training_data/training_masks/augmented_cards/aug_04805.png
aug_04806,b_3,project/training_data/training_masks/augmented_cards/aug_04806.png
aug_04807,b_2,project/training_data/training_masks/augmented_cards/aug_04807.png
aug_04808,g_3,project/training_data/training_masks/augmented_cards/aug_04808.png
aug_04809,r_3,project/training_data/training_masks/augmented_cards/aug_04809.png
aug_04810,g_2,project/training_data/training_masks/augmented_cards/aug_04810.png
aug_04811,g_1,project/training_data/training_masks/augmented_cards/aug_04811.png
aug_04812,b_1,project/training_data/training_masks/augmented_cards/aug_04812.png
aug_04813,r_2,project/training_data/training_masks/augmented_cards/aug_04813.png
aug_04814,y_3,project/training_data/training_masks/augmented_cards/aug_04814.png
aug_04815,r_1,project/training_data/training_masks/augmented_cards/aug_04815.png
aug_04816,y_2,project/training_data/training_masks/augmented_cards/aug_04816.png
aug_04817,y_1,project/training_data/training_masks/augmented_cards/aug_04817.png
aug_04818,g_6,project/training_data/training_masks/augmented_cards/aug_04818.png
aug_04819,g_5,project/training_data/training_masks/augmented_cards/aug_04819.png
aug_04820,b_5,project/training_data/training_masks/augmented_cards/aug_04820.png
aug_04821,b_6,project/training_data/training_masks/augmented_cards/aug_04821.png
aug_04822,r_6,project/training_data/training_masks/augmented_cards/aug_04822.png
aug_04823,b_4,project/training_data/training_masks/augmented_cards/aug_04823.png
aug_04824,g_4,project/training_data/training_masks/augmented_cards/aug_04824.png
aug_04825,r_5,project/training_data/training_masks/augmented_cards/aug_04825.png
aug_04826,r_4,project/training_data/training_masks/augmented_cards/aug_04826.png
aug_04827,y_6,project/training_data/training_masks/augmented_cards/aug_04827.png
aug_04828,y_4,project/training_data/training_masks/augmented_cards/aug_04828.png
aug_04829,y_5,project/training_data/training_masks/augmented_cards/aug_04829.png
aug_04830,b_9,project/training_data/training_masks/augmented_cards/aug_04830.png
aug_04831,g_7,project/training_data/training_masks/augmented_cards/aug_04831.png
aug_04832,r_9,project/training_data/training_masks/augmented_cards/aug_04832.png
aug_04833,r_8,project/training_data/training_masks/augmented_cards/aug_04833.png
aug_04834,b_7,project/training_data/training_masks/augmented_cards/aug_04834.png
aug_04835,wild,project/training_data/training_masks/augmented_cards/aug_04835.png
aug_04836,g_9,project/training_data/training_masks/augmented_cards/aug_04836.png
aug_04837,g_8,project/training_data/training_masks/augmented_cards/aug_04837.png
aug_04838,b_8,project/training_data/training_masks/augmented_cards/aug_04838.png
aug_04839,draw_4,project/training_data/training_masks/augmented_cards/aug_04839.png
aug_04840,r_7,project/training_data/training_masks/augmented_cards/aug_04840.png
aug_04841,y_9,project/training_data/training_masks/augmented_cards/aug_04841.png
aug_04842,y_7,project/training_data/training_masks/augmented_cards/aug_04842.png
aug_04843,y_8,project/training_data/training_masks/augmented_cards/aug_04843.png
aug_04844,g_skip,project/training_data/training_masks/augmented_cards/aug_04844.png
aug_04845,g_reverse,project/training_data/training_masks/augmented_cards/aug_04845.png
aug_04846,b_reverse,project/training_data/training_masks/augmented_cards/aug_04846.png
aug_04847,b_0,project/training_data/training_masks/augmented_cards/aug_04847.png
aug_04848,b_skip,project/training_data/training_masks/augmented_cards/aug_04848.png
aug_04849,r_skip,project/training_data/training_masks/augmented_cards/aug_04849.png
aug_04850,g_0,project/training_data/training_masks/augmented_cards/aug_04850.png
aug_04851,r_reverse,project/training_data/training_masks/augmented_cards/aug_04851.png
aug_04852,r_0,project/training_data/training_masks/augmented_cards/aug_04852.png
aug_04853,b_draw_2,project/training_data/training_masks/augmented_cards/aug_04853.png
aug_04854,r_draw_2,project/training_data/training_masks/augmented_cards/aug_04854.png
aug_04855,y_skip,project/training_data/training_masks/augmented_cards/aug_04855.png
aug_04856,y_reverse,project/training_data/training_masks/augmented_cards/aug_04856.png
aug_04857,y_0,project/training_data/training_masks/augmented_cards/aug_04857.png
aug_04858,g_draw_2,project/training_data/training_masks/augmented_cards/aug_04858.png
aug_04859,y_draw_2,project/training_data/training_masks/augmented_cards/aug_04859.png
aug_04860,b_3,project/training_data/training_masks/augmented_cards/aug_04860.png
aug_04861,b_2,project/training_data/training_masks/augmented_cards/aug_04861.png
aug_04862,g_3,project/training_data/training_masks/augmented_cards/aug_04862.png
aug_04863,r_3,project/training_data/training_masks/augmented_cards/aug_04863.png
aug_04864,g_2,project/training_data/training_masks/augmented_cards/aug_04864.png
aug_04865,g_1,project/training_data/training_masks/augmented_cards/aug_04865.png
aug_04866,b_1,project/training_data/training_masks/augmented_cards/aug_04866.png
aug_04867,r_2,project/training_data/training_masks/augmented_cards/aug_04867.png
aug_04868,y_3,project/training_data/training_masks/augmented_cards/aug_04868.png
aug_04869,r_1,project/training_data/training_masks/augmented_cards/aug_04869.png
aug_04870,y_2,project/training_data/training_masks/augmented_cards/aug_04870.png
aug_04871,y_1,project/training_data/training_masks/augmented_cards/aug_04871.png
aug_04872,g_6,project/training_data/training_masks/augmented_cards/aug_04872.png
aug_04873,g_5,project/training_data/training_masks/augmented_cards/aug_04873.png
aug_04874,b_5,project/training_data/training_masks/augmented_cards/aug_04874.png
aug_04875,b_6,project/training_data/training_masks/augmented_cards/aug_04875.png
aug_04876,r_6,project/training_data/training_masks/augmented_cards/aug_04876.png
aug_04877,b_4,project/training_data/training_masks/augmented_cards/aug_04877.png
aug_04878,g_4,project/training_data/training_masks/augmented_cards/aug_04878.png
aug_04879,r_5,project/training_data/training_masks/augmented_cards/aug_04879.png
aug_04880,r_4,project/training_data/training_masks/augmented_cards/aug_04880.png
aug_04881,y_6,project/training_data/training_masks/augmented_cards/aug_04881.png
aug_04882,y_4,project/training_data/training_masks/augmented_cards/aug_04882.png
aug_04883,y_5,project/training_data/training_masks/augmented_cards/aug_04883.png
aug_04884,b_9,project/training_data/training_masks/augmented_cards/aug_04884.png
aug_04885,g_7,project/training_data/training_masks/augmented_cards/aug_04885.png
aug_04886,r_9,project/training_data/training_masks/augmented_cards/aug_04886.png
aug_04887,r_8,project/training_data/training_masks/augmented_cards/aug_04887.png
aug_04888,b_7,project/training_data/training_masks/augmented_cards/aug_04888.png
aug_04889,wild,project/training_data/training_masks/augmented_cards/aug_04889.png
aug_04890,g_9,project/training_data/training_masks/augmented_cards/aug_04890.png
aug_04891,g_8,project/training_data/training_masks/augmented_cards/aug_04891.png
aug_04892,b_8,project/training_data/training_masks/augmented_cards/aug_04892.png
aug_04893,draw_4,project/training_data/training_masks/augmented_cards/aug_04893.png
aug_04894,r_7,project/training_data/training_masks/augmented_cards/aug_04894.png
aug_04895,y_9,project/training_data/training_masks/augmented_cards/aug_04895.png
aug_04896,y_7,project/training_data/training_masks/augmented_cards/aug_04896.png
aug_04897,y_8,project/training_data/training_masks/augmented_cards/aug_04897.png
aug_04898,g_skip,project/training_data/training_masks/augmented_cards/aug_04898.png
aug_04899,g_reverse,project/training_data/training_masks/augmented_cards/aug_04899.png
aug_04900,b_reverse,project/training_data/training_masks/augmented_cards/aug_04900.png
aug_04901,b_0,project/training_data/training_masks/augmented_cards/aug_04901.png
aug_04902,b_skip,project/training_data/training_masks/augmented_cards/aug_04902.png
aug_04903,r_skip,project/training_data/training_masks/augmented_cards/aug_04903.png
aug_04904,g_0,project/training_data/training_masks/augmented_cards/aug_04904.png
aug_04905,r_reverse,project/training_data/training_masks/augmented_cards/aug_04905.png
aug_04906,r_0,project/training_data/training_masks/augmented_cards/aug_04906.png
aug_04907,b_draw_2,project/training_data/training_masks/augmented_cards/aug_04907.png
aug_04908,r_draw_2,project/training_data/training_masks/augmented_cards/aug_04908.png
aug_04909,y_skip,project/training_data/training_masks/augmented_cards/aug_04909.png
aug_04910,y_reverse,project/training_data/training_masks/augmented_cards/aug_04910.png
aug_04911,y_0,project/training_data/training_masks/augmented_cards/aug_04911.png
aug_04912,g_draw_2,project/training_data/training_masks/augmented_cards/aug_04912.png
aug_04913,y_draw_2,project/training_data/training_masks/augmented_cards/aug_04913.png
aug_04914,b_3,project/training_data/training_masks/augmented_cards/aug_04914.png
aug_04915,b_2,project/training_data/training_masks/augmented_cards/aug_04915.png
aug_04916,g_3,project/training_data/training_masks/augmented_cards/aug_04916.png
aug_04917,r_3,project/training_data/training_masks/augmented_cards/aug_04917.png
aug_04918,g_2,project/training_data/training_masks/augmented_cards/aug_04918.png
aug_04919,g_1,project/training_data/training_masks/augmented_cards/aug_04919.png
aug_04920,b_1,project/training_data/training_masks/augmented_cards/aug_04920.png
aug_04921,r_2,project/training_data/training_masks/augmented_cards/aug_04921.png
aug_04922,y_3,project/training_data/training_masks/augmented_cards/aug_04922.png
aug_04923,r_1,project/training_data/training_masks/augmented_cards/aug_04923.png
aug_04924,y_2,project/training_data/training_masks/augmented_cards/aug_04924.png
aug_04925,y_1,project/training_data/training_masks/augmented_cards/aug_04925.png
aug_04926,g_6,project/training_data/training_masks/augmented_cards/aug_04926.png
aug_04927,g_5,project/training_data/training_masks/augmented_cards/aug_04927.png
aug_04928,b_5,project/training_data/training_masks/augmented_cards/aug_04928.png
aug_04929,b_6,project/training_data/training_masks/augmented_cards/aug_04929.png
aug_04930,r_6,project/training_data/training_masks/augmented_cards/aug_04930.png
aug_04931,b_4,project/training_data/training_masks/augmented_cards/aug_04931.png
aug_04932,g_4,project/training_data/training_masks/augmented_cards/aug_04932.png
aug_04933,r_5,project/training_data/training_masks/augmented_cards/aug_04933.png
aug_04934,r_4,project/training_data/training_masks/augmented_cards/aug_04934.png
aug_04935,y_6,project/training_data/training_masks/augmented_cards/aug_04935.png
aug_04936,y_4,project/training_data/training_masks/augmented_cards/aug_04936.png
aug_04937,y_5,project/training_data/training_masks/augmented_cards/aug_04937.png
aug_04938,b_9,project/training_data/training_masks/augmented_cards/aug_04938.png
aug_04939,g_7,project/training_data/training_masks/augmented_cards/aug_04939.png
aug_04940,r_9,project/training_data/training_masks/augmented_cards/aug_04940.png
aug_04941,r_8,project/training_data/training_masks/augmented_cards/aug_04941.png
aug_04942,b_7,project/training_data/training_masks/augmented_cards/aug_04942.png
aug_04943,wild,project/training_data/training_masks/augmented_cards/aug_04943.png
aug_04944,g_9,project/training_data/training_masks/augmented_cards/aug_04944.png
aug_04945,g_8,project/training_data/training_masks/augmented_cards/aug_04945.png
aug_04946,b_8,project/training_data/training_masks/augmented_cards/aug_04946.png
aug_04947,draw_4,project/training_data/training_masks/augmented_cards/aug_04947.png
aug_04948,r_7,project/training_data/training_masks/augmented_cards/aug_04948.png
aug_04949,y_9,project/training_data/training_masks/augmented_cards/aug_04949.png
aug_04950,y_7,project/training_data/training_masks/augmented_cards/aug_04950.png
aug_04951,y_8,project/training_data/training_masks/augmented_cards/aug_04951.png
aug_04952,g_skip,project/training_data/training_masks/augmented_cards/aug_04952.png
aug_04953,g_reverse,project/training_data/training_masks/augmented_cards/aug_04953.png
aug_04954,b_reverse,project/training_data/training_masks/augmented_cards/aug_04954.png
aug_04955,b_0,project/training_data/training_masks/augmented_cards/aug_04955.png
aug_04956,b_skip,project/training_data/training_masks/augmented_cards/aug_04956.png
aug_04957,r_skip,project/training_data/training_masks/augmented_cards/aug_04957.png
aug_04958,g_0,project/training_data/training_masks/augmented_cards/aug_04958.png
aug_04959,r_reverse,project/training_data/training_masks/augmented_cards/aug_04959.png
aug_04960,r_0,project/training_data/training_masks/augmented_cards/aug_04960.png
aug_04961,b_draw_2,project/training_data/training_masks/augmented_cards/aug_04961.png
aug_04962,r_draw_2,project/training_data/training_masks/augmented_cards/aug_04962.png
aug_04963,y_skip,project/training_data/training_masks/augmented_cards/aug_04963.png
aug_04964,y_reverse,project/training_data/training_masks/augmented_cards/aug_04964.png
aug_04965,y_0,project/training_data/training_masks/augmented_cards/aug_04965.png
aug_04966,g_draw_2,project/training_data/training_masks/augmented_cards/aug_04966.png
aug_04967,y_draw_2,project/training_data/training_masks/augmented_cards/aug_04967.png
aug_04968,b_3,project/training_data/training_masks/augmented_cards/aug_04968.png
aug_04969,b_2,project/training_data/training_masks/augmented_cards/aug_04969.png
aug_04970,g_3,project/training_data/training_masks/augmented_cards/aug_04970.png
aug_04971,r_3,project/training_data/training_masks/augmented_cards/aug_04971.png
aug_04972,g_2,project/training_data/training_masks/augmented_cards/aug_04972.png
aug_04973,g_1,project/training_data/training_masks/augmented_cards/aug_04973.png
aug_04974,b_1,project/training_data/training_masks/augmented_cards/aug_04974.png
aug_04975,r_2,project/training_data/training_masks/augmented_cards/aug_04975.png
aug_04976,y_3,project/training_data/training_masks/augmented_cards/aug_04976.png
aug_04977,r_1,project/training_data/training_masks/augmented_cards/aug_04977.png
aug_04978,y_2,project/training_data/training_masks/augmented_cards/aug_04978.png
aug_04979,y_1,project/training_data/training_masks/augmented_cards/aug_04979.png
aug_04980,g_6,project/training_data/training_masks/augmented_cards/aug_04980.png
aug_04981,g_5,project/training_data/training_masks/augmented_cards/aug_04981.png
aug_04982,b_5,project/training_data/training_masks/augmented_cards/aug_04982.png
aug_04983,b_6,project/training_data/training_masks/augmented_cards/aug_04983.png
aug_04984,r_6,project/training_data/training_masks/augmented_cards/aug_04984.png
aug_04985,b_4,project/training_data/training_masks/augmented_cards/aug_04985.png
aug_04986,g_4,project/training_data/training_masks/augmented_cards/aug_04986.png
aug_04987,r_5,project/training_data/training_masks/augmented_cards/aug_04987.png
aug_04988,r_4,project/training_data/training_masks/augmented_cards/aug_04988.png
aug_04989,y_6,project/training_data/training_masks/augmented_cards/aug_04989.png
aug_04990,y_4,project/training_data/training_masks/augmented_cards/aug_04990.png
aug_04991,y_5,project/training_data/training_masks/augmented_cards/aug_04991.png
aug_04992,b_9,project/training_data/training_masks/augmented_cards/aug_04992.png
aug_04993,g_7,project/training_data/training_masks/augmented_cards/aug_04993.png
aug_04994,r_9,project/training_data/training_masks/augmented_cards/aug_04994.png
aug_04995,r_8,project/training_data/training_masks/augmented_cards/aug_04995.png
aug_04996,b_7,project/training_data/training_masks/augmented_cards/aug_04996.png
aug_04997,wild,project/training_data/training_masks/augmented_cards/aug_04997.png
aug_04998,g_9,project/training_data/training_masks/augmented_cards/aug_04998.png
aug_04999,g_8,project/training_data/training_masks/augmented_cards/aug_04999.png
aug_05000,b_8,project/training_data/training_masks/augmented_cards/aug_05000.png
aug_05001,draw_4,project/training_data/training_masks/augmented_cards/aug_05001.png
aug_05002,r_7,project/training_data/training_masks/augmented_cards/aug_05002.png
aug_05003,y_9,project/training_data/training_masks/augmented_cards/aug_05003.png
aug_05004,y_7,project/training_data/training_masks/augmented_cards/aug_05004.png
aug_05005,y_8,project/training_data/training_masks/augmented_cards/aug_05005.png
aug_05006,g_skip,project/training_data/training_masks/augmented_cards/aug_05006.png
aug_05007,g_reverse,project/training_data/training_masks/augmented_cards/aug_05007.png
aug_05008,b_reverse,project/training_data/training_masks/augmented_cards/aug_05008.png
aug_05009,b_0,project/training_data/training_masks/augmented_cards/aug_05009.png
aug_05010,b_skip,project/training_data/training_masks/augmented_cards/aug_05010.png
aug_05011,r_skip,project/training_data/training_masks/augmented_cards/aug_05011.png
aug_05012,g_0,project/training_data/training_masks/augmented_cards/aug_05012.png
aug_05013,r_reverse,project/training_data/training_masks/augmented_cards/aug_05013.png
aug_05014,r_0,project/training_data/training_masks/augmented_cards/aug_05014.png
aug_05015,b_draw_2,project/training_data/training_masks/augmented_cards/aug_05015.png
aug_05016,r_draw_2,project/training_data/training_masks/augmented_cards/aug_05016.png
aug_05017,y_skip,project/training_data/training_masks/augmented_cards/aug_05017.png
aug_05018,y_reverse,project/training_data/training_masks/augmented_cards/aug_05018.png
aug_05019,y_0,project/training_data/training_masks/augmented_cards/aug_05019.png
aug_05020,g_draw_2,project/training_data/training_masks/augmented_cards/aug_05020.png
aug_05021,y_draw_2,project/training_data/training_masks/augmented_cards/aug_05021.png
aug_05022,b_3,project/training_data/training_masks/augmented_cards/aug_05022.png
aug_05023,b_2,project/training_data/training_masks/augmented_cards/aug_05023.png
aug_05024,g_3,project/training_data/training_masks/augmented_cards/aug_05024.png
aug_05025,r_3,project/training_data/training_masks/augmented_cards/aug_05025.png
aug_05026,g_2,project/training_data/training_masks/augmented_cards/aug_05026.png
aug_05027,g_1,project/training_data/training_masks/augmented_cards/aug_05027.png
aug_05028,b_1,project/training_data/training_masks/augmented_cards/aug_05028.png
aug_05029,r_2,project/training_data/training_masks/augmented_cards/aug_05029.png
aug_05030,y_3,project/training_data/training_masks/augmented_cards/aug_05030.png
aug_05031,r_1,project/training_data/training_masks/augmented_cards/aug_05031.png
aug_05032,y_2,project/training_data/training_masks/augmented_cards/aug_05032.png
aug_05033,y_1,project/training_data/training_masks/augmented_cards/aug_05033.png
aug_05034,g_6,project/training_data/training_masks/augmented_cards/aug_05034.png
aug_05035,g_5,project/training_data/training_masks/augmented_cards/aug_05035.png
aug_05036,b_5,project/training_data/training_masks/augmented_cards/aug_05036.png
aug_05037,b_6,project/training_data/training_masks/augmented_cards/aug_05037.png
aug_05038,r_6,project/training_data/training_masks/augmented_cards/aug_05038.png
aug_05039,b_4,project/training_data/training_masks/augmented_cards/aug_05039.png
aug_05040,g_4,project/training_data/training_masks/augmented_cards/aug_05040.png
aug_05041,r_5,project/training_data/training_masks/augmented_cards/aug_05041.png
aug_05042,r_4,project/training_data/training_masks/augmented_cards/aug_05042.png
aug_05043,y_6,project/training_data/training_masks/augmented_cards/aug_05043.png
aug_05044,y_4,project/training_data/training_masks/augmented_cards/aug_05044.png
aug_05045,y_5,project/training_data/training_masks/augmented_cards/aug_05045.png
aug_05046,b_9,project/training_data/training_masks/augmented_cards/aug_05046.png
aug_05047,g_7,project/training_data/training_masks/augmented_cards/aug_05047.png
aug_05048,r_9,project/training_data/training_masks/augmented_cards/aug_05048.png
aug_05049,r_8,project/training_data/training_masks/augmented_cards/aug_05049.png
aug_05050,b_7,project/training_data/training_masks/augmented_cards/aug_05050.png
aug_05051,wild,project/training_data/training_masks/augmented_cards/aug_05051.png
aug_05052,g_9,project/training_data/training_masks/augmented_cards/aug_05052.png
aug_05053,g_8,project/training_data/training_masks/augmented_cards/aug_05053.png
aug_05054,b_8,project/training_data/training_masks/augmented_cards/aug_05054.png
aug_05055,draw_4,project/training_data/training_masks/augmented_cards/aug_05055.png
aug_05056,r_7,project/training_data/training_masks/augmented_cards/aug_05056.png
aug_05057,y_9,project/training_data/training_masks/augmented_cards/aug_05057.png
aug_05058,y_7,project/training_data/training_masks/augmented_cards/aug_05058.png
aug_05059,y_8,project/training_data/training_masks/augmented_cards/aug_05059.png
aug_05060,g_skip,project/training_data/training_masks/augmented_cards/aug_05060.png
aug_05061,g_reverse,project/training_data/training_masks/augmented_cards/aug_05061.png
aug_05062,b_reverse,project/training_data/training_masks/augmented_cards/aug_05062.png
aug_05063,b_0,project/training_data/training_masks/augmented_cards/aug_05063.png
aug_05064,b_skip,project/training_data/training_masks/augmented_cards/aug_05064.png
aug_05065,r_skip,project/training_data/training_masks/augmented_cards/aug_05065.png
aug_05066,g_0,project/training_data/training_masks/augmented_cards/aug_05066.png
aug_05067,r_reverse,project/training_data/training_masks/augmented_cards/aug_05067.png
aug_05068,r_0,project/training_data/training_masks/augmented_cards/aug_05068.png
aug_05069,b_draw_2,project/training_data/training_masks/augmented_cards/aug_05069.png
aug_05070,r_draw_2,project/training_data/training_masks/augmented_cards/aug_05070.png
aug_05071,y_skip,project/training_data/training_masks/augmented_cards/aug_05071.png
aug_05072,y_reverse,project/training_data/training_masks/augmented_cards/aug_05072.png
aug_05073,y_0,project/training_data/training_masks/augmented_cards/aug_05073.png
aug_05074,g_draw_2,project/training_data/training_masks/augmented_cards/aug_05074.png
aug_05075,y_draw_2,project/training_data/training_masks/augmented_cards/aug_05075.png
aug_05076,b_3,project/training_data/training_masks/augmented_cards/aug_05076.png
aug_05077,b_2,project/training_data/training_masks/augmented_cards/aug_05077.png
aug_05078,g_3,project/training_data/training_masks/augmented_cards/aug_05078.png
aug_05079,r_3,project/training_data/training_masks/augmented_cards/aug_05079.png
aug_05080,g_2,project/training_data/training_masks/augmented_cards/aug_05080.png
aug_05081,g_1,project/training_data/training_masks/augmented_cards/aug_05081.png
aug_05082,b_1,project/training_data/training_masks/augmented_cards/aug_05082.png
aug_05083,r_2,project/training_data/training_masks/augmented_cards/aug_05083.png
aug_05084,y_3,project/training_data/training_masks/augmented_cards/aug_05084.png
aug_05085,r_1,project/training_data/training_masks/augmented_cards/aug_05085.png
aug_05086,y_2,project/training_data/training_masks/augmented_cards/aug_05086.png
aug_05087,y_1,project/training_data/training_masks/augmented_cards/aug_05087.png
aug_05088,g_6,project/training_data/training_masks/augmented_cards/aug_05088.png
aug_05089,g_5,project/training_data/training_masks/augmented_cards/aug_05089.png
aug_05090,b_5,project/training_data/training_masks/augmented_cards/aug_05090.png
aug_05091,b_6,project/training_data/training_masks/augmented_cards/aug_05091.png
aug_05092,r_6,project/training_data/training_masks/augmented_cards/aug_05092.png
aug_05093,b_4,project/training_data/training_masks/augmented_cards/aug_05093.png
aug_05094,g_4,project/training_data/training_masks/augmented_cards/aug_05094.png
aug_05095,r_5,project/training_data/training_masks/augmented_cards/aug_05095.png
aug_05096,r_4,project/training_data/training_masks/augmented_cards/aug_05096.png
aug_05097,y_6,project/training_data/training_masks/augmented_cards/aug_05097.png
aug_05098,y_4,project/training_data/training_masks/augmented_cards/aug_05098.png
aug_05099,y_5,project/training_data/training_masks/augmented_cards/aug_05099.png
aug_05100,b_9,project/training_data/training_masks/augmented_cards/aug_05100.png
aug_05101,g_7,project/training_data/training_masks/augmented_cards/aug_05101.png
aug_05102,r_9,project/training_data/training_masks/augmented_cards/aug_05102.png
aug_05103,r_8,project/training_data/training_masks/augmented_cards/aug_05103.png
aug_05104,b_7,project/training_data/training_masks/augmented_cards/aug_05104.png
aug_05105,wild,project/training_data/training_masks/augmented_cards/aug_05105.png
aug_05106,g_9,project/training_data/training_masks/augmented_cards/aug_05106.png
aug_05107,g_8,project/training_data/training_masks/augmented_cards/aug_05107.png
aug_05108,b_8,project/training_data/training_masks/augmented_cards/aug_05108.png
aug_05109,draw_4,project/training_data/training_masks/augmented_cards/aug_05109.png
aug_05110,r_7,project/training_data/training_masks/augmented_cards/aug_05110.png
aug_05111,y_9,project/training_data/training_masks/augmented_cards/aug_05111.png
aug_05112,y_7,project/training_data/training_masks/augmented_cards/aug_05112.png
aug_05113,y_8,project/training_data/training_masks/augmented_cards/aug_05113.png
aug_05114,g_skip,project/training_data/training_masks/augmented_cards/aug_05114.png
aug_05115,g_reverse,project/training_data/training_masks/augmented_cards/aug_05115.png
aug_05116,b_reverse,project/training_data/training_masks/augmented_cards/aug_05116.png
aug_05117,b_0,project/training_data/training_masks/augmented_cards/aug_05117.png
aug_05118,b_skip,project/training_data/training_masks/augmented_cards/aug_05118.png
aug_05119,r_skip,project/training_data/training_masks/augmented_cards/aug_05119.png
aug_05120,g_0,project/training_data/training_masks/augmented_cards/aug_05120.png
aug_05121,r_reverse,project/training_data/training_masks/augmented_cards/aug_05121.png
aug_05122,r_0,project/training_data/training_masks/augmented_cards/aug_05122.png
aug_05123,b_draw_2,project/training_data/training_masks/augmented_cards/aug_05123.png
aug_05124,r_draw_2,project/training_data/training_masks/augmented_cards/aug_05124.png
aug_05125,y_skip,project/training_data/training_masks/augmented_cards/aug_05125.png
aug_05126,y_reverse,project/training_data/training_masks/augmented_cards/aug_05126.png
aug_05127,y_0,project/training_data/training_masks/augmented_cards/aug_05127.png
aug_05128,g_draw_2,project/training_data/training_masks/augmented_cards/aug_05128.png
aug_05129,y_draw_2,project/training_data/training_masks/augmented_cards/aug_05129.png
aug_05130,b_3,project/training_data/training_masks/augmented_cards/aug_05130.png
aug_05131,b_2,project/training_data/training_masks/augmented_cards/aug_05131.png
aug_05132,g_3,project/training_data/training_masks/augmented_cards/aug_05132.png
aug_05133,r_3,project/training_data/training_masks/augmented_cards/aug_05133.png
aug_05134,g_2,project/training_data/training_masks/augmented_cards/aug_05134.png
aug_05135,g_1,project/training_data/training_masks/augmented_cards/aug_05135.png
aug_05136,b_1,project/training_data/training_masks/augmented_cards/aug_05136.png
aug_05137,r_2,project/training_data/training_masks/augmented_cards/aug_05137.png
aug_05138,y_3,project/training_data/training_masks/augmented_cards/aug_05138.png
aug_05139,r_1,project/training_data/training_masks/augmented_cards/aug_05139.png
aug_05140,y_2,project/training_data/training_masks/augmented_cards/aug_05140.png
aug_05141,y_1,project/training_data/training_masks/augmented_cards/aug_05141.png
aug_05142,g_6,project/training_data/training_masks/augmented_cards/aug_05142.png
aug_05143,g_5,project/training_data/training_masks/augmented_cards/aug_05143.png
aug_05144,b_5,project/training_data/training_masks/augmented_cards/aug_05144.png
aug_05145,b_6,project/training_data/training_masks/augmented_cards/aug_05145.png
aug_05146,r_6,project/training_data/training_masks/augmented_cards/aug_05146.png
aug_05147,b_4,project/training_data/training_masks/augmented_cards/aug_05147.png
aug_05148,g_4,project/training_data/training_masks/augmented_cards/aug_05148.png
aug_05149,r_5,project/training_data/training_masks/augmented_cards/aug_05149.png
aug_05150,r_4,project/training_data/training_masks/augmented_cards/aug_05150.png
aug_05151,y_6,project/training_data/training_masks/augmented_cards/aug_05151.png
aug_05152,y_4,project/training_data/training_masks/augmented_cards/aug_05152.png
aug_05153,y_5,project/training_data/training_masks/augmented_cards/aug_05153.png
aug_05154,b_9,project/training_data/training_masks/augmented_cards/aug_05154.png
aug_05155,g_7,project/training_data/training_masks/augmented_cards/aug_05155.png
aug_05156,r_9,project/training_data/training_masks/augmented_cards/aug_05156.png
aug_05157,r_8,project/training_data/training_masks/augmented_cards/aug_05157.png
aug_05158,b_7,project/training_data/training_masks/augmented_cards/aug_05158.png
aug_05159,wild,project/training_data/training_masks/augmented_cards/aug_05159.png
aug_05160,g_9,project/training_data/training_masks/augmented_cards/aug_05160.png
aug_05161,g_8,project/training_data/training_masks/augmented_cards/aug_05161.png
aug_05162,b_8,project/training_data/training_masks/augmented_cards/aug_05162.png
aug_05163,draw_4,project/training_data/training_masks/augmented_cards/aug_05163.png
aug_05164,r_7,project/training_data/training_masks/augmented_cards/aug_05164.png
aug_05165,y_9,project/training_data/training_masks/augmented_cards/aug_05165.png
aug_05166,y_7,project/training_data/training_masks/augmented_cards/aug_05166.png
aug_05167,y_8,project/training_data/training_masks/augmented_cards/aug_05167.png
aug_05168,g_skip,project/training_data/training_masks/augmented_cards/aug_05168.png
aug_05169,g_reverse,project/training_data/training_masks/augmented_cards/aug_05169.png
aug_05170,b_reverse,project/training_data/training_masks/augmented_cards/aug_05170.png
aug_05171,b_0,project/training_data/training_masks/augmented_cards/aug_05171.png
aug_05172,b_skip,project/training_data/training_masks/augmented_cards/aug_05172.png
aug_05173,r_skip,project/training_data/training_masks/augmented_cards/aug_05173.png
aug_05174,g_0,project/training_data/training_masks/augmented_cards/aug_05174.png
aug_05175,r_reverse,project/training_data/training_masks/augmented_cards/aug_05175.png
aug_05176,r_0,project/training_data/training_masks/augmented_cards/aug_05176.png
aug_05177,b_draw_2,project/training_data/training_masks/augmented_cards/aug_05177.png
aug_05178,r_draw_2,project/training_data/training_masks/augmented_cards/aug_05178.png
aug_05179,y_skip,project/training_data/training_masks/augmented_cards/aug_05179.png
aug_05180,y_reverse,project/training_data/training_masks/augmented_cards/aug_05180.png
aug_05181,y_0,project/training_data/training_masks/augmented_cards/aug_05181.png
aug_05182,g_draw_2,project/training_data/training_masks/augmented_cards/aug_05182.png
aug_05183,y_draw_2,project/training_data/training_masks/augmented_cards/aug_05183.png
aug_05184,b_3,project/training_data/training_masks/augmented_cards/aug_05184.png
aug_05185,b_2,project/training_data/training_masks/augmented_cards/aug_05185.png
aug_05186,g_3,project/training_data/training_masks/augmented_cards/aug_05186.png
aug_05187,r_3,project/training_data/training_masks/augmented_cards/aug_05187.png
aug_05188,g_2,project/training_data/training_masks/augmented_cards/aug_05188.png
aug_05189,g_1,project/training_data/training_masks/augmented_cards/aug_05189.png
aug_05190,b_1,project/training_data/training_masks/augmented_cards/aug_05190.png
aug_05191,r_2,project/training_data/training_masks/augmented_cards/aug_05191.png
aug_05192,y_3,project/training_data/training_masks/augmented_cards/aug_05192.png
aug_05193,r_1,project/training_data/training_masks/augmented_cards/aug_05193.png
aug_05194,y_2,project/training_data/training_masks/augmented_cards/aug_05194.png
aug_05195,y_1,project/training_data/training_masks/augmented_cards/aug_05195.png
aug_05196,g_6,project/training_data/training_masks/augmented_cards/aug_05196.png
aug_05197,g_5,project/training_data/training_masks/augmented_cards/aug_05197.png
aug_05198,b_5,project/training_data/training_masks/augmented_cards/aug_05198.png
aug_05199,b_6,project/training_data/training_masks/augmented_cards/aug_05199.png
aug_05200,r_6,project/training_data/training_masks/augmented_cards/aug_05200.png
aug_05201,b_4,project/training_data/training_masks/augmented_cards/aug_05201.png
aug_05202,g_4,project/training_data/training_masks/augmented_cards/aug_05202.png
aug_05203,r_5,project/training_data/training_masks/augmented_cards/aug_05203.png
aug_05204,r_4,project/training_data/training_masks/augmented_cards/aug_05204.png
aug_05205,y_6,project/training_data/training_masks/augmented_cards/aug_05205.png
aug_05206,y_4,project/training_data/training_masks/augmented_cards/aug_05206.png
aug_05207,y_5,project/training_data/training_masks/augmented_cards/aug_05207.png
aug_05208,b_9,project/training_data/training_masks/augmented_cards/aug_05208.png
aug_05209,g_7,project/training_data/training_masks/augmented_cards/aug_05209.png
aug_05210,r_9,project/training_data/training_masks/augmented_cards/aug_05210.png
aug_05211,r_8,project/training_data/training_masks/augmented_cards/aug_05211.png
aug_05212,b_7,project/training_data/training_masks/augmented_cards/aug_05212.png
aug_05213,wild,project/training_data/training_masks/augmented_cards/aug_05213.png
aug_05214,g_9,project/training_data/training_masks/augmented_cards/aug_05214.png
aug_05215,g_8,project/training_data/training_masks/augmented_cards/aug_05215.png
aug_05216,b_8,project/training_data/training_masks/augmented_cards/aug_05216.png
aug_05217,draw_4,project/training_data/training_masks/augmented_cards/aug_05217.png
aug_05218,r_7,project/training_data/training_masks/augmented_cards/aug_05218.png
aug_05219,y_9,project/training_data/training_masks/augmented_cards/aug_05219.png
aug_05220,y_7,project/training_data/training_masks/augmented_cards/aug_05220.png
aug_05221,y_8,project/training_data/training_masks/augmented_cards/aug_05221.png
aug_05222,g_skip,project/training_data/training_masks/augmented_cards/aug_05222.png
aug_05223,g_reverse,project/training_data/training_masks/augmented_cards/aug_05223.png
aug_05224,b_reverse,project/training_data/training_masks/augmented_cards/aug_05224.png
aug_05225,b_0,project/training_data/training_masks/augmented_cards/aug_05225.png
aug_05226,b_skip,project/training_data/training_masks/augmented_cards/aug_05226.png
aug_05227,r_skip,project/training_data/training_masks/augmented_cards/aug_05227.png
aug_05228,g_0,project/training_data/training_masks/augmented_cards/aug_05228.png
aug_05229,r_reverse,project/training_data/training_masks/augmented_cards/aug_05229.png
aug_05230,r_0,project/training_data/training_masks/augmented_cards/aug_05230.png
aug_05231,b_draw_2,project/training_data/training_masks/augmented_cards/aug_05231.png
aug_05232,r_draw_2,project/training_data/training_masks/augmented_cards/aug_05232.png
aug_05233,y_skip,project/training_data/training_masks/augmented_cards/aug_05233.png
aug_05234,y_reverse,project/training_data/training_masks/augmented_cards/aug_05234.png
aug_05235,y_0,project/training_data/training_masks/augmented_cards/aug_05235.png
aug_05236,g_draw_2,project/training_data/training_masks/augmented_cards/aug_05236.png
aug_05237,y_draw_2,project/training_data/training_masks/augmented_cards/aug_05237.png
aug_05238,b_3,project/training_data/training_masks/augmented_cards/aug_05238.png
aug_05239,b_2,project/training_data/training_masks/augmented_cards/aug_05239.png
aug_05240,g_3,project/training_data/training_masks/augmented_cards/aug_05240.png
aug_05241,r_3,project/training_data/training_masks/augmented_cards/aug_05241.png
aug_05242,g_2,project/training_data/training_masks/augmented_cards/aug_05242.png
aug_05243,g_1,project/training_data/training_masks/augmented_cards/aug_05243.png
aug_05244,b_1,project/training_data/training_masks/augmented_cards/aug_05244.png
aug_05245,r_2,project/training_data/training_masks/augmented_cards/aug_05245.png
aug_05246,y_3,project/training_data/training_masks/augmented_cards/aug_05246.png
aug_05247,r_1,project/training_data/training_masks/augmented_cards/aug_05247.png
aug_05248,y_2,project/training_data/training_masks/augmented_cards/aug_05248.png
aug_05249,y_1,project/training_data/training_masks/augmented_cards/aug_05249.png
aug_05250,g_6,project/training_data/training_masks/augmented_cards/aug_05250.png
aug_05251,g_5,project/training_data/training_masks/augmented_cards/aug_05251.png
aug_05252,b_5,project/training_data/training_masks/augmented_cards/aug_05252.png
aug_05253,b_6,project/training_data/training_masks/augmented_cards/aug_05253.png
aug_05254,r_6,project/training_data/training_masks/augmented_cards/aug_05254.png
aug_05255,b_4,project/training_data/training_masks/augmented_cards/aug_05255.png
aug_05256,g_4,project/training_data/training_masks/augmented_cards/aug_05256.png
aug_05257,r_5,project/training_data/training_masks/augmented_cards/aug_05257.png
aug_05258,r_4,project/training_data/training_masks/augmented_cards/aug_05258.png
aug_05259,y_6,project/training_data/training_masks/augmented_cards/aug_05259.png
aug_05260,y_4,project/training_data/training_masks/augmented_cards/aug_05260.png
aug_05261,y_5,project/training_data/training_masks/augmented_cards/aug_05261.png
aug_05262,b_9,project/training_data/training_masks/augmented_cards/aug_05262.png
aug_05263,g_7,project/training_data/training_masks/augmented_cards/aug_05263.png
aug_05264,r_9,project/training_data/training_masks/augmented_cards/aug_05264.png
aug_05265,r_8,project/training_data/training_masks/augmented_cards/aug_05265.png
aug_05266,b_7,project/training_data/training_masks/augmented_cards/aug_05266.png
aug_05267,wild,project/training_data/training_masks/augmented_cards/aug_05267.png
aug_05268,g_9,project/training_data/training_masks/augmented_cards/aug_05268.png
aug_05269,g_8,project/training_data/training_masks/augmented_cards/aug_05269.png
aug_05270,b_8,project/training_data/training_masks/augmented_cards/aug_05270.png
aug_05271,draw_4,project/training_data/training_masks/augmented_cards/aug_05271.png
aug_05272,r_7,project/training_data/training_masks/augmented_cards/aug_05272.png
aug_05273,y_9,project/training_data/training_masks/augmented_cards/aug_05273.png
aug_05274,y_7,project/training_data/training_masks/augmented_cards/aug_05274.png
aug_05275,y_8,project/training_data/training_masks/augmented_cards/aug_05275.png
aug_05276,g_skip,project/training_data/training_masks/augmented_cards/aug_05276.png
aug_05277,g_reverse,project/training_data/training_masks/augmented_cards/aug_05277.png
aug_05278,b_reverse,project/training_data/training_masks/augmented_cards/aug_05278.png
aug_05279,b_0,project/training_data/training_masks/augmented_cards/aug_05279.png
aug_05280,b_skip,project/training_data/training_masks/augmented_cards/aug_05280.png
aug_05281,r_skip,project/training_data/training_masks/augmented_cards/aug_05281.png
aug_05282,g_0,project/training_data/training_masks/augmented_cards/aug_05282.png
aug_05283,r_reverse,project/training_data/training_masks/augmented_cards/aug_05283.png
aug_05284,r_0,project/training_data/training_masks/augmented_cards/aug_05284.png
aug_05285,b_draw_2,project/training_data/training_masks/augmented_cards/aug_05285.png
aug_05286,r_draw_2,project/training_data/training_masks/augmented_cards/aug_05286.png
aug_05287,y_skip,project/training_data/training_masks/augmented_cards/aug_05287.png
aug_05288,y_reverse,project/training_data/training_masks/augmented_cards/aug_05288.png
aug_05289,y_0,project/training_data/training_masks/augmented_cards/aug_05289.png
aug_05290,g_draw_2,project/training_data/training_masks/augmented_cards/aug_05290.png
aug_05291,y_draw_2,project/training_data/training_masks/augmented_cards/aug_05291.png
aug_05292,b_3,project/training_data/training_masks/augmented_cards/aug_05292.png
aug_05293,b_2,project/training_data/training_masks/augmented_cards/aug_05293.png
aug_05294,g_3,project/training_data/training_masks/augmented_cards/aug_05294.png
aug_05295,r_3,project/training_data/training_masks/augmented_cards/aug_05295.png
aug_05296,g_2,project/training_data/training_masks/augmented_cards/aug_05296.png
aug_05297,g_1,project/training_data/training_masks/augmented_cards/aug_05297.png
aug_05298,b_1,project/training_data/training_masks/augmented_cards/aug_05298.png
aug_05299,r_2,project/training_data/training_masks/augmented_cards/aug_05299.png
aug_05300,y_3,project/training_data/training_masks/augmented_cards/aug_05300.png
aug_05301,r_1,project/training_data/training_masks/augmented_cards/aug_05301.png
aug_05302,y_2,project/training_data/training_masks/augmented_cards/aug_05302.png
aug_05303,y_1,project/training_data/training_masks/augmented_cards/aug_05303.png
aug_05304,g_6,project/training_data/training_masks/augmented_cards/aug_05304.png
aug_05305,g_5,project/training_data/training_masks/augmented_cards/aug_05305.png
aug_05306,b_5,project/training_data/training_masks/augmented_cards/aug_05306.png
aug_05307,b_6,project/training_data/training_masks/augmented_cards/aug_05307.png
aug_05308,r_6,project/training_data/training_masks/augmented_cards/aug_05308.png
aug_05309,b_4,project/training_data/training_masks/augmented_cards/aug_05309.png
aug_05310,g_4,project/training_data/training_masks/augmented_cards/aug_05310.png
aug_05311,r_5,project/training_data/training_masks/augmented_cards/aug_05311.png
aug_05312,r_4,project/training_data/training_masks/augmented_cards/aug_05312.png
aug_05313,y_6,project/training_data/training_masks/augmented_cards/aug_05313.png
aug_05314,y_4,project/training_data/training_masks/augmented_cards/aug_05314.png
aug_05315,y_5,project/training_data/training_masks/augmented_cards/aug_05315.png
aug_05316,b_9,project/training_data/training_masks/augmented_cards/aug_05316.png
aug_05317,g_7,project/training_data/training_masks/augmented_cards/aug_05317.png
aug_05318,r_9,project/training_data/training_masks/augmented_cards/aug_05318.png
aug_05319,r_8,project/training_data/training_masks/augmented_cards/aug_05319.png
aug_05320,b_7,project/training_data/training_masks/augmented_cards/aug_05320.png
aug_05321,wild,project/training_data/training_masks/augmented_cards/aug_05321.png
aug_05322,g_9,project/training_data/training_masks/augmented_cards/aug_05322.png
aug_05323,g_8,project/training_data/training_masks/augmented_cards/aug_05323.png
aug_05324,b_8,project/training_data/training_masks/augmented_cards/aug_05324.png
aug_05325,draw_4,project/training_data/training_masks/augmented_cards/aug_05325.png
aug_05326,r_7,project/training_data/training_masks/augmented_cards/aug_05326.png
aug_05327,y_9,project/training_data/training_masks/augmented_cards/aug_05327.png
aug_05328,y_7,project/training_data/training_masks/augmented_cards/aug_05328.png
aug_05329,y_8,project/training_data/training_masks/augmented_cards/aug_05329.png
aug_05330,g_skip,project/training_data/training_masks/augmented_cards/aug_05330.png
aug_05331,g_reverse,project/training_data/training_masks/augmented_cards/aug_05331.png
aug_05332,b_reverse,project/training_data/training_masks/augmented_cards/aug_05332.png
aug_05333,b_0,project/training_data/training_masks/augmented_cards/aug_05333.png
aug_05334,b_skip,project/training_data/training_masks/augmented_cards/aug_05334.png
aug_05335,r_skip,project/training_data/training_masks/augmented_cards/aug_05335.png
aug_05336,g_0,project/training_data/training_masks/augmented_cards/aug_05336.png
aug_05337,r_reverse,project/training_data/training_masks/augmented_cards/aug_05337.png
aug_05338,r_0,project/training_data/training_masks/augmented_cards/aug_05338.png
aug_05339,b_draw_2,project/training_data/training_masks/augmented_cards/aug_05339.png
aug_05340,r_draw_2,project/training_data/training_masks/augmented_cards/aug_05340.png
aug_05341,y_skip,project/training_data/training_masks/augmented_cards/aug_05341.png
aug_05342,y_reverse,project/training_data/training_masks/augmented_cards/aug_05342.png
aug_05343,y_0,project/training_data/training_masks/augmented_cards/aug_05343.png
aug_05344,g_draw_2,project/training_data/training_masks/augmented_cards/aug_05344.png
aug_05345,y_draw_2,project/training_data/training_masks/augmented_cards/aug_05345.png
aug_05346,b_3,project/training_data/training_masks/augmented_cards/aug_05346.png
aug_05347,b_2,project/training_data/training_masks/augmented_cards/aug_05347.png
aug_05348,g_3,project/training_data/training_masks/augmented_cards/aug_05348.png
aug_05349,r_3,project/training_data/training_masks/augmented_cards/aug_05349.png
aug_05350,g_2,project/training_data/training_masks/augmented_cards/aug_05350.png
aug_05351,g_1,project/training_data/training_masks/augmented_cards/aug_05351.png
aug_05352,b_1,project/training_data/training_masks/augmented_cards/aug_05352.png
aug_05353,r_2,project/training_data/training_masks/augmented_cards/aug_05353.png
aug_05354,y_3,project/training_data/training_masks/augmented_cards/aug_05354.png
aug_05355,r_1,project/training_data/training_masks/augmented_cards/aug_05355.png
aug_05356,y_2,project/training_data/training_masks/augmented_cards/aug_05356.png
aug_05357,y_1,project/training_data/training_masks/augmented_cards/aug_05357.png
aug_05358,g_6,project/training_data/training_masks/augmented_cards/aug_05358.png
aug_05359,g_5,project/training_data/training_masks/augmented_cards/aug_05359.png
aug_05360,b_5,project/training_data/training_masks/augmented_cards/aug_05360.png
aug_05361,b_6,project/training_data/training_masks/augmented_cards/aug_05361.png
aug_05362,r_6,project/training_data/training_masks/augmented_cards/aug_05362.png
aug_05363,b_4,project/training_data/training_masks/augmented_cards/aug_05363.png
aug_05364,g_4,project/training_data/training_masks/augmented_cards/aug_05364.png
aug_05365,r_5,project/training_data/training_masks/augmented_cards/aug_05365.png
aug_05366,r_4,project/training_data/training_masks/augmented_cards/aug_05366.png
aug_05367,y_6,project/training_data/training_masks/augmented_cards/aug_05367.png
aug_05368,y_4,project/training_data/training_masks/augmented_cards/aug_05368.png
aug_05369,y_5,project/training_data/training_masks/augmented_cards/aug_05369.png
aug_05370,b_9,project/training_data/training_masks/augmented_cards/aug_05370.png
aug_05371,g_7,project/training_data/training_masks/augmented_cards/aug_05371.png
aug_05372,r_9,project/training_data/training_masks/augmented_cards/aug_05372.png
aug_05373,r_8,project/training_data/training_masks/augmented_cards/aug_05373.png
aug_05374,b_7,project/training_data/training_masks/augmented_cards/aug_05374.png
aug_05375,wild,project/training_data/training_masks/augmented_cards/aug_05375.png
aug_05376,g_9,project/training_data/training_masks/augmented_cards/aug_05376.png
aug_05377,g_8,project/training_data/training_masks/augmented_cards/aug_05377.png
aug_05378,b_8,project/training_data/training_masks/augmented_cards/aug_05378.png
aug_05379,draw_4,project/training_data/training_masks/augmented_cards/aug_05379.png
aug_05380,r_7,project/training_data/training_masks/augmented_cards/aug_05380.png
aug_05381,y_9,project/training_data/training_masks/augmented_cards/aug_05381.png
aug_05382,y_7,project/training_data/training_masks/augmented_cards/aug_05382.png
aug_05383,y_8,project/training_data/training_masks/augmented_cards/aug_05383.png
aug_05384,g_skip,project/training_data/training_masks/augmented_cards/aug_05384.png
aug_05385,g_reverse,project/training_data/training_masks/augmented_cards/aug_05385.png
aug_05386,b_reverse,project/training_data/training_masks/augmented_cards/aug_05386.png
aug_05387,b_0,project/training_data/training_masks/augmented_cards/aug_05387.png
aug_05388,b_skip,project/training_data/training_masks/augmented_cards/aug_05388.png
aug_05389,r_skip,project/training_data/training_masks/augmented_cards/aug_05389.png
aug_05390,g_0,project/training_data/training_masks/augmented_cards/aug_05390.png
aug_05391,r_reverse,project/training_data/training_masks/augmented_cards/aug_05391.png
aug_05392,r_0,project/training_data/training_masks/augmented_cards/aug_05392.png
aug_05393,b_draw_2,project/training_data/training_masks/augmented_cards/aug_05393.png
aug_05394,r_draw_2,project/training_data/training_masks/augmented_cards/aug_05394.png
aug_05395,y_skip,project/training_data/training_masks/augmented_cards/aug_05395.png
aug_05396,y_reverse,project/training_data/training_masks/augmented_cards/aug_05396.png
aug_05397,y_0,project/training_data/training_masks/augmented_cards/aug_05397.png
aug_05398,g_draw_2,project/training_data/training_masks/augmented_cards/aug_05398.png
aug_05399,y_draw_2,project/training_data/training_masks/augmented_cards/aug_05399.png
